[2025-05-08 14:28:00] local.ERROR: Target class [Controller] does not exist. {"exception":"[object] (Illuminate\\Contracts\\Container\\BindingResolutionException(code: 0): Target class [Controller] does not exist. at D:\\Larapel project\\Kelas_B_WEB2\\Sri_Enri_Anandayani\\Lap1Portofolio\\vendor\\laravel\\framework\\src\\Illuminate\\Container\\Container.php:1019)
[stacktrace]
#0 D:\\Larapel project\\Kelas_B_WEB2\\Sri_Enri_Anandayani\\Lap1Portofolio\\vendor\\laravel\\framework\\src\\Illuminate\\Container\\Container.php(890): Illuminate\\Container\\Container->build('Controller')
#1 D:\\Larapel project\\Kelas_B_WEB2\\Sri_Enri_Anandayani\\Lap1Portofolio\\vendor\\laravel\\framework\\src\\Illuminate\\Foundation\\Application.php(1077): Illuminate\\Container\\Container->resolve('Controller', Array, true)
#2 D:\\Larapel project\\Kelas_B_WEB2\\Sri_Enri_Anandayani\\Lap1Portofolio\\vendor\\laravel\\framework\\src\\Illuminate\\Container\\Container.php(821): Illuminate\\Foundation\\Application->resolve('Controller', Array)
#3 D:\\Larapel project\\Kelas_B_WEB2\\Sri_Enri_Anandayani\\Lap1Portofolio\\vendor\\laravel\\framework\\src\\Illuminate\\Foundation\\Application.php(1057): Illuminate\\Container\\Container->make('Controller', Array)
#4 D:\\Larapel project\\Kelas_B_WEB2\\Sri_Enri_Anandayani\\Lap1Portofolio\\vendor\\laravel\\framework\\src\\Illuminate\\Routing\\Route.php(286): Illuminate\\Foundation\\Application->make('Controller')
#5 D:\\Larapel project\\Kelas_B_WEB2\\Sri_Enri_Anandayani\\Lap1Portofolio\\vendor\\laravel\\framework\\src\\Illuminate\\Routing\\Route.php(266): Illuminate\\Routing\\Route->getController()
#6 D:\\Larapel project\\Kelas_B_WEB2\\Sri_Enri_Anandayani\\Lap1Portofolio\\vendor\\laravel\\framework\\src\\Illuminate\\Routing\\Route.php(211): Illuminate\\Routing\\Route->runController()
#7 D:\\Larapel project\\Kelas_B_WEB2\\Sri_Enri_Anandayani\\Lap1Portofolio\\vendor\\laravel\\framework\\src\\Illuminate\\Routing\\Router.php(808): Illuminate\\Routing\\Route->run()
#8 D:\\Larapel project\\Kelas_B_WEB2\\Sri_Enri_Anandayani\\Lap1Portofolio\\vendor\\laravel\\framework\\src\\Illuminate\\Pipeline\\Pipeline.php(169): Illuminate\\Routing\\Router->Illuminate\\Routing\\{closure}(Object(Illuminate\\Http\\Request))
#9 D:\\Larapel project\\Kelas_B_WEB2\\Sri_Enri_Anandayani\\Lap1Portofolio\\vendor\\laravel\\framework\\src\\Illuminate\\Routing\\Middleware\\SubstituteBindings.php(50): Illuminate\\Pipeline\\Pipeline->Illuminate\\Pipeline\\{closure}(Object(Illuminate\\Http\\Request))
#10 D:\\Larapel project\\Kelas_B_WEB2\\Sri_Enri_Anandayani\\Lap1Portofolio\\vendor\\laravel\\framework\\src\\Illuminate\\Pipeline\\Pipeline.php(208): Illuminate\\Routing\\Middleware\\SubstituteBindings->handle(Object(Illuminate\\Http\\Request), Object(Closure))
#11 D:\\Larapel project\\Kelas_B_WEB2\\Sri_Enri_Anandayani\\Lap1Portofolio\\vendor\\laravel\\framework\\src\\Illuminate\\Foundation\\Http\\Middleware\\VerifyCsrfToken.php(87): Illuminate\\Pipeline\\Pipeline->Illuminate\\Pipeline\\{closure}(Object(Illuminate\\Http\\Request))
#12 D:\\Larapel project\\Kelas_B_WEB2\\Sri_Enri_Anandayani\\Lap1Portofolio\\vendor\\laravel\\framework\\src\\Illuminate\\Pipeline\\Pipeline.php(208): Illuminate\\Foundation\\Http\\Middleware\\VerifyCsrfToken->handle(Object(Illuminate\\Http\\Request), Object(Closure))
#13 D:\\Larapel project\\Kelas_B_WEB2\\Sri_Enri_Anandayani\\Lap1Portofolio\\vendor\\laravel\\framework\\src\\Illuminate\\View\\Middleware\\ShareErrorsFromSession.php(48): Illuminate\\Pipeline\\Pipeline->Illuminate\\Pipeline\\{closure}(Object(Illuminate\\Http\\Request))
#14 D:\\Larapel project\\Kelas_B_WEB2\\Sri_Enri_Anandayani\\Lap1Portofolio\\vendor\\laravel\\framework\\src\\Illuminate\\Pipeline\\Pipeline.php(208): Illuminate\\View\\Middleware\\ShareErrorsFromSession->handle(Object(Illuminate\\Http\\Request), Object(Closure))
#15 D:\\Larapel project\\Kelas_B_WEB2\\Sri_Enri_Anandayani\\Lap1Portofolio\\vendor\\laravel\\framework\\src\\Illuminate\\Session\\Middleware\\StartSession.php(120): Illuminate\\Pipeline\\Pipeline->Illuminate\\Pipeline\\{closure}(Object(Illuminate\\Http\\Request))
#16 D:\\Larapel project\\Kelas_B_WEB2\\Sri_Enri_Anandayani\\Lap1Portofolio\\vendor\\laravel\\framework\\src\\Illuminate\\Session\\Middleware\\StartSession.php(63): Illuminate\\Session\\Middleware\\StartSession->handleStatefulRequest(Object(Illuminate\\Http\\Request), Object(Illuminate\\Session\\Store), Object(Closure))
#17 D:\\Larapel project\\Kelas_B_WEB2\\Sri_Enri_Anandayani\\Lap1Portofolio\\vendor\\laravel\\framework\\src\\Illuminate\\Pipeline\\Pipeline.php(208): Illuminate\\Session\\Middleware\\StartSession->handle(Object(Illuminate\\Http\\Request), Object(Closure))
#18 D:\\Larapel project\\Kelas_B_WEB2\\Sri_Enri_Anandayani\\Lap1Portofolio\\vendor\\laravel\\framework\\src\\Illuminate\\Cookie\\Middleware\\AddQueuedCookiesToResponse.php(36): Illuminate\\Pipeline\\Pipeline->Illuminate\\Pipeline\\{closure}(Object(Illuminate\\Http\\Request))
#19 D:\\Larapel project\\Kelas_B_WEB2\\Sri_Enri_Anandayani\\Lap1Portofolio\\vendor\\laravel\\framework\\src\\Illuminate\\Pipeline\\Pipeline.php(208): Illuminate\\Cookie\\Middleware\\AddQueuedCookiesToResponse->handle(Object(Illuminate\\Http\\Request), Object(Closure))
#20 D:\\Larapel project\\Kelas_B_WEB2\\Sri_Enri_Anandayani\\Lap1Portofolio\\vendor\\laravel\\framework\\src\\Illuminate\\Cookie\\Middleware\\EncryptCookies.php(74): Illuminate\\Pipeline\\Pipeline->Illuminate\\Pipeline\\{closure}(Object(Illuminate\\Http\\Request))
#21 D:\\Larapel project\\Kelas_B_WEB2\\Sri_Enri_Anandayani\\Lap1Portofolio\\vendor\\laravel\\framework\\src\\Illuminate\\Pipeline\\Pipeline.php(208): Illuminate\\Cookie\\Middleware\\EncryptCookies->handle(Object(Illuminate\\Http\\Request), Object(Closure))
#22 D:\\Larapel project\\Kelas_B_WEB2\\Sri_Enri_Anandayani\\Lap1Portofolio\\vendor\\laravel\\framework\\src\\Illuminate\\Pipeline\\Pipeline.php(126): Illuminate\\Pipeline\\Pipeline->Illuminate\\Pipeline\\{closure}(Object(Illuminate\\Http\\Request))
#23 D:\\Larapel project\\Kelas_B_WEB2\\Sri_Enri_Anandayani\\Lap1Portofolio\\vendor\\laravel\\framework\\src\\Illuminate\\Routing\\Router.php(807): Illuminate\\Pipeline\\Pipeline->then(Object(Closure))
#24 D:\\Larapel project\\Kelas_B_WEB2\\Sri_Enri_Anandayani\\Lap1Portofolio\\vendor\\laravel\\framework\\src\\Illuminate\\Routing\\Router.php(786): Illuminate\\Routing\\Router->runRouteWithinStack(Object(Illuminate\\Routing\\Route), Object(Illuminate\\Http\\Request))
#25 D:\\Larapel project\\Kelas_B_WEB2\\Sri_Enri_Anandayani\\Lap1Portofolio\\vendor\\laravel\\framework\\src\\Illuminate\\Routing\\Router.php(750): Illuminate\\Routing\\Router->runRoute(Object(Illuminate\\Http\\Request), Object(Illuminate\\Routing\\Route))
#26 D:\\Larapel project\\Kelas_B_WEB2\\Sri_Enri_Anandayani\\Lap1Portofolio\\vendor\\laravel\\framework\\src\\Illuminate\\Routing\\Router.php(739): Illuminate\\Routing\\Router->dispatchToRoute(Object(Illuminate\\Http\\Request))
#27 D:\\Larapel project\\Kelas_B_WEB2\\Sri_Enri_Anandayani\\Lap1Portofolio\\vendor\\laravel\\framework\\src\\Illuminate\\Foundation\\Http\\Kernel.php(200): Illuminate\\Routing\\Router->dispatch(Object(Illuminate\\Http\\Request))
#28 D:\\Larapel project\\Kelas_B_WEB2\\Sri_Enri_Anandayani\\Lap1Portofolio\\vendor\\laravel\\framework\\src\\Illuminate\\Pipeline\\Pipeline.php(169): Illuminate\\Foundation\\Http\\Kernel->Illuminate\\Foundation\\Http\\{closure}(Object(Illuminate\\Http\\Request))
#29 D:\\Larapel project\\Kelas_B_WEB2\\Sri_Enri_Anandayani\\Lap1Portofolio\\vendor\\laravel\\framework\\src\\Illuminate\\Foundation\\Http\\Middleware\\TransformsRequest.php(21): Illuminate\\Pipeline\\Pipeline->Illuminate\\Pipeline\\{closure}(Object(Illuminate\\Http\\Request))
#30 D:\\Larapel project\\Kelas_B_WEB2\\Sri_Enri_Anandayani\\Lap1Portofolio\\vendor\\laravel\\framework\\src\\Illuminate\\Foundation\\Http\\Middleware\\ConvertEmptyStringsToNull.php(31): Illuminate\\Foundation\\Http\\Middleware\\TransformsRequest->handle(Object(Illuminate\\Http\\Request), Object(Closure))
#31 D:\\Larapel project\\Kelas_B_WEB2\\Sri_Enri_Anandayani\\Lap1Portofolio\\vendor\\laravel\\framework\\src\\Illuminate\\Pipeline\\Pipeline.php(208): Illuminate\\Foundation\\Http\\Middleware\\ConvertEmptyStringsToNull->handle(Object(Illuminate\\Http\\Request), Object(Closure))
#32 D:\\Larapel project\\Kelas_B_WEB2\\Sri_Enri_Anandayani\\Lap1Portofolio\\vendor\\laravel\\framework\\src\\Illuminate\\Foundation\\Http\\Middleware\\TransformsRequest.php(21): Illuminate\\Pipeline\\Pipeline->Illuminate\\Pipeline\\{closure}(Object(Illuminate\\Http\\Request))
#33 D:\\Larapel project\\Kelas_B_WEB2\\Sri_Enri_Anandayani\\Lap1Portofolio\\vendor\\laravel\\framework\\src\\Illuminate\\Foundation\\Http\\Middleware\\TrimStrings.php(51): Illuminate\\Foundation\\Http\\Middleware\\TransformsRequest->handle(Object(Illuminate\\Http\\Request), Object(Closure))
#34 D:\\Larapel project\\Kelas_B_WEB2\\Sri_Enri_Anandayani\\Lap1Portofolio\\vendor\\laravel\\framework\\src\\Illuminate\\Pipeline\\Pipeline.php(208): Illuminate\\Foundation\\Http\\Middleware\\TrimStrings->handle(Object(Illuminate\\Http\\Request), Object(Closure))
#35 D:\\Larapel project\\Kelas_B_WEB2\\Sri_Enri_Anandayani\\Lap1Portofolio\\vendor\\laravel\\framework\\src\\Illuminate\\Http\\Middleware\\ValidatePostSize.php(27): Illuminate\\Pipeline\\Pipeline->Illuminate\\Pipeline\\{closure}(Object(Illuminate\\Http\\Request))
#36 D:\\Larapel project\\Kelas_B_WEB2\\Sri_Enri_Anandayani\\Lap1Portofolio\\vendor\\laravel\\framework\\src\\Illuminate\\Pipeline\\Pipeline.php(208): Illuminate\\Http\\Middleware\\ValidatePostSize->handle(Object(Illuminate\\Http\\Request), Object(Closure))
#37 D:\\Larapel project\\Kelas_B_WEB2\\Sri_Enri_Anandayani\\Lap1Portofolio\\vendor\\laravel\\framework\\src\\Illuminate\\Foundation\\Http\\Middleware\\PreventRequestsDuringMaintenance.php(109): Illuminate\\Pipeline\\Pipeline->Illuminate\\Pipeline\\{closure}(Object(Illuminate\\Http\\Request))
#38 D:\\Larapel project\\Kelas_B_WEB2\\Sri_Enri_Anandayani\\Lap1Portofolio\\vendor\\laravel\\framework\\src\\Illuminate\\Pipeline\\Pipeline.php(208): Illuminate\\Foundation\\Http\\Middleware\\PreventRequestsDuringMaintenance->handle(Object(Illuminate\\Http\\Request), Object(Closure))
#39 D:\\Larapel project\\Kelas_B_WEB2\\Sri_Enri_Anandayani\\Lap1Portofolio\\vendor\\laravel\\framework\\src\\Illuminate\\Http\\Middleware\\HandleCors.php(48): Illuminate\\Pipeline\\Pipeline->Illuminate\\Pipeline\\{closure}(Object(Illuminate\\Http\\Request))
#40 D:\\Larapel project\\Kelas_B_WEB2\\Sri_Enri_Anandayani\\Lap1Portofolio\\vendor\\laravel\\framework\\src\\Illuminate\\Pipeline\\Pipeline.php(208): Illuminate\\Http\\Middleware\\HandleCors->handle(Object(Illuminate\\Http\\Request), Object(Closure))
#41 D:\\Larapel project\\Kelas_B_WEB2\\Sri_Enri_Anandayani\\Lap1Portofolio\\vendor\\laravel\\framework\\src\\Illuminate\\Http\\Middleware\\TrustProxies.php(58): Illuminate\\Pipeline\\Pipeline->Illuminate\\Pipeline\\{closure}(Object(Illuminate\\Http\\Request))
#42 D:\\Larapel project\\Kelas_B_WEB2\\Sri_Enri_Anandayani\\Lap1Portofolio\\vendor\\laravel\\framework\\src\\Illuminate\\Pipeline\\Pipeline.php(208): Illuminate\\Http\\Middleware\\TrustProxies->handle(Object(Illuminate\\Http\\Request), Object(Closure))
#43 D:\\Larapel project\\Kelas_B_WEB2\\Sri_Enri_Anandayani\\Lap1Portofolio\\vendor\\laravel\\framework\\src\\Illuminate\\Foundation\\Http\\Middleware\\InvokeDeferredCallbacks.php(22): Illuminate\\Pipeline\\Pipeline->Illuminate\\Pipeline\\{closure}(Object(Illuminate\\Http\\Request))
#44 D:\\Larapel project\\Kelas_B_WEB2\\Sri_Enri_Anandayani\\Lap1Portofolio\\vendor\\laravel\\framework\\src\\Illuminate\\Pipeline\\Pipeline.php(208): Illuminate\\Foundation\\Http\\Middleware\\InvokeDeferredCallbacks->handle(Object(Illuminate\\Http\\Request), Object(Closure))
#45 D:\\Larapel project\\Kelas_B_WEB2\\Sri_Enri_Anandayani\\Lap1Portofolio\\vendor\\laravel\\framework\\src\\Illuminate\\Http\\Middleware\\ValidatePathEncoding.php(26): Illuminate\\Pipeline\\Pipeline->Illuminate\\Pipeline\\{closure}(Object(Illuminate\\Http\\Request))
#46 D:\\Larapel project\\Kelas_B_WEB2\\Sri_Enri_Anandayani\\Lap1Portofolio\\vendor\\laravel\\framework\\src\\Illuminate\\Pipeline\\Pipeline.php(208): Illuminate\\Http\\Middleware\\ValidatePathEncoding->handle(Object(Illuminate\\Http\\Request), Object(Closure))
#47 D:\\Larapel project\\Kelas_B_WEB2\\Sri_Enri_Anandayani\\Lap1Portofolio\\vendor\\laravel\\framework\\src\\Illuminate\\Pipeline\\Pipeline.php(126): Illuminate\\Pipeline\\Pipeline->Illuminate\\Pipeline\\{closure}(Object(Illuminate\\Http\\Request))
#48 D:\\Larapel project\\Kelas_B_WEB2\\Sri_Enri_Anandayani\\Lap1Portofolio\\vendor\\laravel\\framework\\src\\Illuminate\\Foundation\\Http\\Kernel.php(175): Illuminate\\Pipeline\\Pipeline->then(Object(Closure))
#49 D:\\Larapel project\\Kelas_B_WEB2\\Sri_Enri_Anandayani\\Lap1Portofolio\\vendor\\laravel\\framework\\src\\Illuminate\\Foundation\\Http\\Kernel.php(144): Illuminate\\Foundation\\Http\\Kernel->sendRequestThroughRouter(Object(Illuminate\\Http\\Request))
#50 D:\\Larapel project\\Kelas_B_WEB2\\Sri_Enri_Anandayani\\Lap1Portofolio\\vendor\\laravel\\framework\\src\\Illuminate\\Foundation\\Application.php(1219): Illuminate\\Foundation\\Http\\Kernel->handle(Object(Illuminate\\Http\\Request))
#51 D:\\Larapel project\\Kelas_B_WEB2\\Sri_Enri_Anandayani\\Lap1Portofolio\\public\\index.php(20): Illuminate\\Foundation\\Application->handleRequest(Object(Illuminate\\Http\\Request))
#52 D:\\Larapel project\\Kelas_B_WEB2\\Sri_Enri_Anandayani\\Lap1Portofolio\\vendor\\laravel\\framework\\src\\Illuminate\\Foundation\\resources\\server.php(23): require_once('D:\\\\Larapel proj...')
#53 {main}

[previous exception] [object] (ReflectionException(code: -1): Class \"Controller\" does not exist at D:\\Larapel project\\Kelas_B_WEB2\\Sri_Enri_Anandayani\\Lap1Portofolio\\vendor\\laravel\\framework\\src\\Illuminate\\Container\\Container.php:1017)
[stacktrace]
#0 D:\\Larapel project\\Kelas_B_WEB2\\Sri_Enri_Anandayani\\Lap1Portofolio\\vendor\\laravel\\framework\\src\\Illuminate\\Container\\Container.php(1017): ReflectionClass->__construct('Controller')
#1 D:\\Larapel project\\Kelas_B_WEB2\\Sri_Enri_Anandayani\\Lap1Portofolio\\vendor\\laravel\\framework\\src\\Illuminate\\Container\\Container.php(890): Illuminate\\Container\\Container->build('Controller')
#2 D:\\Larapel project\\Kelas_B_WEB2\\Sri_Enri_Anandayani\\Lap1Portofolio\\vendor\\laravel\\framework\\src\\Illuminate\\Foundation\\Application.php(1077): Illuminate\\Container\\Container->resolve('Controller', Array, true)
#3 D:\\Larapel project\\Kelas_B_WEB2\\Sri_Enri_Anandayani\\Lap1Portofolio\\vendor\\laravel\\framework\\src\\Illuminate\\Container\\Container.php(821): Illuminate\\Foundation\\Application->resolve('Controller', Array)
#4 D:\\Larapel project\\Kelas_B_WEB2\\Sri_Enri_Anandayani\\Lap1Portofolio\\vendor\\laravel\\framework\\src\\Illuminate\\Foundation\\Application.php(1057): Illuminate\\Container\\Container->make('Controller', Array)
#5 D:\\Larapel project\\Kelas_B_WEB2\\Sri_Enri_Anandayani\\Lap1Portofolio\\vendor\\laravel\\framework\\src\\Illuminate\\Routing\\Route.php(286): Illuminate\\Foundation\\Application->make('Controller')
#6 D:\\Larapel project\\Kelas_B_WEB2\\Sri_Enri_Anandayani\\Lap1Portofolio\\vendor\\laravel\\framework\\src\\Illuminate\\Routing\\Route.php(266): Illuminate\\Routing\\Route->getController()
#7 D:\\Larapel project\\Kelas_B_WEB2\\Sri_Enri_Anandayani\\Lap1Portofolio\\vendor\\laravel\\framework\\src\\Illuminate\\Routing\\Route.php(211): Illuminate\\Routing\\Route->runController()
#8 D:\\Larapel project\\Kelas_B_WEB2\\Sri_Enri_Anandayani\\Lap1Portofolio\\vendor\\laravel\\framework\\src\\Illuminate\\Routing\\Router.php(808): Illuminate\\Routing\\Route->run()
#9 D:\\Larapel project\\Kelas_B_WEB2\\Sri_Enri_Anandayani\\Lap1Portofolio\\vendor\\laravel\\framework\\src\\Illuminate\\Pipeline\\Pipeline.php(169): Illuminate\\Routing\\Router->Illuminate\\Routing\\{closure}(Object(Illuminate\\Http\\Request))
#10 D:\\Larapel project\\Kelas_B_WEB2\\Sri_Enri_Anandayani\\Lap1Portofolio\\vendor\\laravel\\framework\\src\\Illuminate\\Routing\\Middleware\\SubstituteBindings.php(50): Illuminate\\Pipeline\\Pipeline->Illuminate\\Pipeline\\{closure}(Object(Illuminate\\Http\\Request))
#11 D:\\Larapel project\\Kelas_B_WEB2\\Sri_Enri_Anandayani\\Lap1Portofolio\\vendor\\laravel\\framework\\src\\Illuminate\\Pipeline\\Pipeline.php(208): Illuminate\\Routing\\Middleware\\SubstituteBindings->handle(Object(Illuminate\\Http\\Request), Object(Closure))
#12 D:\\Larapel project\\Kelas_B_WEB2\\Sri_Enri_Anandayani\\Lap1Portofolio\\vendor\\laravel\\framework\\src\\Illuminate\\Foundation\\Http\\Middleware\\VerifyCsrfToken.php(87): Illuminate\\Pipeline\\Pipeline->Illuminate\\Pipeline\\{closure}(Object(Illuminate\\Http\\Request))
#13 D:\\Larapel project\\Kelas_B_WEB2\\Sri_Enri_Anandayani\\Lap1Portofolio\\vendor\\laravel\\framework\\src\\Illuminate\\Pipeline\\Pipeline.php(208): Illuminate\\Foundation\\Http\\Middleware\\VerifyCsrfToken->handle(Object(Illuminate\\Http\\Request), Object(Closure))
#14 D:\\Larapel project\\Kelas_B_WEB2\\Sri_Enri_Anandayani\\Lap1Portofolio\\vendor\\laravel\\framework\\src\\Illuminate\\View\\Middleware\\ShareErrorsFromSession.php(48): Illuminate\\Pipeline\\Pipeline->Illuminate\\Pipeline\\{closure}(Object(Illuminate\\Http\\Request))
#15 D:\\Larapel project\\Kelas_B_WEB2\\Sri_Enri_Anandayani\\Lap1Portofolio\\vendor\\laravel\\framework\\src\\Illuminate\\Pipeline\\Pipeline.php(208): Illuminate\\View\\Middleware\\ShareErrorsFromSession->handle(Object(Illuminate\\Http\\Request), Object(Closure))
#16 D:\\Larapel project\\Kelas_B_WEB2\\Sri_Enri_Anandayani\\Lap1Portofolio\\vendor\\laravel\\framework\\src\\Illuminate\\Session\\Middleware\\StartSession.php(120): Illuminate\\Pipeline\\Pipeline->Illuminate\\Pipeline\\{closure}(Object(Illuminate\\Http\\Request))
#17 D:\\Larapel project\\Kelas_B_WEB2\\Sri_Enri_Anandayani\\Lap1Portofolio\\vendor\\laravel\\framework\\src\\Illuminate\\Session\\Middleware\\StartSession.php(63): Illuminate\\Session\\Middleware\\StartSession->handleStatefulRequest(Object(Illuminate\\Http\\Request), Object(Illuminate\\Session\\Store), Object(Closure))
#18 D:\\Larapel project\\Kelas_B_WEB2\\Sri_Enri_Anandayani\\Lap1Portofolio\\vendor\\laravel\\framework\\src\\Illuminate\\Pipeline\\Pipeline.php(208): Illuminate\\Session\\Middleware\\StartSession->handle(Object(Illuminate\\Http\\Request), Object(Closure))
#19 D:\\Larapel project\\Kelas_B_WEB2\\Sri_Enri_Anandayani\\Lap1Portofolio\\vendor\\laravel\\framework\\src\\Illuminate\\Cookie\\Middleware\\AddQueuedCookiesToResponse.php(36): Illuminate\\Pipeline\\Pipeline->Illuminate\\Pipeline\\{closure}(Object(Illuminate\\Http\\Request))
#20 D:\\Larapel project\\Kelas_B_WEB2\\Sri_Enri_Anandayani\\Lap1Portofolio\\vendor\\laravel\\framework\\src\\Illuminate\\Pipeline\\Pipeline.php(208): Illuminate\\Cookie\\Middleware\\AddQueuedCookiesToResponse->handle(Object(Illuminate\\Http\\Request), Object(Closure))
#21 D:\\Larapel project\\Kelas_B_WEB2\\Sri_Enri_Anandayani\\Lap1Portofolio\\vendor\\laravel\\framework\\src\\Illuminate\\Cookie\\Middleware\\EncryptCookies.php(74): Illuminate\\Pipeline\\Pipeline->Illuminate\\Pipeline\\{closure}(Object(Illuminate\\Http\\Request))
#22 D:\\Larapel project\\Kelas_B_WEB2\\Sri_Enri_Anandayani\\Lap1Portofolio\\vendor\\laravel\\framework\\src\\Illuminate\\Pipeline\\Pipeline.php(208): Illuminate\\Cookie\\Middleware\\EncryptCookies->handle(Object(Illuminate\\Http\\Request), Object(Closure))
#23 D:\\Larapel project\\Kelas_B_WEB2\\Sri_Enri_Anandayani\\Lap1Portofolio\\vendor\\laravel\\framework\\src\\Illuminate\\Pipeline\\Pipeline.php(126): Illuminate\\Pipeline\\Pipeline->Illuminate\\Pipeline\\{closure}(Object(Illuminate\\Http\\Request))
#24 D:\\Larapel project\\Kelas_B_WEB2\\Sri_Enri_Anandayani\\Lap1Portofolio\\vendor\\laravel\\framework\\src\\Illuminate\\Routing\\Router.php(807): Illuminate\\Pipeline\\Pipeline->then(Object(Closure))
#25 D:\\Larapel project\\Kelas_B_WEB2\\Sri_Enri_Anandayani\\Lap1Portofolio\\vendor\\laravel\\framework\\src\\Illuminate\\Routing\\Router.php(786): Illuminate\\Routing\\Router->runRouteWithinStack(Object(Illuminate\\Routing\\Route), Object(Illuminate\\Http\\Request))
#26 D:\\Larapel project\\Kelas_B_WEB2\\Sri_Enri_Anandayani\\Lap1Portofolio\\vendor\\laravel\\framework\\src\\Illuminate\\Routing\\Router.php(750): Illuminate\\Routing\\Router->runRoute(Object(Illuminate\\Http\\Request), Object(Illuminate\\Routing\\Route))
#27 D:\\Larapel project\\Kelas_B_WEB2\\Sri_Enri_Anandayani\\Lap1Portofolio\\vendor\\laravel\\framework\\src\\Illuminate\\Routing\\Router.php(739): Illuminate\\Routing\\Router->dispatchToRoute(Object(Illuminate\\Http\\Request))
#28 D:\\Larapel project\\Kelas_B_WEB2\\Sri_Enri_Anandayani\\Lap1Portofolio\\vendor\\laravel\\framework\\src\\Illuminate\\Foundation\\Http\\Kernel.php(200): Illuminate\\Routing\\Router->dispatch(Object(Illuminate\\Http\\Request))
#29 D:\\Larapel project\\Kelas_B_WEB2\\Sri_Enri_Anandayani\\Lap1Portofolio\\vendor\\laravel\\framework\\src\\Illuminate\\Pipeline\\Pipeline.php(169): Illuminate\\Foundation\\Http\\Kernel->Illuminate\\Foundation\\Http\\{closure}(Object(Illuminate\\Http\\Request))
#30 D:\\Larapel project\\Kelas_B_WEB2\\Sri_Enri_Anandayani\\Lap1Portofolio\\vendor\\laravel\\framework\\src\\Illuminate\\Foundation\\Http\\Middleware\\TransformsRequest.php(21): Illuminate\\Pipeline\\Pipeline->Illuminate\\Pipeline\\{closure}(Object(Illuminate\\Http\\Request))
#31 D:\\Larapel project\\Kelas_B_WEB2\\Sri_Enri_Anandayani\\Lap1Portofolio\\vendor\\laravel\\framework\\src\\Illuminate\\Foundation\\Http\\Middleware\\ConvertEmptyStringsToNull.php(31): Illuminate\\Foundation\\Http\\Middleware\\TransformsRequest->handle(Object(Illuminate\\Http\\Request), Object(Closure))
#32 D:\\Larapel project\\Kelas_B_WEB2\\Sri_Enri_Anandayani\\Lap1Portofolio\\vendor\\laravel\\framework\\src\\Illuminate\\Pipeline\\Pipeline.php(208): Illuminate\\Foundation\\Http\\Middleware\\ConvertEmptyStringsToNull->handle(Object(Illuminate\\Http\\Request), Object(Closure))
#33 D:\\Larapel project\\Kelas_B_WEB2\\Sri_Enri_Anandayani\\Lap1Portofolio\\vendor\\laravel\\framework\\src\\Illuminate\\Foundation\\Http\\Middleware\\TransformsRequest.php(21): Illuminate\\Pipeline\\Pipeline->Illuminate\\Pipeline\\{closure}(Object(Illuminate\\Http\\Request))
#34 D:\\Larapel project\\Kelas_B_WEB2\\Sri_Enri_Anandayani\\Lap1Portofolio\\vendor\\laravel\\framework\\src\\Illuminate\\Foundation\\Http\\Middleware\\TrimStrings.php(51): Illuminate\\Foundation\\Http\\Middleware\\TransformsRequest->handle(Object(Illuminate\\Http\\Request), Object(Closure))
#35 D:\\Larapel project\\Kelas_B_WEB2\\Sri_Enri_Anandayani\\Lap1Portofolio\\vendor\\laravel\\framework\\src\\Illuminate\\Pipeline\\Pipeline.php(208): Illuminate\\Foundation\\Http\\Middleware\\TrimStrings->handle(Object(Illuminate\\Http\\Request), Object(Closure))
#36 D:\\Larapel project\\Kelas_B_WEB2\\Sri_Enri_Anandayani\\Lap1Portofolio\\vendor\\laravel\\framework\\src\\Illuminate\\Http\\Middleware\\ValidatePostSize.php(27): Illuminate\\Pipeline\\Pipeline->Illuminate\\Pipeline\\{closure}(Object(Illuminate\\Http\\Request))
#37 D:\\Larapel project\\Kelas_B_WEB2\\Sri_Enri_Anandayani\\Lap1Portofolio\\vendor\\laravel\\framework\\src\\Illuminate\\Pipeline\\Pipeline.php(208): Illuminate\\Http\\Middleware\\ValidatePostSize->handle(Object(Illuminate\\Http\\Request), Object(Closure))
#38 D:\\Larapel project\\Kelas_B_WEB2\\Sri_Enri_Anandayani\\Lap1Portofolio\\vendor\\laravel\\framework\\src\\Illuminate\\Foundation\\Http\\Middleware\\PreventRequestsDuringMaintenance.php(109): Illuminate\\Pipeline\\Pipeline->Illuminate\\Pipeline\\{closure}(Object(Illuminate\\Http\\Request))
#39 D:\\Larapel project\\Kelas_B_WEB2\\Sri_Enri_Anandayani\\Lap1Portofolio\\vendor\\laravel\\framework\\src\\Illuminate\\Pipeline\\Pipeline.php(208): Illuminate\\Foundation\\Http\\Middleware\\PreventRequestsDuringMaintenance->handle(Object(Illuminate\\Http\\Request), Object(Closure))
#40 D:\\Larapel project\\Kelas_B_WEB2\\Sri_Enri_Anandayani\\Lap1Portofolio\\vendor\\laravel\\framework\\src\\Illuminate\\Http\\Middleware\\HandleCors.php(48): Illuminate\\Pipeline\\Pipeline->Illuminate\\Pipeline\\{closure}(Object(Illuminate\\Http\\Request))
#41 D:\\Larapel project\\Kelas_B_WEB2\\Sri_Enri_Anandayani\\Lap1Portofolio\\vendor\\laravel\\framework\\src\\Illuminate\\Pipeline\\Pipeline.php(208): Illuminate\\Http\\Middleware\\HandleCors->handle(Object(Illuminate\\Http\\Request), Object(Closure))
#42 D:\\Larapel project\\Kelas_B_WEB2\\Sri_Enri_Anandayani\\Lap1Portofolio\\vendor\\laravel\\framework\\src\\Illuminate\\Http\\Middleware\\TrustProxies.php(58): Illuminate\\Pipeline\\Pipeline->Illuminate\\Pipeline\\{closure}(Object(Illuminate\\Http\\Request))
#43 D:\\Larapel project\\Kelas_B_WEB2\\Sri_Enri_Anandayani\\Lap1Portofolio\\vendor\\laravel\\framework\\src\\Illuminate\\Pipeline\\Pipeline.php(208): Illuminate\\Http\\Middleware\\TrustProxies->handle(Object(Illuminate\\Http\\Request), Object(Closure))
#44 D:\\Larapel project\\Kelas_B_WEB2\\Sri_Enri_Anandayani\\Lap1Portofolio\\vendor\\laravel\\framework\\src\\Illuminate\\Foundation\\Http\\Middleware\\InvokeDeferredCallbacks.php(22): Illuminate\\Pipeline\\Pipeline->Illuminate\\Pipeline\\{closure}(Object(Illuminate\\Http\\Request))
#45 D:\\Larapel project\\Kelas_B_WEB2\\Sri_Enri_Anandayani\\Lap1Portofolio\\vendor\\laravel\\framework\\src\\Illuminate\\Pipeline\\Pipeline.php(208): Illuminate\\Foundation\\Http\\Middleware\\InvokeDeferredCallbacks->handle(Object(Illuminate\\Http\\Request), Object(Closure))
#46 D:\\Larapel project\\Kelas_B_WEB2\\Sri_Enri_Anandayani\\Lap1Portofolio\\vendor\\laravel\\framework\\src\\Illuminate\\Http\\Middleware\\ValidatePathEncoding.php(26): Illuminate\\Pipeline\\Pipeline->Illuminate\\Pipeline\\{closure}(Object(Illuminate\\Http\\Request))
#47 D:\\Larapel project\\Kelas_B_WEB2\\Sri_Enri_Anandayani\\Lap1Portofolio\\vendor\\laravel\\framework\\src\\Illuminate\\Pipeline\\Pipeline.php(208): Illuminate\\Http\\Middleware\\ValidatePathEncoding->handle(Object(Illuminate\\Http\\Request), Object(Closure))
#48 D:\\Larapel project\\Kelas_B_WEB2\\Sri_Enri_Anandayani\\Lap1Portofolio\\vendor\\laravel\\framework\\src\\Illuminate\\Pipeline\\Pipeline.php(126): Illuminate\\Pipeline\\Pipeline->Illuminate\\Pipeline\\{closure}(Object(Illuminate\\Http\\Request))
#49 D:\\Larapel project\\Kelas_B_WEB2\\Sri_Enri_Anandayani\\Lap1Portofolio\\vendor\\laravel\\framework\\src\\Illuminate\\Foundation\\Http\\Kernel.php(175): Illuminate\\Pipeline\\Pipeline->then(Object(Closure))
#50 D:\\Larapel project\\Kelas_B_WEB2\\Sri_Enri_Anandayani\\Lap1Portofolio\\vendor\\laravel\\framework\\src\\Illuminate\\Foundation\\Http\\Kernel.php(144): Illuminate\\Foundation\\Http\\Kernel->sendRequestThroughRouter(Object(Illuminate\\Http\\Request))
#51 D:\\Larapel project\\Kelas_B_WEB2\\Sri_Enri_Anandayani\\Lap1Portofolio\\vendor\\laravel\\framework\\src\\Illuminate\\Foundation\\Application.php(1219): Illuminate\\Foundation\\Http\\Kernel->handle(Object(Illuminate\\Http\\Request))
#52 D:\\Larapel project\\Kelas_B_WEB2\\Sri_Enri_Anandayani\\Lap1Portofolio\\public\\index.php(20): Illuminate\\Foundation\\Application->handleRequest(Object(Illuminate\\Http\\Request))
#53 D:\\Larapel project\\Kelas_B_WEB2\\Sri_Enri_Anandayani\\Lap1Portofolio\\vendor\\laravel\\framework\\src\\Illuminate\\Foundation\\resources\\server.php(23): require_once('D:\\\\Larapel proj...')
#54 {main}
"} 
[2025-05-08 14:33:19] local.ERROR: Target class [Controller] does not exist. {"exception":"[object] (Illuminate\\Contracts\\Container\\BindingResolutionException(code: 0): Target class [Controller] does not exist. at D:\\Larapel project\\Kelas_B_WEB2\\Sri_Enri_Anandayani\\Lap1Portofolio\\vendor\\laravel\\framework\\src\\Illuminate\\Container\\Container.php:1019)
[stacktrace]
#0 D:\\Larapel project\\Kelas_B_WEB2\\Sri_Enri_Anandayani\\Lap1Portofolio\\vendor\\laravel\\framework\\src\\Illuminate\\Container\\Container.php(890): Illuminate\\Container\\Container->build('Controller')
#1 D:\\Larapel project\\Kelas_B_WEB2\\Sri_Enri_Anandayani\\Lap1Portofolio\\vendor\\laravel\\framework\\src\\Illuminate\\Foundation\\Application.php(1077): Illuminate\\Container\\Container->resolve('Controller', Array, true)
#2 D:\\Larapel project\\Kelas_B_WEB2\\Sri_Enri_Anandayani\\Lap1Portofolio\\vendor\\laravel\\framework\\src\\Illuminate\\Container\\Container.php(821): Illuminate\\Foundation\\Application->resolve('Controller', Array)
#3 D:\\Larapel project\\Kelas_B_WEB2\\Sri_Enri_Anandayani\\Lap1Portofolio\\vendor\\laravel\\framework\\src\\Illuminate\\Foundation\\Application.php(1057): Illuminate\\Container\\Container->make('Controller', Array)
#4 D:\\Larapel project\\Kelas_B_WEB2\\Sri_Enri_Anandayani\\Lap1Portofolio\\vendor\\laravel\\framework\\src\\Illuminate\\Routing\\Route.php(286): Illuminate\\Foundation\\Application->make('Controller')
#5 D:\\Larapel project\\Kelas_B_WEB2\\Sri_Enri_Anandayani\\Lap1Portofolio\\vendor\\laravel\\framework\\src\\Illuminate\\Routing\\Route.php(266): Illuminate\\Routing\\Route->getController()
#6 D:\\Larapel project\\Kelas_B_WEB2\\Sri_Enri_Anandayani\\Lap1Portofolio\\vendor\\laravel\\framework\\src\\Illuminate\\Routing\\Route.php(211): Illuminate\\Routing\\Route->runController()
#7 D:\\Larapel project\\Kelas_B_WEB2\\Sri_Enri_Anandayani\\Lap1Portofolio\\vendor\\laravel\\framework\\src\\Illuminate\\Routing\\Router.php(808): Illuminate\\Routing\\Route->run()
#8 D:\\Larapel project\\Kelas_B_WEB2\\Sri_Enri_Anandayani\\Lap1Portofolio\\vendor\\laravel\\framework\\src\\Illuminate\\Pipeline\\Pipeline.php(169): Illuminate\\Routing\\Router->Illuminate\\Routing\\{closure}(Object(Illuminate\\Http\\Request))
#9 D:\\Larapel project\\Kelas_B_WEB2\\Sri_Enri_Anandayani\\Lap1Portofolio\\vendor\\laravel\\framework\\src\\Illuminate\\Routing\\Middleware\\SubstituteBindings.php(50): Illuminate\\Pipeline\\Pipeline->Illuminate\\Pipeline\\{closure}(Object(Illuminate\\Http\\Request))
#10 D:\\Larapel project\\Kelas_B_WEB2\\Sri_Enri_Anandayani\\Lap1Portofolio\\vendor\\laravel\\framework\\src\\Illuminate\\Pipeline\\Pipeline.php(208): Illuminate\\Routing\\Middleware\\SubstituteBindings->handle(Object(Illuminate\\Http\\Request), Object(Closure))
#11 D:\\Larapel project\\Kelas_B_WEB2\\Sri_Enri_Anandayani\\Lap1Portofolio\\vendor\\laravel\\framework\\src\\Illuminate\\Foundation\\Http\\Middleware\\VerifyCsrfToken.php(87): Illuminate\\Pipeline\\Pipeline->Illuminate\\Pipeline\\{closure}(Object(Illuminate\\Http\\Request))
#12 D:\\Larapel project\\Kelas_B_WEB2\\Sri_Enri_Anandayani\\Lap1Portofolio\\vendor\\laravel\\framework\\src\\Illuminate\\Pipeline\\Pipeline.php(208): Illuminate\\Foundation\\Http\\Middleware\\VerifyCsrfToken->handle(Object(Illuminate\\Http\\Request), Object(Closure))
#13 D:\\Larapel project\\Kelas_B_WEB2\\Sri_Enri_Anandayani\\Lap1Portofolio\\vendor\\laravel\\framework\\src\\Illuminate\\View\\Middleware\\ShareErrorsFromSession.php(48): Illuminate\\Pipeline\\Pipeline->Illuminate\\Pipeline\\{closure}(Object(Illuminate\\Http\\Request))
#14 D:\\Larapel project\\Kelas_B_WEB2\\Sri_Enri_Anandayani\\Lap1Portofolio\\vendor\\laravel\\framework\\src\\Illuminate\\Pipeline\\Pipeline.php(208): Illuminate\\View\\Middleware\\ShareErrorsFromSession->handle(Object(Illuminate\\Http\\Request), Object(Closure))
#15 D:\\Larapel project\\Kelas_B_WEB2\\Sri_Enri_Anandayani\\Lap1Portofolio\\vendor\\laravel\\framework\\src\\Illuminate\\Session\\Middleware\\StartSession.php(120): Illuminate\\Pipeline\\Pipeline->Illuminate\\Pipeline\\{closure}(Object(Illuminate\\Http\\Request))
#16 D:\\Larapel project\\Kelas_B_WEB2\\Sri_Enri_Anandayani\\Lap1Portofolio\\vendor\\laravel\\framework\\src\\Illuminate\\Session\\Middleware\\StartSession.php(63): Illuminate\\Session\\Middleware\\StartSession->handleStatefulRequest(Object(Illuminate\\Http\\Request), Object(Illuminate\\Session\\Store), Object(Closure))
#17 D:\\Larapel project\\Kelas_B_WEB2\\Sri_Enri_Anandayani\\Lap1Portofolio\\vendor\\laravel\\framework\\src\\Illuminate\\Pipeline\\Pipeline.php(208): Illuminate\\Session\\Middleware\\StartSession->handle(Object(Illuminate\\Http\\Request), Object(Closure))
#18 D:\\Larapel project\\Kelas_B_WEB2\\Sri_Enri_Anandayani\\Lap1Portofolio\\vendor\\laravel\\framework\\src\\Illuminate\\Cookie\\Middleware\\AddQueuedCookiesToResponse.php(36): Illuminate\\Pipeline\\Pipeline->Illuminate\\Pipeline\\{closure}(Object(Illuminate\\Http\\Request))
#19 D:\\Larapel project\\Kelas_B_WEB2\\Sri_Enri_Anandayani\\Lap1Portofolio\\vendor\\laravel\\framework\\src\\Illuminate\\Pipeline\\Pipeline.php(208): Illuminate\\Cookie\\Middleware\\AddQueuedCookiesToResponse->handle(Object(Illuminate\\Http\\Request), Object(Closure))
#20 D:\\Larapel project\\Kelas_B_WEB2\\Sri_Enri_Anandayani\\Lap1Portofolio\\vendor\\laravel\\framework\\src\\Illuminate\\Cookie\\Middleware\\EncryptCookies.php(74): Illuminate\\Pipeline\\Pipeline->Illuminate\\Pipeline\\{closure}(Object(Illuminate\\Http\\Request))
#21 D:\\Larapel project\\Kelas_B_WEB2\\Sri_Enri_Anandayani\\Lap1Portofolio\\vendor\\laravel\\framework\\src\\Illuminate\\Pipeline\\Pipeline.php(208): Illuminate\\Cookie\\Middleware\\EncryptCookies->handle(Object(Illuminate\\Http\\Request), Object(Closure))
#22 D:\\Larapel project\\Kelas_B_WEB2\\Sri_Enri_Anandayani\\Lap1Portofolio\\vendor\\laravel\\framework\\src\\Illuminate\\Pipeline\\Pipeline.php(126): Illuminate\\Pipeline\\Pipeline->Illuminate\\Pipeline\\{closure}(Object(Illuminate\\Http\\Request))
#23 D:\\Larapel project\\Kelas_B_WEB2\\Sri_Enri_Anandayani\\Lap1Portofolio\\vendor\\laravel\\framework\\src\\Illuminate\\Routing\\Router.php(807): Illuminate\\Pipeline\\Pipeline->then(Object(Closure))
#24 D:\\Larapel project\\Kelas_B_WEB2\\Sri_Enri_Anandayani\\Lap1Portofolio\\vendor\\laravel\\framework\\src\\Illuminate\\Routing\\Router.php(786): Illuminate\\Routing\\Router->runRouteWithinStack(Object(Illuminate\\Routing\\Route), Object(Illuminate\\Http\\Request))
#25 D:\\Larapel project\\Kelas_B_WEB2\\Sri_Enri_Anandayani\\Lap1Portofolio\\vendor\\laravel\\framework\\src\\Illuminate\\Routing\\Router.php(750): Illuminate\\Routing\\Router->runRoute(Object(Illuminate\\Http\\Request), Object(Illuminate\\Routing\\Route))
#26 D:\\Larapel project\\Kelas_B_WEB2\\Sri_Enri_Anandayani\\Lap1Portofolio\\vendor\\laravel\\framework\\src\\Illuminate\\Routing\\Router.php(739): Illuminate\\Routing\\Router->dispatchToRoute(Object(Illuminate\\Http\\Request))
#27 D:\\Larapel project\\Kelas_B_WEB2\\Sri_Enri_Anandayani\\Lap1Portofolio\\vendor\\laravel\\framework\\src\\Illuminate\\Foundation\\Http\\Kernel.php(200): Illuminate\\Routing\\Router->dispatch(Object(Illuminate\\Http\\Request))
#28 D:\\Larapel project\\Kelas_B_WEB2\\Sri_Enri_Anandayani\\Lap1Portofolio\\vendor\\laravel\\framework\\src\\Illuminate\\Pipeline\\Pipeline.php(169): Illuminate\\Foundation\\Http\\Kernel->Illuminate\\Foundation\\Http\\{closure}(Object(Illuminate\\Http\\Request))
#29 D:\\Larapel project\\Kelas_B_WEB2\\Sri_Enri_Anandayani\\Lap1Portofolio\\vendor\\laravel\\framework\\src\\Illuminate\\Foundation\\Http\\Middleware\\TransformsRequest.php(21): Illuminate\\Pipeline\\Pipeline->Illuminate\\Pipeline\\{closure}(Object(Illuminate\\Http\\Request))
#30 D:\\Larapel project\\Kelas_B_WEB2\\Sri_Enri_Anandayani\\Lap1Portofolio\\vendor\\laravel\\framework\\src\\Illuminate\\Foundation\\Http\\Middleware\\ConvertEmptyStringsToNull.php(31): Illuminate\\Foundation\\Http\\Middleware\\TransformsRequest->handle(Object(Illuminate\\Http\\Request), Object(Closure))
#31 D:\\Larapel project\\Kelas_B_WEB2\\Sri_Enri_Anandayani\\Lap1Portofolio\\vendor\\laravel\\framework\\src\\Illuminate\\Pipeline\\Pipeline.php(208): Illuminate\\Foundation\\Http\\Middleware\\ConvertEmptyStringsToNull->handle(Object(Illuminate\\Http\\Request), Object(Closure))
#32 D:\\Larapel project\\Kelas_B_WEB2\\Sri_Enri_Anandayani\\Lap1Portofolio\\vendor\\laravel\\framework\\src\\Illuminate\\Foundation\\Http\\Middleware\\TransformsRequest.php(21): Illuminate\\Pipeline\\Pipeline->Illuminate\\Pipeline\\{closure}(Object(Illuminate\\Http\\Request))
#33 D:\\Larapel project\\Kelas_B_WEB2\\Sri_Enri_Anandayani\\Lap1Portofolio\\vendor\\laravel\\framework\\src\\Illuminate\\Foundation\\Http\\Middleware\\TrimStrings.php(51): Illuminate\\Foundation\\Http\\Middleware\\TransformsRequest->handle(Object(Illuminate\\Http\\Request), Object(Closure))
#34 D:\\Larapel project\\Kelas_B_WEB2\\Sri_Enri_Anandayani\\Lap1Portofolio\\vendor\\laravel\\framework\\src\\Illuminate\\Pipeline\\Pipeline.php(208): Illuminate\\Foundation\\Http\\Middleware\\TrimStrings->handle(Object(Illuminate\\Http\\Request), Object(Closure))
#35 D:\\Larapel project\\Kelas_B_WEB2\\Sri_Enri_Anandayani\\Lap1Portofolio\\vendor\\laravel\\framework\\src\\Illuminate\\Http\\Middleware\\ValidatePostSize.php(27): Illuminate\\Pipeline\\Pipeline->Illuminate\\Pipeline\\{closure}(Object(Illuminate\\Http\\Request))
#36 D:\\Larapel project\\Kelas_B_WEB2\\Sri_Enri_Anandayani\\Lap1Portofolio\\vendor\\laravel\\framework\\src\\Illuminate\\Pipeline\\Pipeline.php(208): Illuminate\\Http\\Middleware\\ValidatePostSize->handle(Object(Illuminate\\Http\\Request), Object(Closure))
#37 D:\\Larapel project\\Kelas_B_WEB2\\Sri_Enri_Anandayani\\Lap1Portofolio\\vendor\\laravel\\framework\\src\\Illuminate\\Foundation\\Http\\Middleware\\PreventRequestsDuringMaintenance.php(109): Illuminate\\Pipeline\\Pipeline->Illuminate\\Pipeline\\{closure}(Object(Illuminate\\Http\\Request))
#38 D:\\Larapel project\\Kelas_B_WEB2\\Sri_Enri_Anandayani\\Lap1Portofolio\\vendor\\laravel\\framework\\src\\Illuminate\\Pipeline\\Pipeline.php(208): Illuminate\\Foundation\\Http\\Middleware\\PreventRequestsDuringMaintenance->handle(Object(Illuminate\\Http\\Request), Object(Closure))
#39 D:\\Larapel project\\Kelas_B_WEB2\\Sri_Enri_Anandayani\\Lap1Portofolio\\vendor\\laravel\\framework\\src\\Illuminate\\Http\\Middleware\\HandleCors.php(48): Illuminate\\Pipeline\\Pipeline->Illuminate\\Pipeline\\{closure}(Object(Illuminate\\Http\\Request))
#40 D:\\Larapel project\\Kelas_B_WEB2\\Sri_Enri_Anandayani\\Lap1Portofolio\\vendor\\laravel\\framework\\src\\Illuminate\\Pipeline\\Pipeline.php(208): Illuminate\\Http\\Middleware\\HandleCors->handle(Object(Illuminate\\Http\\Request), Object(Closure))
#41 D:\\Larapel project\\Kelas_B_WEB2\\Sri_Enri_Anandayani\\Lap1Portofolio\\vendor\\laravel\\framework\\src\\Illuminate\\Http\\Middleware\\TrustProxies.php(58): Illuminate\\Pipeline\\Pipeline->Illuminate\\Pipeline\\{closure}(Object(Illuminate\\Http\\Request))
#42 D:\\Larapel project\\Kelas_B_WEB2\\Sri_Enri_Anandayani\\Lap1Portofolio\\vendor\\laravel\\framework\\src\\Illuminate\\Pipeline\\Pipeline.php(208): Illuminate\\Http\\Middleware\\TrustProxies->handle(Object(Illuminate\\Http\\Request), Object(Closure))
#43 D:\\Larapel project\\Kelas_B_WEB2\\Sri_Enri_Anandayani\\Lap1Portofolio\\vendor\\laravel\\framework\\src\\Illuminate\\Foundation\\Http\\Middleware\\InvokeDeferredCallbacks.php(22): Illuminate\\Pipeline\\Pipeline->Illuminate\\Pipeline\\{closure}(Object(Illuminate\\Http\\Request))
#44 D:\\Larapel project\\Kelas_B_WEB2\\Sri_Enri_Anandayani\\Lap1Portofolio\\vendor\\laravel\\framework\\src\\Illuminate\\Pipeline\\Pipeline.php(208): Illuminate\\Foundation\\Http\\Middleware\\InvokeDeferredCallbacks->handle(Object(Illuminate\\Http\\Request), Object(Closure))
#45 D:\\Larapel project\\Kelas_B_WEB2\\Sri_Enri_Anandayani\\Lap1Portofolio\\vendor\\laravel\\framework\\src\\Illuminate\\Http\\Middleware\\ValidatePathEncoding.php(26): Illuminate\\Pipeline\\Pipeline->Illuminate\\Pipeline\\{closure}(Object(Illuminate\\Http\\Request))
#46 D:\\Larapel project\\Kelas_B_WEB2\\Sri_Enri_Anandayani\\Lap1Portofolio\\vendor\\laravel\\framework\\src\\Illuminate\\Pipeline\\Pipeline.php(208): Illuminate\\Http\\Middleware\\ValidatePathEncoding->handle(Object(Illuminate\\Http\\Request), Object(Closure))
#47 D:\\Larapel project\\Kelas_B_WEB2\\Sri_Enri_Anandayani\\Lap1Portofolio\\vendor\\laravel\\framework\\src\\Illuminate\\Pipeline\\Pipeline.php(126): Illuminate\\Pipeline\\Pipeline->Illuminate\\Pipeline\\{closure}(Object(Illuminate\\Http\\Request))
#48 D:\\Larapel project\\Kelas_B_WEB2\\Sri_Enri_Anandayani\\Lap1Portofolio\\vendor\\laravel\\framework\\src\\Illuminate\\Foundation\\Http\\Kernel.php(175): Illuminate\\Pipeline\\Pipeline->then(Object(Closure))
#49 D:\\Larapel project\\Kelas_B_WEB2\\Sri_Enri_Anandayani\\Lap1Portofolio\\vendor\\laravel\\framework\\src\\Illuminate\\Foundation\\Http\\Kernel.php(144): Illuminate\\Foundation\\Http\\Kernel->sendRequestThroughRouter(Object(Illuminate\\Http\\Request))
#50 D:\\Larapel project\\Kelas_B_WEB2\\Sri_Enri_Anandayani\\Lap1Portofolio\\vendor\\laravel\\framework\\src\\Illuminate\\Foundation\\Application.php(1219): Illuminate\\Foundation\\Http\\Kernel->handle(Object(Illuminate\\Http\\Request))
#51 D:\\Larapel project\\Kelas_B_WEB2\\Sri_Enri_Anandayani\\Lap1Portofolio\\public\\index.php(20): Illuminate\\Foundation\\Application->handleRequest(Object(Illuminate\\Http\\Request))
#52 D:\\Larapel project\\Kelas_B_WEB2\\Sri_Enri_Anandayani\\Lap1Portofolio\\vendor\\laravel\\framework\\src\\Illuminate\\Foundation\\resources\\server.php(23): require_once('D:\\\\Larapel proj...')
#53 {main}

[previous exception] [object] (ReflectionException(code: -1): Class \"Controller\" does not exist at D:\\Larapel project\\Kelas_B_WEB2\\Sri_Enri_Anandayani\\Lap1Portofolio\\vendor\\laravel\\framework\\src\\Illuminate\\Container\\Container.php:1017)
[stacktrace]
#0 D:\\Larapel project\\Kelas_B_WEB2\\Sri_Enri_Anandayani\\Lap1Portofolio\\vendor\\laravel\\framework\\src\\Illuminate\\Container\\Container.php(1017): ReflectionClass->__construct('Controller')
#1 D:\\Larapel project\\Kelas_B_WEB2\\Sri_Enri_Anandayani\\Lap1Portofolio\\vendor\\laravel\\framework\\src\\Illuminate\\Container\\Container.php(890): Illuminate\\Container\\Container->build('Controller')
#2 D:\\Larapel project\\Kelas_B_WEB2\\Sri_Enri_Anandayani\\Lap1Portofolio\\vendor\\laravel\\framework\\src\\Illuminate\\Foundation\\Application.php(1077): Illuminate\\Container\\Container->resolve('Controller', Array, true)
#3 D:\\Larapel project\\Kelas_B_WEB2\\Sri_Enri_Anandayani\\Lap1Portofolio\\vendor\\laravel\\framework\\src\\Illuminate\\Container\\Container.php(821): Illuminate\\Foundation\\Application->resolve('Controller', Array)
#4 D:\\Larapel project\\Kelas_B_WEB2\\Sri_Enri_Anandayani\\Lap1Portofolio\\vendor\\laravel\\framework\\src\\Illuminate\\Foundation\\Application.php(1057): Illuminate\\Container\\Container->make('Controller', Array)
#5 D:\\Larapel project\\Kelas_B_WEB2\\Sri_Enri_Anandayani\\Lap1Portofolio\\vendor\\laravel\\framework\\src\\Illuminate\\Routing\\Route.php(286): Illuminate\\Foundation\\Application->make('Controller')
#6 D:\\Larapel project\\Kelas_B_WEB2\\Sri_Enri_Anandayani\\Lap1Portofolio\\vendor\\laravel\\framework\\src\\Illuminate\\Routing\\Route.php(266): Illuminate\\Routing\\Route->getController()
#7 D:\\Larapel project\\Kelas_B_WEB2\\Sri_Enri_Anandayani\\Lap1Portofolio\\vendor\\laravel\\framework\\src\\Illuminate\\Routing\\Route.php(211): Illuminate\\Routing\\Route->runController()
#8 D:\\Larapel project\\Kelas_B_WEB2\\Sri_Enri_Anandayani\\Lap1Portofolio\\vendor\\laravel\\framework\\src\\Illuminate\\Routing\\Router.php(808): Illuminate\\Routing\\Route->run()
#9 D:\\Larapel project\\Kelas_B_WEB2\\Sri_Enri_Anandayani\\Lap1Portofolio\\vendor\\laravel\\framework\\src\\Illuminate\\Pipeline\\Pipeline.php(169): Illuminate\\Routing\\Router->Illuminate\\Routing\\{closure}(Object(Illuminate\\Http\\Request))
#10 D:\\Larapel project\\Kelas_B_WEB2\\Sri_Enri_Anandayani\\Lap1Portofolio\\vendor\\laravel\\framework\\src\\Illuminate\\Routing\\Middleware\\SubstituteBindings.php(50): Illuminate\\Pipeline\\Pipeline->Illuminate\\Pipeline\\{closure}(Object(Illuminate\\Http\\Request))
#11 D:\\Larapel project\\Kelas_B_WEB2\\Sri_Enri_Anandayani\\Lap1Portofolio\\vendor\\laravel\\framework\\src\\Illuminate\\Pipeline\\Pipeline.php(208): Illuminate\\Routing\\Middleware\\SubstituteBindings->handle(Object(Illuminate\\Http\\Request), Object(Closure))
#12 D:\\Larapel project\\Kelas_B_WEB2\\Sri_Enri_Anandayani\\Lap1Portofolio\\vendor\\laravel\\framework\\src\\Illuminate\\Foundation\\Http\\Middleware\\VerifyCsrfToken.php(87): Illuminate\\Pipeline\\Pipeline->Illuminate\\Pipeline\\{closure}(Object(Illuminate\\Http\\Request))
#13 D:\\Larapel project\\Kelas_B_WEB2\\Sri_Enri_Anandayani\\Lap1Portofolio\\vendor\\laravel\\framework\\src\\Illuminate\\Pipeline\\Pipeline.php(208): Illuminate\\Foundation\\Http\\Middleware\\VerifyCsrfToken->handle(Object(Illuminate\\Http\\Request), Object(Closure))
#14 D:\\Larapel project\\Kelas_B_WEB2\\Sri_Enri_Anandayani\\Lap1Portofolio\\vendor\\laravel\\framework\\src\\Illuminate\\View\\Middleware\\ShareErrorsFromSession.php(48): Illuminate\\Pipeline\\Pipeline->Illuminate\\Pipeline\\{closure}(Object(Illuminate\\Http\\Request))
#15 D:\\Larapel project\\Kelas_B_WEB2\\Sri_Enri_Anandayani\\Lap1Portofolio\\vendor\\laravel\\framework\\src\\Illuminate\\Pipeline\\Pipeline.php(208): Illuminate\\View\\Middleware\\ShareErrorsFromSession->handle(Object(Illuminate\\Http\\Request), Object(Closure))
#16 D:\\Larapel project\\Kelas_B_WEB2\\Sri_Enri_Anandayani\\Lap1Portofolio\\vendor\\laravel\\framework\\src\\Illuminate\\Session\\Middleware\\StartSession.php(120): Illuminate\\Pipeline\\Pipeline->Illuminate\\Pipeline\\{closure}(Object(Illuminate\\Http\\Request))
#17 D:\\Larapel project\\Kelas_B_WEB2\\Sri_Enri_Anandayani\\Lap1Portofolio\\vendor\\laravel\\framework\\src\\Illuminate\\Session\\Middleware\\StartSession.php(63): Illuminate\\Session\\Middleware\\StartSession->handleStatefulRequest(Object(Illuminate\\Http\\Request), Object(Illuminate\\Session\\Store), Object(Closure))
#18 D:\\Larapel project\\Kelas_B_WEB2\\Sri_Enri_Anandayani\\Lap1Portofolio\\vendor\\laravel\\framework\\src\\Illuminate\\Pipeline\\Pipeline.php(208): Illuminate\\Session\\Middleware\\StartSession->handle(Object(Illuminate\\Http\\Request), Object(Closure))
#19 D:\\Larapel project\\Kelas_B_WEB2\\Sri_Enri_Anandayani\\Lap1Portofolio\\vendor\\laravel\\framework\\src\\Illuminate\\Cookie\\Middleware\\AddQueuedCookiesToResponse.php(36): Illuminate\\Pipeline\\Pipeline->Illuminate\\Pipeline\\{closure}(Object(Illuminate\\Http\\Request))
#20 D:\\Larapel project\\Kelas_B_WEB2\\Sri_Enri_Anandayani\\Lap1Portofolio\\vendor\\laravel\\framework\\src\\Illuminate\\Pipeline\\Pipeline.php(208): Illuminate\\Cookie\\Middleware\\AddQueuedCookiesToResponse->handle(Object(Illuminate\\Http\\Request), Object(Closure))
#21 D:\\Larapel project\\Kelas_B_WEB2\\Sri_Enri_Anandayani\\Lap1Portofolio\\vendor\\laravel\\framework\\src\\Illuminate\\Cookie\\Middleware\\EncryptCookies.php(74): Illuminate\\Pipeline\\Pipeline->Illuminate\\Pipeline\\{closure}(Object(Illuminate\\Http\\Request))
#22 D:\\Larapel project\\Kelas_B_WEB2\\Sri_Enri_Anandayani\\Lap1Portofolio\\vendor\\laravel\\framework\\src\\Illuminate\\Pipeline\\Pipeline.php(208): Illuminate\\Cookie\\Middleware\\EncryptCookies->handle(Object(Illuminate\\Http\\Request), Object(Closure))
#23 D:\\Larapel project\\Kelas_B_WEB2\\Sri_Enri_Anandayani\\Lap1Portofolio\\vendor\\laravel\\framework\\src\\Illuminate\\Pipeline\\Pipeline.php(126): Illuminate\\Pipeline\\Pipeline->Illuminate\\Pipeline\\{closure}(Object(Illuminate\\Http\\Request))
#24 D:\\Larapel project\\Kelas_B_WEB2\\Sri_Enri_Anandayani\\Lap1Portofolio\\vendor\\laravel\\framework\\src\\Illuminate\\Routing\\Router.php(807): Illuminate\\Pipeline\\Pipeline->then(Object(Closure))
#25 D:\\Larapel project\\Kelas_B_WEB2\\Sri_Enri_Anandayani\\Lap1Portofolio\\vendor\\laravel\\framework\\src\\Illuminate\\Routing\\Router.php(786): Illuminate\\Routing\\Router->runRouteWithinStack(Object(Illuminate\\Routing\\Route), Object(Illuminate\\Http\\Request))
#26 D:\\Larapel project\\Kelas_B_WEB2\\Sri_Enri_Anandayani\\Lap1Portofolio\\vendor\\laravel\\framework\\src\\Illuminate\\Routing\\Router.php(750): Illuminate\\Routing\\Router->runRoute(Object(Illuminate\\Http\\Request), Object(Illuminate\\Routing\\Route))
#27 D:\\Larapel project\\Kelas_B_WEB2\\Sri_Enri_Anandayani\\Lap1Portofolio\\vendor\\laravel\\framework\\src\\Illuminate\\Routing\\Router.php(739): Illuminate\\Routing\\Router->dispatchToRoute(Object(Illuminate\\Http\\Request))
#28 D:\\Larapel project\\Kelas_B_WEB2\\Sri_Enri_Anandayani\\Lap1Portofolio\\vendor\\laravel\\framework\\src\\Illuminate\\Foundation\\Http\\Kernel.php(200): Illuminate\\Routing\\Router->dispatch(Object(Illuminate\\Http\\Request))
#29 D:\\Larapel project\\Kelas_B_WEB2\\Sri_Enri_Anandayani\\Lap1Portofolio\\vendor\\laravel\\framework\\src\\Illuminate\\Pipeline\\Pipeline.php(169): Illuminate\\Foundation\\Http\\Kernel->Illuminate\\Foundation\\Http\\{closure}(Object(Illuminate\\Http\\Request))
#30 D:\\Larapel project\\Kelas_B_WEB2\\Sri_Enri_Anandayani\\Lap1Portofolio\\vendor\\laravel\\framework\\src\\Illuminate\\Foundation\\Http\\Middleware\\TransformsRequest.php(21): Illuminate\\Pipeline\\Pipeline->Illuminate\\Pipeline\\{closure}(Object(Illuminate\\Http\\Request))
#31 D:\\Larapel project\\Kelas_B_WEB2\\Sri_Enri_Anandayani\\Lap1Portofolio\\vendor\\laravel\\framework\\src\\Illuminate\\Foundation\\Http\\Middleware\\ConvertEmptyStringsToNull.php(31): Illuminate\\Foundation\\Http\\Middleware\\TransformsRequest->handle(Object(Illuminate\\Http\\Request), Object(Closure))
#32 D:\\Larapel project\\Kelas_B_WEB2\\Sri_Enri_Anandayani\\Lap1Portofolio\\vendor\\laravel\\framework\\src\\Illuminate\\Pipeline\\Pipeline.php(208): Illuminate\\Foundation\\Http\\Middleware\\ConvertEmptyStringsToNull->handle(Object(Illuminate\\Http\\Request), Object(Closure))
#33 D:\\Larapel project\\Kelas_B_WEB2\\Sri_Enri_Anandayani\\Lap1Portofolio\\vendor\\laravel\\framework\\src\\Illuminate\\Foundation\\Http\\Middleware\\TransformsRequest.php(21): Illuminate\\Pipeline\\Pipeline->Illuminate\\Pipeline\\{closure}(Object(Illuminate\\Http\\Request))
#34 D:\\Larapel project\\Kelas_B_WEB2\\Sri_Enri_Anandayani\\Lap1Portofolio\\vendor\\laravel\\framework\\src\\Illuminate\\Foundation\\Http\\Middleware\\TrimStrings.php(51): Illuminate\\Foundation\\Http\\Middleware\\TransformsRequest->handle(Object(Illuminate\\Http\\Request), Object(Closure))
#35 D:\\Larapel project\\Kelas_B_WEB2\\Sri_Enri_Anandayani\\Lap1Portofolio\\vendor\\laravel\\framework\\src\\Illuminate\\Pipeline\\Pipeline.php(208): Illuminate\\Foundation\\Http\\Middleware\\TrimStrings->handle(Object(Illuminate\\Http\\Request), Object(Closure))
#36 D:\\Larapel project\\Kelas_B_WEB2\\Sri_Enri_Anandayani\\Lap1Portofolio\\vendor\\laravel\\framework\\src\\Illuminate\\Http\\Middleware\\ValidatePostSize.php(27): Illuminate\\Pipeline\\Pipeline->Illuminate\\Pipeline\\{closure}(Object(Illuminate\\Http\\Request))
#37 D:\\Larapel project\\Kelas_B_WEB2\\Sri_Enri_Anandayani\\Lap1Portofolio\\vendor\\laravel\\framework\\src\\Illuminate\\Pipeline\\Pipeline.php(208): Illuminate\\Http\\Middleware\\ValidatePostSize->handle(Object(Illuminate\\Http\\Request), Object(Closure))
#38 D:\\Larapel project\\Kelas_B_WEB2\\Sri_Enri_Anandayani\\Lap1Portofolio\\vendor\\laravel\\framework\\src\\Illuminate\\Foundation\\Http\\Middleware\\PreventRequestsDuringMaintenance.php(109): Illuminate\\Pipeline\\Pipeline->Illuminate\\Pipeline\\{closure}(Object(Illuminate\\Http\\Request))
#39 D:\\Larapel project\\Kelas_B_WEB2\\Sri_Enri_Anandayani\\Lap1Portofolio\\vendor\\laravel\\framework\\src\\Illuminate\\Pipeline\\Pipeline.php(208): Illuminate\\Foundation\\Http\\Middleware\\PreventRequestsDuringMaintenance->handle(Object(Illuminate\\Http\\Request), Object(Closure))
#40 D:\\Larapel project\\Kelas_B_WEB2\\Sri_Enri_Anandayani\\Lap1Portofolio\\vendor\\laravel\\framework\\src\\Illuminate\\Http\\Middleware\\HandleCors.php(48): Illuminate\\Pipeline\\Pipeline->Illuminate\\Pipeline\\{closure}(Object(Illuminate\\Http\\Request))
#41 D:\\Larapel project\\Kelas_B_WEB2\\Sri_Enri_Anandayani\\Lap1Portofolio\\vendor\\laravel\\framework\\src\\Illuminate\\Pipeline\\Pipeline.php(208): Illuminate\\Http\\Middleware\\HandleCors->handle(Object(Illuminate\\Http\\Request), Object(Closure))
#42 D:\\Larapel project\\Kelas_B_WEB2\\Sri_Enri_Anandayani\\Lap1Portofolio\\vendor\\laravel\\framework\\src\\Illuminate\\Http\\Middleware\\TrustProxies.php(58): Illuminate\\Pipeline\\Pipeline->Illuminate\\Pipeline\\{closure}(Object(Illuminate\\Http\\Request))
#43 D:\\Larapel project\\Kelas_B_WEB2\\Sri_Enri_Anandayani\\Lap1Portofolio\\vendor\\laravel\\framework\\src\\Illuminate\\Pipeline\\Pipeline.php(208): Illuminate\\Http\\Middleware\\TrustProxies->handle(Object(Illuminate\\Http\\Request), Object(Closure))
#44 D:\\Larapel project\\Kelas_B_WEB2\\Sri_Enri_Anandayani\\Lap1Portofolio\\vendor\\laravel\\framework\\src\\Illuminate\\Foundation\\Http\\Middleware\\InvokeDeferredCallbacks.php(22): Illuminate\\Pipeline\\Pipeline->Illuminate\\Pipeline\\{closure}(Object(Illuminate\\Http\\Request))
#45 D:\\Larapel project\\Kelas_B_WEB2\\Sri_Enri_Anandayani\\Lap1Portofolio\\vendor\\laravel\\framework\\src\\Illuminate\\Pipeline\\Pipeline.php(208): Illuminate\\Foundation\\Http\\Middleware\\InvokeDeferredCallbacks->handle(Object(Illuminate\\Http\\Request), Object(Closure))
#46 D:\\Larapel project\\Kelas_B_WEB2\\Sri_Enri_Anandayani\\Lap1Portofolio\\vendor\\laravel\\framework\\src\\Illuminate\\Http\\Middleware\\ValidatePathEncoding.php(26): Illuminate\\Pipeline\\Pipeline->Illuminate\\Pipeline\\{closure}(Object(Illuminate\\Http\\Request))
#47 D:\\Larapel project\\Kelas_B_WEB2\\Sri_Enri_Anandayani\\Lap1Portofolio\\vendor\\laravel\\framework\\src\\Illuminate\\Pipeline\\Pipeline.php(208): Illuminate\\Http\\Middleware\\ValidatePathEncoding->handle(Object(Illuminate\\Http\\Request), Object(Closure))
#48 D:\\Larapel project\\Kelas_B_WEB2\\Sri_Enri_Anandayani\\Lap1Portofolio\\vendor\\laravel\\framework\\src\\Illuminate\\Pipeline\\Pipeline.php(126): Illuminate\\Pipeline\\Pipeline->Illuminate\\Pipeline\\{closure}(Object(Illuminate\\Http\\Request))
#49 D:\\Larapel project\\Kelas_B_WEB2\\Sri_Enri_Anandayani\\Lap1Portofolio\\vendor\\laravel\\framework\\src\\Illuminate\\Foundation\\Http\\Kernel.php(175): Illuminate\\Pipeline\\Pipeline->then(Object(Closure))
#50 D:\\Larapel project\\Kelas_B_WEB2\\Sri_Enri_Anandayani\\Lap1Portofolio\\vendor\\laravel\\framework\\src\\Illuminate\\Foundation\\Http\\Kernel.php(144): Illuminate\\Foundation\\Http\\Kernel->sendRequestThroughRouter(Object(Illuminate\\Http\\Request))
#51 D:\\Larapel project\\Kelas_B_WEB2\\Sri_Enri_Anandayani\\Lap1Portofolio\\vendor\\laravel\\framework\\src\\Illuminate\\Foundation\\Application.php(1219): Illuminate\\Foundation\\Http\\Kernel->handle(Object(Illuminate\\Http\\Request))
#52 D:\\Larapel project\\Kelas_B_WEB2\\Sri_Enri_Anandayani\\Lap1Portofolio\\public\\index.php(20): Illuminate\\Foundation\\Application->handleRequest(Object(Illuminate\\Http\\Request))
#53 D:\\Larapel project\\Kelas_B_WEB2\\Sri_Enri_Anandayani\\Lap1Portofolio\\vendor\\laravel\\framework\\src\\Illuminate\\Foundation\\resources\\server.php(23): require_once('D:\\\\Larapel proj...')
#54 {main}
"} 
[2025-05-19 05:19:46] local.ERROR: The "--host+127.0.0.1" option does not exist. {"exception":"[object] (Symfony\\Component\\Console\\Exception\\RuntimeException(code: 0): The \"--host+127.0.0.1\" option does not exist. at D:\\Larapel project\\Kelas_B_WEB2\\Sri_Enri_Anandayani\\Lap1Portofolio\\vendor\\symfony\\console\\Input\\ArgvInput.php:226)
[stacktrace]
#0 D:\\Larapel project\\Kelas_B_WEB2\\Sri_Enri_Anandayani\\Lap1Portofolio\\vendor\\symfony\\console\\Input\\ArgvInput.php(155): Symfony\\Component\\Console\\Input\\ArgvInput->addLongOption('host+127.0.0.1', NULL)
#1 D:\\Larapel project\\Kelas_B_WEB2\\Sri_Enri_Anandayani\\Lap1Portofolio\\vendor\\symfony\\console\\Input\\ArgvInput.php(88): Symfony\\Component\\Console\\Input\\ArgvInput->parseLongOption('--host+127.0.0....')
#2 D:\\Larapel project\\Kelas_B_WEB2\\Sri_Enri_Anandayani\\Lap1Portofolio\\vendor\\symfony\\console\\Input\\ArgvInput.php(77): Symfony\\Component\\Console\\Input\\ArgvInput->parseToken('--host+127.0.0....', true)
#3 D:\\Larapel project\\Kelas_B_WEB2\\Sri_Enri_Anandayani\\Lap1Portofolio\\vendor\\symfony\\console\\Input\\Input.php(53): Symfony\\Component\\Console\\Input\\ArgvInput->parse()
#4 D:\\Larapel project\\Kelas_B_WEB2\\Sri_Enri_Anandayani\\Lap1Portofolio\\vendor\\symfony\\console\\Command\\Command.php(238): Symfony\\Component\\Console\\Input\\Input->bind(Object(Symfony\\Component\\Console\\Input\\InputDefinition))
#5 D:\\Larapel project\\Kelas_B_WEB2\\Sri_Enri_Anandayani\\Lap1Portofolio\\vendor\\laravel\\framework\\src\\Illuminate\\Console\\Command.php(180): Symfony\\Component\\Console\\Command\\Command->run(Object(Symfony\\Component\\Console\\Input\\ArgvInput), Object(Illuminate\\Console\\OutputStyle))
#6 D:\\Larapel project\\Kelas_B_WEB2\\Sri_Enri_Anandayani\\Lap1Portofolio\\vendor\\symfony\\console\\Application.php(1094): Illuminate\\Console\\Command->run(Object(Symfony\\Component\\Console\\Input\\ArgvInput), Object(Symfony\\Component\\Console\\Output\\ConsoleOutput))
#7 D:\\Larapel project\\Kelas_B_WEB2\\Sri_Enri_Anandayani\\Lap1Portofolio\\vendor\\symfony\\console\\Application.php(342): Symfony\\Component\\Console\\Application->doRunCommand(Object(Illuminate\\Foundation\\Console\\ServeCommand), Object(Symfony\\Component\\Console\\Input\\ArgvInput), Object(Symfony\\Component\\Console\\Output\\ConsoleOutput))
#8 D:\\Larapel project\\Kelas_B_WEB2\\Sri_Enri_Anandayani\\Lap1Portofolio\\vendor\\symfony\\console\\Application.php(193): Symfony\\Component\\Console\\Application->doRun(Object(Symfony\\Component\\Console\\Input\\ArgvInput), Object(Symfony\\Component\\Console\\Output\\ConsoleOutput))
#9 D:\\Larapel project\\Kelas_B_WEB2\\Sri_Enri_Anandayani\\Lap1Portofolio\\vendor\\laravel\\framework\\src\\Illuminate\\Foundation\\Console\\Kernel.php(197): Symfony\\Component\\Console\\Application->run(Object(Symfony\\Component\\Console\\Input\\ArgvInput), Object(Symfony\\Component\\Console\\Output\\ConsoleOutput))
#10 D:\\Larapel project\\Kelas_B_WEB2\\Sri_Enri_Anandayani\\Lap1Portofolio\\vendor\\laravel\\framework\\src\\Illuminate\\Foundation\\Application.php(1234): Illuminate\\Foundation\\Console\\Kernel->handle(Object(Symfony\\Component\\Console\\Input\\ArgvInput), Object(Symfony\\Component\\Console\\Output\\ConsoleOutput))
#11 D:\\Larapel project\\Kelas_B_WEB2\\Sri_Enri_Anandayani\\Lap1Portofolio\\artisan(16): Illuminate\\Foundation\\Application->handleCommand(Object(Symfony\\Component\\Console\\Input\\ArgvInput))
#12 {main}
"} 
[2025-05-19 05:20:09] local.ERROR: The "--host+127.0.0.1" option does not exist. {"exception":"[object] (Symfony\\Component\\Console\\Exception\\RuntimeException(code: 0): The \"--host+127.0.0.1\" option does not exist. at D:\\Larapel project\\Kelas_B_WEB2\\Sri_Enri_Anandayani\\Lap1Portofolio\\vendor\\symfony\\console\\Input\\ArgvInput.php:226)
[stacktrace]
#0 D:\\Larapel project\\Kelas_B_WEB2\\Sri_Enri_Anandayani\\Lap1Portofolio\\vendor\\symfony\\console\\Input\\ArgvInput.php(155): Symfony\\Component\\Console\\Input\\ArgvInput->addLongOption('host+127.0.0.1', NULL)
#1 D:\\Larapel project\\Kelas_B_WEB2\\Sri_Enri_Anandayani\\Lap1Portofolio\\vendor\\symfony\\console\\Input\\ArgvInput.php(88): Symfony\\Component\\Console\\Input\\ArgvInput->parseLongOption('--host+127.0.0....')
#2 D:\\Larapel project\\Kelas_B_WEB2\\Sri_Enri_Anandayani\\Lap1Portofolio\\vendor\\symfony\\console\\Input\\ArgvInput.php(77): Symfony\\Component\\Console\\Input\\ArgvInput->parseToken('--host+127.0.0....', true)
#3 D:\\Larapel project\\Kelas_B_WEB2\\Sri_Enri_Anandayani\\Lap1Portofolio\\vendor\\symfony\\console\\Input\\Input.php(53): Symfony\\Component\\Console\\Input\\ArgvInput->parse()
#4 D:\\Larapel project\\Kelas_B_WEB2\\Sri_Enri_Anandayani\\Lap1Portofolio\\vendor\\symfony\\console\\Command\\Command.php(238): Symfony\\Component\\Console\\Input\\Input->bind(Object(Symfony\\Component\\Console\\Input\\InputDefinition))
#5 D:\\Larapel project\\Kelas_B_WEB2\\Sri_Enri_Anandayani\\Lap1Portofolio\\vendor\\laravel\\framework\\src\\Illuminate\\Console\\Command.php(180): Symfony\\Component\\Console\\Command\\Command->run(Object(Symfony\\Component\\Console\\Input\\ArgvInput), Object(Illuminate\\Console\\OutputStyle))
#6 D:\\Larapel project\\Kelas_B_WEB2\\Sri_Enri_Anandayani\\Lap1Portofolio\\vendor\\symfony\\console\\Application.php(1094): Illuminate\\Console\\Command->run(Object(Symfony\\Component\\Console\\Input\\ArgvInput), Object(Symfony\\Component\\Console\\Output\\ConsoleOutput))
#7 D:\\Larapel project\\Kelas_B_WEB2\\Sri_Enri_Anandayani\\Lap1Portofolio\\vendor\\symfony\\console\\Application.php(342): Symfony\\Component\\Console\\Application->doRunCommand(Object(Illuminate\\Foundation\\Console\\ServeCommand), Object(Symfony\\Component\\Console\\Input\\ArgvInput), Object(Symfony\\Component\\Console\\Output\\ConsoleOutput))
#8 D:\\Larapel project\\Kelas_B_WEB2\\Sri_Enri_Anandayani\\Lap1Portofolio\\vendor\\symfony\\console\\Application.php(193): Symfony\\Component\\Console\\Application->doRun(Object(Symfony\\Component\\Console\\Input\\ArgvInput), Object(Symfony\\Component\\Console\\Output\\ConsoleOutput))
#9 D:\\Larapel project\\Kelas_B_WEB2\\Sri_Enri_Anandayani\\Lap1Portofolio\\vendor\\laravel\\framework\\src\\Illuminate\\Foundation\\Console\\Kernel.php(197): Symfony\\Component\\Console\\Application->run(Object(Symfony\\Component\\Console\\Input\\ArgvInput), Object(Symfony\\Component\\Console\\Output\\ConsoleOutput))
#10 D:\\Larapel project\\Kelas_B_WEB2\\Sri_Enri_Anandayani\\Lap1Portofolio\\vendor\\laravel\\framework\\src\\Illuminate\\Foundation\\Application.php(1234): Illuminate\\Foundation\\Console\\Kernel->handle(Object(Symfony\\Component\\Console\\Input\\ArgvInput), Object(Symfony\\Component\\Console\\Output\\ConsoleOutput))
#11 D:\\Larapel project\\Kelas_B_WEB2\\Sri_Enri_Anandayani\\Lap1Portofolio\\artisan(16): Illuminate\\Foundation\\Application->handleCommand(Object(Symfony\\Component\\Console\\Input\\ArgvInput))
#12 {main}
"} 
[2025-05-19 05:35:02] local.ERROR: Call to undefined method App\Http\Controllers\BiodataController::about() {"exception":"[object] (Error(code: 0): Call to undefined method App\\Http\\Controllers\\BiodataController::about() at D:\\Larapel project\\Kelas_B_WEB2\\Sri_Enri_Anandayani\\Lap1Portofolio\\vendor\\laravel\\framework\\src\\Illuminate\\Routing\\ControllerDispatcher.php:46)
[stacktrace]
#0 D:\\Larapel project\\Kelas_B_WEB2\\Sri_Enri_Anandayani\\Lap1Portofolio\\vendor\\laravel\\framework\\src\\Illuminate\\Routing\\Route.php(265): Illuminate\\Routing\\ControllerDispatcher->dispatch(Object(Illuminate\\Routing\\Route), Object(App\\Http\\Controllers\\BiodataController), 'about')
#1 D:\\Larapel project\\Kelas_B_WEB2\\Sri_Enri_Anandayani\\Lap1Portofolio\\vendor\\laravel\\framework\\src\\Illuminate\\Routing\\Route.php(211): Illuminate\\Routing\\Route->runController()
#2 D:\\Larapel project\\Kelas_B_WEB2\\Sri_Enri_Anandayani\\Lap1Portofolio\\vendor\\laravel\\framework\\src\\Illuminate\\Routing\\Router.php(808): Illuminate\\Routing\\Route->run()
#3 D:\\Larapel project\\Kelas_B_WEB2\\Sri_Enri_Anandayani\\Lap1Portofolio\\vendor\\laravel\\framework\\src\\Illuminate\\Pipeline\\Pipeline.php(169): Illuminate\\Routing\\Router->Illuminate\\Routing\\{closure}(Object(Illuminate\\Http\\Request))
#4 D:\\Larapel project\\Kelas_B_WEB2\\Sri_Enri_Anandayani\\Lap1Portofolio\\vendor\\laravel\\framework\\src\\Illuminate\\Routing\\Middleware\\SubstituteBindings.php(50): Illuminate\\Pipeline\\Pipeline->Illuminate\\Pipeline\\{closure}(Object(Illuminate\\Http\\Request))
#5 D:\\Larapel project\\Kelas_B_WEB2\\Sri_Enri_Anandayani\\Lap1Portofolio\\vendor\\laravel\\framework\\src\\Illuminate\\Pipeline\\Pipeline.php(208): Illuminate\\Routing\\Middleware\\SubstituteBindings->handle(Object(Illuminate\\Http\\Request), Object(Closure))
#6 D:\\Larapel project\\Kelas_B_WEB2\\Sri_Enri_Anandayani\\Lap1Portofolio\\vendor\\laravel\\framework\\src\\Illuminate\\Foundation\\Http\\Middleware\\VerifyCsrfToken.php(87): Illuminate\\Pipeline\\Pipeline->Illuminate\\Pipeline\\{closure}(Object(Illuminate\\Http\\Request))
#7 D:\\Larapel project\\Kelas_B_WEB2\\Sri_Enri_Anandayani\\Lap1Portofolio\\vendor\\laravel\\framework\\src\\Illuminate\\Pipeline\\Pipeline.php(208): Illuminate\\Foundation\\Http\\Middleware\\VerifyCsrfToken->handle(Object(Illuminate\\Http\\Request), Object(Closure))
#8 D:\\Larapel project\\Kelas_B_WEB2\\Sri_Enri_Anandayani\\Lap1Portofolio\\vendor\\laravel\\framework\\src\\Illuminate\\View\\Middleware\\ShareErrorsFromSession.php(48): Illuminate\\Pipeline\\Pipeline->Illuminate\\Pipeline\\{closure}(Object(Illuminate\\Http\\Request))
#9 D:\\Larapel project\\Kelas_B_WEB2\\Sri_Enri_Anandayani\\Lap1Portofolio\\vendor\\laravel\\framework\\src\\Illuminate\\Pipeline\\Pipeline.php(208): Illuminate\\View\\Middleware\\ShareErrorsFromSession->handle(Object(Illuminate\\Http\\Request), Object(Closure))
#10 D:\\Larapel project\\Kelas_B_WEB2\\Sri_Enri_Anandayani\\Lap1Portofolio\\vendor\\laravel\\framework\\src\\Illuminate\\Session\\Middleware\\StartSession.php(120): Illuminate\\Pipeline\\Pipeline->Illuminate\\Pipeline\\{closure}(Object(Illuminate\\Http\\Request))
#11 D:\\Larapel project\\Kelas_B_WEB2\\Sri_Enri_Anandayani\\Lap1Portofolio\\vendor\\laravel\\framework\\src\\Illuminate\\Session\\Middleware\\StartSession.php(63): Illuminate\\Session\\Middleware\\StartSession->handleStatefulRequest(Object(Illuminate\\Http\\Request), Object(Illuminate\\Session\\Store), Object(Closure))
#12 D:\\Larapel project\\Kelas_B_WEB2\\Sri_Enri_Anandayani\\Lap1Portofolio\\vendor\\laravel\\framework\\src\\Illuminate\\Pipeline\\Pipeline.php(208): Illuminate\\Session\\Middleware\\StartSession->handle(Object(Illuminate\\Http\\Request), Object(Closure))
#13 D:\\Larapel project\\Kelas_B_WEB2\\Sri_Enri_Anandayani\\Lap1Portofolio\\vendor\\laravel\\framework\\src\\Illuminate\\Cookie\\Middleware\\AddQueuedCookiesToResponse.php(36): Illuminate\\Pipeline\\Pipeline->Illuminate\\Pipeline\\{closure}(Object(Illuminate\\Http\\Request))
#14 D:\\Larapel project\\Kelas_B_WEB2\\Sri_Enri_Anandayani\\Lap1Portofolio\\vendor\\laravel\\framework\\src\\Illuminate\\Pipeline\\Pipeline.php(208): Illuminate\\Cookie\\Middleware\\AddQueuedCookiesToResponse->handle(Object(Illuminate\\Http\\Request), Object(Closure))
#15 D:\\Larapel project\\Kelas_B_WEB2\\Sri_Enri_Anandayani\\Lap1Portofolio\\vendor\\laravel\\framework\\src\\Illuminate\\Cookie\\Middleware\\EncryptCookies.php(74): Illuminate\\Pipeline\\Pipeline->Illuminate\\Pipeline\\{closure}(Object(Illuminate\\Http\\Request))
#16 D:\\Larapel project\\Kelas_B_WEB2\\Sri_Enri_Anandayani\\Lap1Portofolio\\vendor\\laravel\\framework\\src\\Illuminate\\Pipeline\\Pipeline.php(208): Illuminate\\Cookie\\Middleware\\EncryptCookies->handle(Object(Illuminate\\Http\\Request), Object(Closure))
#17 D:\\Larapel project\\Kelas_B_WEB2\\Sri_Enri_Anandayani\\Lap1Portofolio\\vendor\\laravel\\framework\\src\\Illuminate\\Pipeline\\Pipeline.php(126): Illuminate\\Pipeline\\Pipeline->Illuminate\\Pipeline\\{closure}(Object(Illuminate\\Http\\Request))
#18 D:\\Larapel project\\Kelas_B_WEB2\\Sri_Enri_Anandayani\\Lap1Portofolio\\vendor\\laravel\\framework\\src\\Illuminate\\Routing\\Router.php(807): Illuminate\\Pipeline\\Pipeline->then(Object(Closure))
#19 D:\\Larapel project\\Kelas_B_WEB2\\Sri_Enri_Anandayani\\Lap1Portofolio\\vendor\\laravel\\framework\\src\\Illuminate\\Routing\\Router.php(786): Illuminate\\Routing\\Router->runRouteWithinStack(Object(Illuminate\\Routing\\Route), Object(Illuminate\\Http\\Request))
#20 D:\\Larapel project\\Kelas_B_WEB2\\Sri_Enri_Anandayani\\Lap1Portofolio\\vendor\\laravel\\framework\\src\\Illuminate\\Routing\\Router.php(750): Illuminate\\Routing\\Router->runRoute(Object(Illuminate\\Http\\Request), Object(Illuminate\\Routing\\Route))
#21 D:\\Larapel project\\Kelas_B_WEB2\\Sri_Enri_Anandayani\\Lap1Portofolio\\vendor\\laravel\\framework\\src\\Illuminate\\Routing\\Router.php(739): Illuminate\\Routing\\Router->dispatchToRoute(Object(Illuminate\\Http\\Request))
#22 D:\\Larapel project\\Kelas_B_WEB2\\Sri_Enri_Anandayani\\Lap1Portofolio\\vendor\\laravel\\framework\\src\\Illuminate\\Foundation\\Http\\Kernel.php(200): Illuminate\\Routing\\Router->dispatch(Object(Illuminate\\Http\\Request))
#23 D:\\Larapel project\\Kelas_B_WEB2\\Sri_Enri_Anandayani\\Lap1Portofolio\\vendor\\laravel\\framework\\src\\Illuminate\\Pipeline\\Pipeline.php(169): Illuminate\\Foundation\\Http\\Kernel->Illuminate\\Foundation\\Http\\{closure}(Object(Illuminate\\Http\\Request))
#24 D:\\Larapel project\\Kelas_B_WEB2\\Sri_Enri_Anandayani\\Lap1Portofolio\\vendor\\laravel\\framework\\src\\Illuminate\\Foundation\\Http\\Middleware\\TransformsRequest.php(21): Illuminate\\Pipeline\\Pipeline->Illuminate\\Pipeline\\{closure}(Object(Illuminate\\Http\\Request))
#25 D:\\Larapel project\\Kelas_B_WEB2\\Sri_Enri_Anandayani\\Lap1Portofolio\\vendor\\laravel\\framework\\src\\Illuminate\\Foundation\\Http\\Middleware\\ConvertEmptyStringsToNull.php(31): Illuminate\\Foundation\\Http\\Middleware\\TransformsRequest->handle(Object(Illuminate\\Http\\Request), Object(Closure))
#26 D:\\Larapel project\\Kelas_B_WEB2\\Sri_Enri_Anandayani\\Lap1Portofolio\\vendor\\laravel\\framework\\src\\Illuminate\\Pipeline\\Pipeline.php(208): Illuminate\\Foundation\\Http\\Middleware\\ConvertEmptyStringsToNull->handle(Object(Illuminate\\Http\\Request), Object(Closure))
#27 D:\\Larapel project\\Kelas_B_WEB2\\Sri_Enri_Anandayani\\Lap1Portofolio\\vendor\\laravel\\framework\\src\\Illuminate\\Foundation\\Http\\Middleware\\TransformsRequest.php(21): Illuminate\\Pipeline\\Pipeline->Illuminate\\Pipeline\\{closure}(Object(Illuminate\\Http\\Request))
#28 D:\\Larapel project\\Kelas_B_WEB2\\Sri_Enri_Anandayani\\Lap1Portofolio\\vendor\\laravel\\framework\\src\\Illuminate\\Foundation\\Http\\Middleware\\TrimStrings.php(51): Illuminate\\Foundation\\Http\\Middleware\\TransformsRequest->handle(Object(Illuminate\\Http\\Request), Object(Closure))
#29 D:\\Larapel project\\Kelas_B_WEB2\\Sri_Enri_Anandayani\\Lap1Portofolio\\vendor\\laravel\\framework\\src\\Illuminate\\Pipeline\\Pipeline.php(208): Illuminate\\Foundation\\Http\\Middleware\\TrimStrings->handle(Object(Illuminate\\Http\\Request), Object(Closure))
#30 D:\\Larapel project\\Kelas_B_WEB2\\Sri_Enri_Anandayani\\Lap1Portofolio\\vendor\\laravel\\framework\\src\\Illuminate\\Http\\Middleware\\ValidatePostSize.php(27): Illuminate\\Pipeline\\Pipeline->Illuminate\\Pipeline\\{closure}(Object(Illuminate\\Http\\Request))
#31 D:\\Larapel project\\Kelas_B_WEB2\\Sri_Enri_Anandayani\\Lap1Portofolio\\vendor\\laravel\\framework\\src\\Illuminate\\Pipeline\\Pipeline.php(208): Illuminate\\Http\\Middleware\\ValidatePostSize->handle(Object(Illuminate\\Http\\Request), Object(Closure))
#32 D:\\Larapel project\\Kelas_B_WEB2\\Sri_Enri_Anandayani\\Lap1Portofolio\\vendor\\laravel\\framework\\src\\Illuminate\\Foundation\\Http\\Middleware\\PreventRequestsDuringMaintenance.php(109): Illuminate\\Pipeline\\Pipeline->Illuminate\\Pipeline\\{closure}(Object(Illuminate\\Http\\Request))
#33 D:\\Larapel project\\Kelas_B_WEB2\\Sri_Enri_Anandayani\\Lap1Portofolio\\vendor\\laravel\\framework\\src\\Illuminate\\Pipeline\\Pipeline.php(208): Illuminate\\Foundation\\Http\\Middleware\\PreventRequestsDuringMaintenance->handle(Object(Illuminate\\Http\\Request), Object(Closure))
#34 D:\\Larapel project\\Kelas_B_WEB2\\Sri_Enri_Anandayani\\Lap1Portofolio\\vendor\\laravel\\framework\\src\\Illuminate\\Http\\Middleware\\HandleCors.php(48): Illuminate\\Pipeline\\Pipeline->Illuminate\\Pipeline\\{closure}(Object(Illuminate\\Http\\Request))
#35 D:\\Larapel project\\Kelas_B_WEB2\\Sri_Enri_Anandayani\\Lap1Portofolio\\vendor\\laravel\\framework\\src\\Illuminate\\Pipeline\\Pipeline.php(208): Illuminate\\Http\\Middleware\\HandleCors->handle(Object(Illuminate\\Http\\Request), Object(Closure))
#36 D:\\Larapel project\\Kelas_B_WEB2\\Sri_Enri_Anandayani\\Lap1Portofolio\\vendor\\laravel\\framework\\src\\Illuminate\\Http\\Middleware\\TrustProxies.php(58): Illuminate\\Pipeline\\Pipeline->Illuminate\\Pipeline\\{closure}(Object(Illuminate\\Http\\Request))
#37 D:\\Larapel project\\Kelas_B_WEB2\\Sri_Enri_Anandayani\\Lap1Portofolio\\vendor\\laravel\\framework\\src\\Illuminate\\Pipeline\\Pipeline.php(208): Illuminate\\Http\\Middleware\\TrustProxies->handle(Object(Illuminate\\Http\\Request), Object(Closure))
#38 D:\\Larapel project\\Kelas_B_WEB2\\Sri_Enri_Anandayani\\Lap1Portofolio\\vendor\\laravel\\framework\\src\\Illuminate\\Foundation\\Http\\Middleware\\InvokeDeferredCallbacks.php(22): Illuminate\\Pipeline\\Pipeline->Illuminate\\Pipeline\\{closure}(Object(Illuminate\\Http\\Request))
#39 D:\\Larapel project\\Kelas_B_WEB2\\Sri_Enri_Anandayani\\Lap1Portofolio\\vendor\\laravel\\framework\\src\\Illuminate\\Pipeline\\Pipeline.php(208): Illuminate\\Foundation\\Http\\Middleware\\InvokeDeferredCallbacks->handle(Object(Illuminate\\Http\\Request), Object(Closure))
#40 D:\\Larapel project\\Kelas_B_WEB2\\Sri_Enri_Anandayani\\Lap1Portofolio\\vendor\\laravel\\framework\\src\\Illuminate\\Http\\Middleware\\ValidatePathEncoding.php(26): Illuminate\\Pipeline\\Pipeline->Illuminate\\Pipeline\\{closure}(Object(Illuminate\\Http\\Request))
#41 D:\\Larapel project\\Kelas_B_WEB2\\Sri_Enri_Anandayani\\Lap1Portofolio\\vendor\\laravel\\framework\\src\\Illuminate\\Pipeline\\Pipeline.php(208): Illuminate\\Http\\Middleware\\ValidatePathEncoding->handle(Object(Illuminate\\Http\\Request), Object(Closure))
#42 D:\\Larapel project\\Kelas_B_WEB2\\Sri_Enri_Anandayani\\Lap1Portofolio\\vendor\\laravel\\framework\\src\\Illuminate\\Pipeline\\Pipeline.php(126): Illuminate\\Pipeline\\Pipeline->Illuminate\\Pipeline\\{closure}(Object(Illuminate\\Http\\Request))
#43 D:\\Larapel project\\Kelas_B_WEB2\\Sri_Enri_Anandayani\\Lap1Portofolio\\vendor\\laravel\\framework\\src\\Illuminate\\Foundation\\Http\\Kernel.php(175): Illuminate\\Pipeline\\Pipeline->then(Object(Closure))
#44 D:\\Larapel project\\Kelas_B_WEB2\\Sri_Enri_Anandayani\\Lap1Portofolio\\vendor\\laravel\\framework\\src\\Illuminate\\Foundation\\Http\\Kernel.php(144): Illuminate\\Foundation\\Http\\Kernel->sendRequestThroughRouter(Object(Illuminate\\Http\\Request))
#45 D:\\Larapel project\\Kelas_B_WEB2\\Sri_Enri_Anandayani\\Lap1Portofolio\\vendor\\laravel\\framework\\src\\Illuminate\\Foundation\\Application.php(1219): Illuminate\\Foundation\\Http\\Kernel->handle(Object(Illuminate\\Http\\Request))
#46 D:\\Larapel project\\Kelas_B_WEB2\\Sri_Enri_Anandayani\\Lap1Portofolio\\public\\index.php(20): Illuminate\\Foundation\\Application->handleRequest(Object(Illuminate\\Http\\Request))
#47 D:\\Larapel project\\Kelas_B_WEB2\\Sri_Enri_Anandayani\\Lap1Portofolio\\vendor\\laravel\\framework\\src\\Illuminate\\Foundation\\resources\\server.php(23): require_once('D:\\\\Larapel proj...')
#48 {main}
"} 
[2025-05-19 05:36:13] local.ERROR: View [about] not found. {"exception":"[object] (InvalidArgumentException(code: 0): View [about] not found. at D:\\Larapel project\\Kelas_B_WEB2\\Sri_Enri_Anandayani\\Lap1Portofolio\\vendor\\laravel\\framework\\src\\Illuminate\\View\\FileViewFinder.php:138)
[stacktrace]
#0 D:\\Larapel project\\Kelas_B_WEB2\\Sri_Enri_Anandayani\\Lap1Portofolio\\vendor\\laravel\\framework\\src\\Illuminate\\View\\FileViewFinder.php(78): Illuminate\\View\\FileViewFinder->findInPaths('about', Array)
#1 D:\\Larapel project\\Kelas_B_WEB2\\Sri_Enri_Anandayani\\Lap1Portofolio\\vendor\\laravel\\framework\\src\\Illuminate\\View\\Factory.php(150): Illuminate\\View\\FileViewFinder->find('about')
#2 D:\\Larapel project\\Kelas_B_WEB2\\Sri_Enri_Anandayani\\Lap1Portofolio\\vendor\\laravel\\framework\\src\\Illuminate\\Foundation\\helpers.php(1079): Illuminate\\View\\Factory->make('about', Array, Array)
#3 D:\\Larapel project\\Kelas_B_WEB2\\Sri_Enri_Anandayani\\Lap1Portofolio\\routes\\web.php(11): view('about')
#4 D:\\Larapel project\\Kelas_B_WEB2\\Sri_Enri_Anandayani\\Lap1Portofolio\\vendor\\laravel\\framework\\src\\Illuminate\\Routing\\CallableDispatcher.php(39): Illuminate\\Routing\\RouteFileRegistrar->{closure}()
#5 D:\\Larapel project\\Kelas_B_WEB2\\Sri_Enri_Anandayani\\Lap1Portofolio\\vendor\\laravel\\framework\\src\\Illuminate\\Routing\\Route.php(243): Illuminate\\Routing\\CallableDispatcher->dispatch(Object(Illuminate\\Routing\\Route), Object(Closure))
#6 D:\\Larapel project\\Kelas_B_WEB2\\Sri_Enri_Anandayani\\Lap1Portofolio\\vendor\\laravel\\framework\\src\\Illuminate\\Routing\\Route.php(214): Illuminate\\Routing\\Route->runCallable()
#7 D:\\Larapel project\\Kelas_B_WEB2\\Sri_Enri_Anandayani\\Lap1Portofolio\\vendor\\laravel\\framework\\src\\Illuminate\\Routing\\Router.php(808): Illuminate\\Routing\\Route->run()
#8 D:\\Larapel project\\Kelas_B_WEB2\\Sri_Enri_Anandayani\\Lap1Portofolio\\vendor\\laravel\\framework\\src\\Illuminate\\Pipeline\\Pipeline.php(169): Illuminate\\Routing\\Router->Illuminate\\Routing\\{closure}(Object(Illuminate\\Http\\Request))
#9 D:\\Larapel project\\Kelas_B_WEB2\\Sri_Enri_Anandayani\\Lap1Portofolio\\vendor\\laravel\\framework\\src\\Illuminate\\Routing\\Middleware\\SubstituteBindings.php(50): Illuminate\\Pipeline\\Pipeline->Illuminate\\Pipeline\\{closure}(Object(Illuminate\\Http\\Request))
#10 D:\\Larapel project\\Kelas_B_WEB2\\Sri_Enri_Anandayani\\Lap1Portofolio\\vendor\\laravel\\framework\\src\\Illuminate\\Pipeline\\Pipeline.php(208): Illuminate\\Routing\\Middleware\\SubstituteBindings->handle(Object(Illuminate\\Http\\Request), Object(Closure))
#11 D:\\Larapel project\\Kelas_B_WEB2\\Sri_Enri_Anandayani\\Lap1Portofolio\\vendor\\laravel\\framework\\src\\Illuminate\\Foundation\\Http\\Middleware\\VerifyCsrfToken.php(87): Illuminate\\Pipeline\\Pipeline->Illuminate\\Pipeline\\{closure}(Object(Illuminate\\Http\\Request))
#12 D:\\Larapel project\\Kelas_B_WEB2\\Sri_Enri_Anandayani\\Lap1Portofolio\\vendor\\laravel\\framework\\src\\Illuminate\\Pipeline\\Pipeline.php(208): Illuminate\\Foundation\\Http\\Middleware\\VerifyCsrfToken->handle(Object(Illuminate\\Http\\Request), Object(Closure))
#13 D:\\Larapel project\\Kelas_B_WEB2\\Sri_Enri_Anandayani\\Lap1Portofolio\\vendor\\laravel\\framework\\src\\Illuminate\\View\\Middleware\\ShareErrorsFromSession.php(48): Illuminate\\Pipeline\\Pipeline->Illuminate\\Pipeline\\{closure}(Object(Illuminate\\Http\\Request))
#14 D:\\Larapel project\\Kelas_B_WEB2\\Sri_Enri_Anandayani\\Lap1Portofolio\\vendor\\laravel\\framework\\src\\Illuminate\\Pipeline\\Pipeline.php(208): Illuminate\\View\\Middleware\\ShareErrorsFromSession->handle(Object(Illuminate\\Http\\Request), Object(Closure))
#15 D:\\Larapel project\\Kelas_B_WEB2\\Sri_Enri_Anandayani\\Lap1Portofolio\\vendor\\laravel\\framework\\src\\Illuminate\\Session\\Middleware\\StartSession.php(120): Illuminate\\Pipeline\\Pipeline->Illuminate\\Pipeline\\{closure}(Object(Illuminate\\Http\\Request))
#16 D:\\Larapel project\\Kelas_B_WEB2\\Sri_Enri_Anandayani\\Lap1Portofolio\\vendor\\laravel\\framework\\src\\Illuminate\\Session\\Middleware\\StartSession.php(63): Illuminate\\Session\\Middleware\\StartSession->handleStatefulRequest(Object(Illuminate\\Http\\Request), Object(Illuminate\\Session\\Store), Object(Closure))
#17 D:\\Larapel project\\Kelas_B_WEB2\\Sri_Enri_Anandayani\\Lap1Portofolio\\vendor\\laravel\\framework\\src\\Illuminate\\Pipeline\\Pipeline.php(208): Illuminate\\Session\\Middleware\\StartSession->handle(Object(Illuminate\\Http\\Request), Object(Closure))
#18 D:\\Larapel project\\Kelas_B_WEB2\\Sri_Enri_Anandayani\\Lap1Portofolio\\vendor\\laravel\\framework\\src\\Illuminate\\Cookie\\Middleware\\AddQueuedCookiesToResponse.php(36): Illuminate\\Pipeline\\Pipeline->Illuminate\\Pipeline\\{closure}(Object(Illuminate\\Http\\Request))
#19 D:\\Larapel project\\Kelas_B_WEB2\\Sri_Enri_Anandayani\\Lap1Portofolio\\vendor\\laravel\\framework\\src\\Illuminate\\Pipeline\\Pipeline.php(208): Illuminate\\Cookie\\Middleware\\AddQueuedCookiesToResponse->handle(Object(Illuminate\\Http\\Request), Object(Closure))
#20 D:\\Larapel project\\Kelas_B_WEB2\\Sri_Enri_Anandayani\\Lap1Portofolio\\vendor\\laravel\\framework\\src\\Illuminate\\Cookie\\Middleware\\EncryptCookies.php(74): Illuminate\\Pipeline\\Pipeline->Illuminate\\Pipeline\\{closure}(Object(Illuminate\\Http\\Request))
#21 D:\\Larapel project\\Kelas_B_WEB2\\Sri_Enri_Anandayani\\Lap1Portofolio\\vendor\\laravel\\framework\\src\\Illuminate\\Pipeline\\Pipeline.php(208): Illuminate\\Cookie\\Middleware\\EncryptCookies->handle(Object(Illuminate\\Http\\Request), Object(Closure))
#22 D:\\Larapel project\\Kelas_B_WEB2\\Sri_Enri_Anandayani\\Lap1Portofolio\\vendor\\laravel\\framework\\src\\Illuminate\\Pipeline\\Pipeline.php(126): Illuminate\\Pipeline\\Pipeline->Illuminate\\Pipeline\\{closure}(Object(Illuminate\\Http\\Request))
#23 D:\\Larapel project\\Kelas_B_WEB2\\Sri_Enri_Anandayani\\Lap1Portofolio\\vendor\\laravel\\framework\\src\\Illuminate\\Routing\\Router.php(807): Illuminate\\Pipeline\\Pipeline->then(Object(Closure))
#24 D:\\Larapel project\\Kelas_B_WEB2\\Sri_Enri_Anandayani\\Lap1Portofolio\\vendor\\laravel\\framework\\src\\Illuminate\\Routing\\Router.php(786): Illuminate\\Routing\\Router->runRouteWithinStack(Object(Illuminate\\Routing\\Route), Object(Illuminate\\Http\\Request))
#25 D:\\Larapel project\\Kelas_B_WEB2\\Sri_Enri_Anandayani\\Lap1Portofolio\\vendor\\laravel\\framework\\src\\Illuminate\\Routing\\Router.php(750): Illuminate\\Routing\\Router->runRoute(Object(Illuminate\\Http\\Request), Object(Illuminate\\Routing\\Route))
#26 D:\\Larapel project\\Kelas_B_WEB2\\Sri_Enri_Anandayani\\Lap1Portofolio\\vendor\\laravel\\framework\\src\\Illuminate\\Routing\\Router.php(739): Illuminate\\Routing\\Router->dispatchToRoute(Object(Illuminate\\Http\\Request))
#27 D:\\Larapel project\\Kelas_B_WEB2\\Sri_Enri_Anandayani\\Lap1Portofolio\\vendor\\laravel\\framework\\src\\Illuminate\\Foundation\\Http\\Kernel.php(200): Illuminate\\Routing\\Router->dispatch(Object(Illuminate\\Http\\Request))
#28 D:\\Larapel project\\Kelas_B_WEB2\\Sri_Enri_Anandayani\\Lap1Portofolio\\vendor\\laravel\\framework\\src\\Illuminate\\Pipeline\\Pipeline.php(169): Illuminate\\Foundation\\Http\\Kernel->Illuminate\\Foundation\\Http\\{closure}(Object(Illuminate\\Http\\Request))
#29 D:\\Larapel project\\Kelas_B_WEB2\\Sri_Enri_Anandayani\\Lap1Portofolio\\vendor\\laravel\\framework\\src\\Illuminate\\Foundation\\Http\\Middleware\\TransformsRequest.php(21): Illuminate\\Pipeline\\Pipeline->Illuminate\\Pipeline\\{closure}(Object(Illuminate\\Http\\Request))
#30 D:\\Larapel project\\Kelas_B_WEB2\\Sri_Enri_Anandayani\\Lap1Portofolio\\vendor\\laravel\\framework\\src\\Illuminate\\Foundation\\Http\\Middleware\\ConvertEmptyStringsToNull.php(31): Illuminate\\Foundation\\Http\\Middleware\\TransformsRequest->handle(Object(Illuminate\\Http\\Request), Object(Closure))
#31 D:\\Larapel project\\Kelas_B_WEB2\\Sri_Enri_Anandayani\\Lap1Portofolio\\vendor\\laravel\\framework\\src\\Illuminate\\Pipeline\\Pipeline.php(208): Illuminate\\Foundation\\Http\\Middleware\\ConvertEmptyStringsToNull->handle(Object(Illuminate\\Http\\Request), Object(Closure))
#32 D:\\Larapel project\\Kelas_B_WEB2\\Sri_Enri_Anandayani\\Lap1Portofolio\\vendor\\laravel\\framework\\src\\Illuminate\\Foundation\\Http\\Middleware\\TransformsRequest.php(21): Illuminate\\Pipeline\\Pipeline->Illuminate\\Pipeline\\{closure}(Object(Illuminate\\Http\\Request))
#33 D:\\Larapel project\\Kelas_B_WEB2\\Sri_Enri_Anandayani\\Lap1Portofolio\\vendor\\laravel\\framework\\src\\Illuminate\\Foundation\\Http\\Middleware\\TrimStrings.php(51): Illuminate\\Foundation\\Http\\Middleware\\TransformsRequest->handle(Object(Illuminate\\Http\\Request), Object(Closure))
#34 D:\\Larapel project\\Kelas_B_WEB2\\Sri_Enri_Anandayani\\Lap1Portofolio\\vendor\\laravel\\framework\\src\\Illuminate\\Pipeline\\Pipeline.php(208): Illuminate\\Foundation\\Http\\Middleware\\TrimStrings->handle(Object(Illuminate\\Http\\Request), Object(Closure))
#35 D:\\Larapel project\\Kelas_B_WEB2\\Sri_Enri_Anandayani\\Lap1Portofolio\\vendor\\laravel\\framework\\src\\Illuminate\\Http\\Middleware\\ValidatePostSize.php(27): Illuminate\\Pipeline\\Pipeline->Illuminate\\Pipeline\\{closure}(Object(Illuminate\\Http\\Request))
#36 D:\\Larapel project\\Kelas_B_WEB2\\Sri_Enri_Anandayani\\Lap1Portofolio\\vendor\\laravel\\framework\\src\\Illuminate\\Pipeline\\Pipeline.php(208): Illuminate\\Http\\Middleware\\ValidatePostSize->handle(Object(Illuminate\\Http\\Request), Object(Closure))
#37 D:\\Larapel project\\Kelas_B_WEB2\\Sri_Enri_Anandayani\\Lap1Portofolio\\vendor\\laravel\\framework\\src\\Illuminate\\Foundation\\Http\\Middleware\\PreventRequestsDuringMaintenance.php(109): Illuminate\\Pipeline\\Pipeline->Illuminate\\Pipeline\\{closure}(Object(Illuminate\\Http\\Request))
#38 D:\\Larapel project\\Kelas_B_WEB2\\Sri_Enri_Anandayani\\Lap1Portofolio\\vendor\\laravel\\framework\\src\\Illuminate\\Pipeline\\Pipeline.php(208): Illuminate\\Foundation\\Http\\Middleware\\PreventRequestsDuringMaintenance->handle(Object(Illuminate\\Http\\Request), Object(Closure))
#39 D:\\Larapel project\\Kelas_B_WEB2\\Sri_Enri_Anandayani\\Lap1Portofolio\\vendor\\laravel\\framework\\src\\Illuminate\\Http\\Middleware\\HandleCors.php(48): Illuminate\\Pipeline\\Pipeline->Illuminate\\Pipeline\\{closure}(Object(Illuminate\\Http\\Request))
#40 D:\\Larapel project\\Kelas_B_WEB2\\Sri_Enri_Anandayani\\Lap1Portofolio\\vendor\\laravel\\framework\\src\\Illuminate\\Pipeline\\Pipeline.php(208): Illuminate\\Http\\Middleware\\HandleCors->handle(Object(Illuminate\\Http\\Request), Object(Closure))
#41 D:\\Larapel project\\Kelas_B_WEB2\\Sri_Enri_Anandayani\\Lap1Portofolio\\vendor\\laravel\\framework\\src\\Illuminate\\Http\\Middleware\\TrustProxies.php(58): Illuminate\\Pipeline\\Pipeline->Illuminate\\Pipeline\\{closure}(Object(Illuminate\\Http\\Request))
#42 D:\\Larapel project\\Kelas_B_WEB2\\Sri_Enri_Anandayani\\Lap1Portofolio\\vendor\\laravel\\framework\\src\\Illuminate\\Pipeline\\Pipeline.php(208): Illuminate\\Http\\Middleware\\TrustProxies->handle(Object(Illuminate\\Http\\Request), Object(Closure))
#43 D:\\Larapel project\\Kelas_B_WEB2\\Sri_Enri_Anandayani\\Lap1Portofolio\\vendor\\laravel\\framework\\src\\Illuminate\\Foundation\\Http\\Middleware\\InvokeDeferredCallbacks.php(22): Illuminate\\Pipeline\\Pipeline->Illuminate\\Pipeline\\{closure}(Object(Illuminate\\Http\\Request))
#44 D:\\Larapel project\\Kelas_B_WEB2\\Sri_Enri_Anandayani\\Lap1Portofolio\\vendor\\laravel\\framework\\src\\Illuminate\\Pipeline\\Pipeline.php(208): Illuminate\\Foundation\\Http\\Middleware\\InvokeDeferredCallbacks->handle(Object(Illuminate\\Http\\Request), Object(Closure))
#45 D:\\Larapel project\\Kelas_B_WEB2\\Sri_Enri_Anandayani\\Lap1Portofolio\\vendor\\laravel\\framework\\src\\Illuminate\\Http\\Middleware\\ValidatePathEncoding.php(26): Illuminate\\Pipeline\\Pipeline->Illuminate\\Pipeline\\{closure}(Object(Illuminate\\Http\\Request))
#46 D:\\Larapel project\\Kelas_B_WEB2\\Sri_Enri_Anandayani\\Lap1Portofolio\\vendor\\laravel\\framework\\src\\Illuminate\\Pipeline\\Pipeline.php(208): Illuminate\\Http\\Middleware\\ValidatePathEncoding->handle(Object(Illuminate\\Http\\Request), Object(Closure))
#47 D:\\Larapel project\\Kelas_B_WEB2\\Sri_Enri_Anandayani\\Lap1Portofolio\\vendor\\laravel\\framework\\src\\Illuminate\\Pipeline\\Pipeline.php(126): Illuminate\\Pipeline\\Pipeline->Illuminate\\Pipeline\\{closure}(Object(Illuminate\\Http\\Request))
#48 D:\\Larapel project\\Kelas_B_WEB2\\Sri_Enri_Anandayani\\Lap1Portofolio\\vendor\\laravel\\framework\\src\\Illuminate\\Foundation\\Http\\Kernel.php(175): Illuminate\\Pipeline\\Pipeline->then(Object(Closure))
#49 D:\\Larapel project\\Kelas_B_WEB2\\Sri_Enri_Anandayani\\Lap1Portofolio\\vendor\\laravel\\framework\\src\\Illuminate\\Foundation\\Http\\Kernel.php(144): Illuminate\\Foundation\\Http\\Kernel->sendRequestThroughRouter(Object(Illuminate\\Http\\Request))
#50 D:\\Larapel project\\Kelas_B_WEB2\\Sri_Enri_Anandayani\\Lap1Portofolio\\vendor\\laravel\\framework\\src\\Illuminate\\Foundation\\Application.php(1219): Illuminate\\Foundation\\Http\\Kernel->handle(Object(Illuminate\\Http\\Request))
#51 D:\\Larapel project\\Kelas_B_WEB2\\Sri_Enri_Anandayani\\Lap1Portofolio\\public\\index.php(20): Illuminate\\Foundation\\Application->handleRequest(Object(Illuminate\\Http\\Request))
#52 D:\\Larapel project\\Kelas_B_WEB2\\Sri_Enri_Anandayani\\Lap1Portofolio\\vendor\\laravel\\framework\\src\\Illuminate\\Foundation\\resources\\server.php(23): require_once('D:\\\\Larapel proj...')
#53 {main}
"} 
[2025-05-19 05:37:27] local.ERROR: View [about.princess] not found. {"exception":"[object] (InvalidArgumentException(code: 0): View [about.princess] not found. at D:\\Larapel project\\Kelas_B_WEB2\\Sri_Enri_Anandayani\\Lap1Portofolio\\vendor\\laravel\\framework\\src\\Illuminate\\View\\FileViewFinder.php:138)
[stacktrace]
#0 D:\\Larapel project\\Kelas_B_WEB2\\Sri_Enri_Anandayani\\Lap1Portofolio\\vendor\\laravel\\framework\\src\\Illuminate\\View\\FileViewFinder.php(78): Illuminate\\View\\FileViewFinder->findInPaths('about.princess', Array)
#1 D:\\Larapel project\\Kelas_B_WEB2\\Sri_Enri_Anandayani\\Lap1Portofolio\\vendor\\laravel\\framework\\src\\Illuminate\\View\\Factory.php(150): Illuminate\\View\\FileViewFinder->find('about.princess')
#2 D:\\Larapel project\\Kelas_B_WEB2\\Sri_Enri_Anandayani\\Lap1Portofolio\\vendor\\laravel\\framework\\src\\Illuminate\\Foundation\\helpers.php(1079): Illuminate\\View\\Factory->make('about.princess', Array, Array)
#3 D:\\Larapel project\\Kelas_B_WEB2\\Sri_Enri_Anandayani\\Lap1Portofolio\\routes\\web.php(11): view('about.princess')
#4 D:\\Larapel project\\Kelas_B_WEB2\\Sri_Enri_Anandayani\\Lap1Portofolio\\vendor\\laravel\\framework\\src\\Illuminate\\Routing\\CallableDispatcher.php(39): Illuminate\\Routing\\RouteFileRegistrar->{closure}()
#5 D:\\Larapel project\\Kelas_B_WEB2\\Sri_Enri_Anandayani\\Lap1Portofolio\\vendor\\laravel\\framework\\src\\Illuminate\\Routing\\Route.php(243): Illuminate\\Routing\\CallableDispatcher->dispatch(Object(Illuminate\\Routing\\Route), Object(Closure))
#6 D:\\Larapel project\\Kelas_B_WEB2\\Sri_Enri_Anandayani\\Lap1Portofolio\\vendor\\laravel\\framework\\src\\Illuminate\\Routing\\Route.php(214): Illuminate\\Routing\\Route->runCallable()
#7 D:\\Larapel project\\Kelas_B_WEB2\\Sri_Enri_Anandayani\\Lap1Portofolio\\vendor\\laravel\\framework\\src\\Illuminate\\Routing\\Router.php(808): Illuminate\\Routing\\Route->run()
#8 D:\\Larapel project\\Kelas_B_WEB2\\Sri_Enri_Anandayani\\Lap1Portofolio\\vendor\\laravel\\framework\\src\\Illuminate\\Pipeline\\Pipeline.php(169): Illuminate\\Routing\\Router->Illuminate\\Routing\\{closure}(Object(Illuminate\\Http\\Request))
#9 D:\\Larapel project\\Kelas_B_WEB2\\Sri_Enri_Anandayani\\Lap1Portofolio\\vendor\\laravel\\framework\\src\\Illuminate\\Routing\\Middleware\\SubstituteBindings.php(50): Illuminate\\Pipeline\\Pipeline->Illuminate\\Pipeline\\{closure}(Object(Illuminate\\Http\\Request))
#10 D:\\Larapel project\\Kelas_B_WEB2\\Sri_Enri_Anandayani\\Lap1Portofolio\\vendor\\laravel\\framework\\src\\Illuminate\\Pipeline\\Pipeline.php(208): Illuminate\\Routing\\Middleware\\SubstituteBindings->handle(Object(Illuminate\\Http\\Request), Object(Closure))
#11 D:\\Larapel project\\Kelas_B_WEB2\\Sri_Enri_Anandayani\\Lap1Portofolio\\vendor\\laravel\\framework\\src\\Illuminate\\Foundation\\Http\\Middleware\\VerifyCsrfToken.php(87): Illuminate\\Pipeline\\Pipeline->Illuminate\\Pipeline\\{closure}(Object(Illuminate\\Http\\Request))
#12 D:\\Larapel project\\Kelas_B_WEB2\\Sri_Enri_Anandayani\\Lap1Portofolio\\vendor\\laravel\\framework\\src\\Illuminate\\Pipeline\\Pipeline.php(208): Illuminate\\Foundation\\Http\\Middleware\\VerifyCsrfToken->handle(Object(Illuminate\\Http\\Request), Object(Closure))
#13 D:\\Larapel project\\Kelas_B_WEB2\\Sri_Enri_Anandayani\\Lap1Portofolio\\vendor\\laravel\\framework\\src\\Illuminate\\View\\Middleware\\ShareErrorsFromSession.php(48): Illuminate\\Pipeline\\Pipeline->Illuminate\\Pipeline\\{closure}(Object(Illuminate\\Http\\Request))
#14 D:\\Larapel project\\Kelas_B_WEB2\\Sri_Enri_Anandayani\\Lap1Portofolio\\vendor\\laravel\\framework\\src\\Illuminate\\Pipeline\\Pipeline.php(208): Illuminate\\View\\Middleware\\ShareErrorsFromSession->handle(Object(Illuminate\\Http\\Request), Object(Closure))
#15 D:\\Larapel project\\Kelas_B_WEB2\\Sri_Enri_Anandayani\\Lap1Portofolio\\vendor\\laravel\\framework\\src\\Illuminate\\Session\\Middleware\\StartSession.php(120): Illuminate\\Pipeline\\Pipeline->Illuminate\\Pipeline\\{closure}(Object(Illuminate\\Http\\Request))
#16 D:\\Larapel project\\Kelas_B_WEB2\\Sri_Enri_Anandayani\\Lap1Portofolio\\vendor\\laravel\\framework\\src\\Illuminate\\Session\\Middleware\\StartSession.php(63): Illuminate\\Session\\Middleware\\StartSession->handleStatefulRequest(Object(Illuminate\\Http\\Request), Object(Illuminate\\Session\\Store), Object(Closure))
#17 D:\\Larapel project\\Kelas_B_WEB2\\Sri_Enri_Anandayani\\Lap1Portofolio\\vendor\\laravel\\framework\\src\\Illuminate\\Pipeline\\Pipeline.php(208): Illuminate\\Session\\Middleware\\StartSession->handle(Object(Illuminate\\Http\\Request), Object(Closure))
#18 D:\\Larapel project\\Kelas_B_WEB2\\Sri_Enri_Anandayani\\Lap1Portofolio\\vendor\\laravel\\framework\\src\\Illuminate\\Cookie\\Middleware\\AddQueuedCookiesToResponse.php(36): Illuminate\\Pipeline\\Pipeline->Illuminate\\Pipeline\\{closure}(Object(Illuminate\\Http\\Request))
#19 D:\\Larapel project\\Kelas_B_WEB2\\Sri_Enri_Anandayani\\Lap1Portofolio\\vendor\\laravel\\framework\\src\\Illuminate\\Pipeline\\Pipeline.php(208): Illuminate\\Cookie\\Middleware\\AddQueuedCookiesToResponse->handle(Object(Illuminate\\Http\\Request), Object(Closure))
#20 D:\\Larapel project\\Kelas_B_WEB2\\Sri_Enri_Anandayani\\Lap1Portofolio\\vendor\\laravel\\framework\\src\\Illuminate\\Cookie\\Middleware\\EncryptCookies.php(74): Illuminate\\Pipeline\\Pipeline->Illuminate\\Pipeline\\{closure}(Object(Illuminate\\Http\\Request))
#21 D:\\Larapel project\\Kelas_B_WEB2\\Sri_Enri_Anandayani\\Lap1Portofolio\\vendor\\laravel\\framework\\src\\Illuminate\\Pipeline\\Pipeline.php(208): Illuminate\\Cookie\\Middleware\\EncryptCookies->handle(Object(Illuminate\\Http\\Request), Object(Closure))
#22 D:\\Larapel project\\Kelas_B_WEB2\\Sri_Enri_Anandayani\\Lap1Portofolio\\vendor\\laravel\\framework\\src\\Illuminate\\Pipeline\\Pipeline.php(126): Illuminate\\Pipeline\\Pipeline->Illuminate\\Pipeline\\{closure}(Object(Illuminate\\Http\\Request))
#23 D:\\Larapel project\\Kelas_B_WEB2\\Sri_Enri_Anandayani\\Lap1Portofolio\\vendor\\laravel\\framework\\src\\Illuminate\\Routing\\Router.php(807): Illuminate\\Pipeline\\Pipeline->then(Object(Closure))
#24 D:\\Larapel project\\Kelas_B_WEB2\\Sri_Enri_Anandayani\\Lap1Portofolio\\vendor\\laravel\\framework\\src\\Illuminate\\Routing\\Router.php(786): Illuminate\\Routing\\Router->runRouteWithinStack(Object(Illuminate\\Routing\\Route), Object(Illuminate\\Http\\Request))
#25 D:\\Larapel project\\Kelas_B_WEB2\\Sri_Enri_Anandayani\\Lap1Portofolio\\vendor\\laravel\\framework\\src\\Illuminate\\Routing\\Router.php(750): Illuminate\\Routing\\Router->runRoute(Object(Illuminate\\Http\\Request), Object(Illuminate\\Routing\\Route))
#26 D:\\Larapel project\\Kelas_B_WEB2\\Sri_Enri_Anandayani\\Lap1Portofolio\\vendor\\laravel\\framework\\src\\Illuminate\\Routing\\Router.php(739): Illuminate\\Routing\\Router->dispatchToRoute(Object(Illuminate\\Http\\Request))
#27 D:\\Larapel project\\Kelas_B_WEB2\\Sri_Enri_Anandayani\\Lap1Portofolio\\vendor\\laravel\\framework\\src\\Illuminate\\Foundation\\Http\\Kernel.php(200): Illuminate\\Routing\\Router->dispatch(Object(Illuminate\\Http\\Request))
#28 D:\\Larapel project\\Kelas_B_WEB2\\Sri_Enri_Anandayani\\Lap1Portofolio\\vendor\\laravel\\framework\\src\\Illuminate\\Pipeline\\Pipeline.php(169): Illuminate\\Foundation\\Http\\Kernel->Illuminate\\Foundation\\Http\\{closure}(Object(Illuminate\\Http\\Request))
#29 D:\\Larapel project\\Kelas_B_WEB2\\Sri_Enri_Anandayani\\Lap1Portofolio\\vendor\\laravel\\framework\\src\\Illuminate\\Foundation\\Http\\Middleware\\TransformsRequest.php(21): Illuminate\\Pipeline\\Pipeline->Illuminate\\Pipeline\\{closure}(Object(Illuminate\\Http\\Request))
#30 D:\\Larapel project\\Kelas_B_WEB2\\Sri_Enri_Anandayani\\Lap1Portofolio\\vendor\\laravel\\framework\\src\\Illuminate\\Foundation\\Http\\Middleware\\ConvertEmptyStringsToNull.php(31): Illuminate\\Foundation\\Http\\Middleware\\TransformsRequest->handle(Object(Illuminate\\Http\\Request), Object(Closure))
#31 D:\\Larapel project\\Kelas_B_WEB2\\Sri_Enri_Anandayani\\Lap1Portofolio\\vendor\\laravel\\framework\\src\\Illuminate\\Pipeline\\Pipeline.php(208): Illuminate\\Foundation\\Http\\Middleware\\ConvertEmptyStringsToNull->handle(Object(Illuminate\\Http\\Request), Object(Closure))
#32 D:\\Larapel project\\Kelas_B_WEB2\\Sri_Enri_Anandayani\\Lap1Portofolio\\vendor\\laravel\\framework\\src\\Illuminate\\Foundation\\Http\\Middleware\\TransformsRequest.php(21): Illuminate\\Pipeline\\Pipeline->Illuminate\\Pipeline\\{closure}(Object(Illuminate\\Http\\Request))
#33 D:\\Larapel project\\Kelas_B_WEB2\\Sri_Enri_Anandayani\\Lap1Portofolio\\vendor\\laravel\\framework\\src\\Illuminate\\Foundation\\Http\\Middleware\\TrimStrings.php(51): Illuminate\\Foundation\\Http\\Middleware\\TransformsRequest->handle(Object(Illuminate\\Http\\Request), Object(Closure))
#34 D:\\Larapel project\\Kelas_B_WEB2\\Sri_Enri_Anandayani\\Lap1Portofolio\\vendor\\laravel\\framework\\src\\Illuminate\\Pipeline\\Pipeline.php(208): Illuminate\\Foundation\\Http\\Middleware\\TrimStrings->handle(Object(Illuminate\\Http\\Request), Object(Closure))
#35 D:\\Larapel project\\Kelas_B_WEB2\\Sri_Enri_Anandayani\\Lap1Portofolio\\vendor\\laravel\\framework\\src\\Illuminate\\Http\\Middleware\\ValidatePostSize.php(27): Illuminate\\Pipeline\\Pipeline->Illuminate\\Pipeline\\{closure}(Object(Illuminate\\Http\\Request))
#36 D:\\Larapel project\\Kelas_B_WEB2\\Sri_Enri_Anandayani\\Lap1Portofolio\\vendor\\laravel\\framework\\src\\Illuminate\\Pipeline\\Pipeline.php(208): Illuminate\\Http\\Middleware\\ValidatePostSize->handle(Object(Illuminate\\Http\\Request), Object(Closure))
#37 D:\\Larapel project\\Kelas_B_WEB2\\Sri_Enri_Anandayani\\Lap1Portofolio\\vendor\\laravel\\framework\\src\\Illuminate\\Foundation\\Http\\Middleware\\PreventRequestsDuringMaintenance.php(109): Illuminate\\Pipeline\\Pipeline->Illuminate\\Pipeline\\{closure}(Object(Illuminate\\Http\\Request))
#38 D:\\Larapel project\\Kelas_B_WEB2\\Sri_Enri_Anandayani\\Lap1Portofolio\\vendor\\laravel\\framework\\src\\Illuminate\\Pipeline\\Pipeline.php(208): Illuminate\\Foundation\\Http\\Middleware\\PreventRequestsDuringMaintenance->handle(Object(Illuminate\\Http\\Request), Object(Closure))
#39 D:\\Larapel project\\Kelas_B_WEB2\\Sri_Enri_Anandayani\\Lap1Portofolio\\vendor\\laravel\\framework\\src\\Illuminate\\Http\\Middleware\\HandleCors.php(48): Illuminate\\Pipeline\\Pipeline->Illuminate\\Pipeline\\{closure}(Object(Illuminate\\Http\\Request))
#40 D:\\Larapel project\\Kelas_B_WEB2\\Sri_Enri_Anandayani\\Lap1Portofolio\\vendor\\laravel\\framework\\src\\Illuminate\\Pipeline\\Pipeline.php(208): Illuminate\\Http\\Middleware\\HandleCors->handle(Object(Illuminate\\Http\\Request), Object(Closure))
#41 D:\\Larapel project\\Kelas_B_WEB2\\Sri_Enri_Anandayani\\Lap1Portofolio\\vendor\\laravel\\framework\\src\\Illuminate\\Http\\Middleware\\TrustProxies.php(58): Illuminate\\Pipeline\\Pipeline->Illuminate\\Pipeline\\{closure}(Object(Illuminate\\Http\\Request))
#42 D:\\Larapel project\\Kelas_B_WEB2\\Sri_Enri_Anandayani\\Lap1Portofolio\\vendor\\laravel\\framework\\src\\Illuminate\\Pipeline\\Pipeline.php(208): Illuminate\\Http\\Middleware\\TrustProxies->handle(Object(Illuminate\\Http\\Request), Object(Closure))
#43 D:\\Larapel project\\Kelas_B_WEB2\\Sri_Enri_Anandayani\\Lap1Portofolio\\vendor\\laravel\\framework\\src\\Illuminate\\Foundation\\Http\\Middleware\\InvokeDeferredCallbacks.php(22): Illuminate\\Pipeline\\Pipeline->Illuminate\\Pipeline\\{closure}(Object(Illuminate\\Http\\Request))
#44 D:\\Larapel project\\Kelas_B_WEB2\\Sri_Enri_Anandayani\\Lap1Portofolio\\vendor\\laravel\\framework\\src\\Illuminate\\Pipeline\\Pipeline.php(208): Illuminate\\Foundation\\Http\\Middleware\\InvokeDeferredCallbacks->handle(Object(Illuminate\\Http\\Request), Object(Closure))
#45 D:\\Larapel project\\Kelas_B_WEB2\\Sri_Enri_Anandayani\\Lap1Portofolio\\vendor\\laravel\\framework\\src\\Illuminate\\Http\\Middleware\\ValidatePathEncoding.php(26): Illuminate\\Pipeline\\Pipeline->Illuminate\\Pipeline\\{closure}(Object(Illuminate\\Http\\Request))
#46 D:\\Larapel project\\Kelas_B_WEB2\\Sri_Enri_Anandayani\\Lap1Portofolio\\vendor\\laravel\\framework\\src\\Illuminate\\Pipeline\\Pipeline.php(208): Illuminate\\Http\\Middleware\\ValidatePathEncoding->handle(Object(Illuminate\\Http\\Request), Object(Closure))
#47 D:\\Larapel project\\Kelas_B_WEB2\\Sri_Enri_Anandayani\\Lap1Portofolio\\vendor\\laravel\\framework\\src\\Illuminate\\Pipeline\\Pipeline.php(126): Illuminate\\Pipeline\\Pipeline->Illuminate\\Pipeline\\{closure}(Object(Illuminate\\Http\\Request))
#48 D:\\Larapel project\\Kelas_B_WEB2\\Sri_Enri_Anandayani\\Lap1Portofolio\\vendor\\laravel\\framework\\src\\Illuminate\\Foundation\\Http\\Kernel.php(175): Illuminate\\Pipeline\\Pipeline->then(Object(Closure))
#49 D:\\Larapel project\\Kelas_B_WEB2\\Sri_Enri_Anandayani\\Lap1Portofolio\\vendor\\laravel\\framework\\src\\Illuminate\\Foundation\\Http\\Kernel.php(144): Illuminate\\Foundation\\Http\\Kernel->sendRequestThroughRouter(Object(Illuminate\\Http\\Request))
#50 D:\\Larapel project\\Kelas_B_WEB2\\Sri_Enri_Anandayani\\Lap1Portofolio\\vendor\\laravel\\framework\\src\\Illuminate\\Foundation\\Application.php(1219): Illuminate\\Foundation\\Http\\Kernel->handle(Object(Illuminate\\Http\\Request))
#51 D:\\Larapel project\\Kelas_B_WEB2\\Sri_Enri_Anandayani\\Lap1Portofolio\\public\\index.php(20): Illuminate\\Foundation\\Application->handleRequest(Object(Illuminate\\Http\\Request))
#52 D:\\Larapel project\\Kelas_B_WEB2\\Sri_Enri_Anandayani\\Lap1Portofolio\\vendor\\laravel\\framework\\src\\Illuminate\\Foundation\\resources\\server.php(23): require_once('D:\\\\Larapel proj...')
#53 {main}
"} 
[2025-05-19 05:38:19] local.ERROR: View [about.princess] not found. {"exception":"[object] (InvalidArgumentException(code: 0): View [about.princess] not found. at D:\\Larapel project\\Kelas_B_WEB2\\Sri_Enri_Anandayani\\Lap1Portofolio\\vendor\\laravel\\framework\\src\\Illuminate\\View\\FileViewFinder.php:138)
[stacktrace]
#0 D:\\Larapel project\\Kelas_B_WEB2\\Sri_Enri_Anandayani\\Lap1Portofolio\\vendor\\laravel\\framework\\src\\Illuminate\\View\\FileViewFinder.php(78): Illuminate\\View\\FileViewFinder->findInPaths('about.princess', Array)
#1 D:\\Larapel project\\Kelas_B_WEB2\\Sri_Enri_Anandayani\\Lap1Portofolio\\vendor\\laravel\\framework\\src\\Illuminate\\View\\Factory.php(150): Illuminate\\View\\FileViewFinder->find('about.princess')
#2 D:\\Larapel project\\Kelas_B_WEB2\\Sri_Enri_Anandayani\\Lap1Portofolio\\vendor\\laravel\\framework\\src\\Illuminate\\Foundation\\helpers.php(1079): Illuminate\\View\\Factory->make('about.princess', Array, Array)
#3 D:\\Larapel project\\Kelas_B_WEB2\\Sri_Enri_Anandayani\\Lap1Portofolio\\routes\\web.php(11): view('about.princess')
#4 D:\\Larapel project\\Kelas_B_WEB2\\Sri_Enri_Anandayani\\Lap1Portofolio\\vendor\\laravel\\framework\\src\\Illuminate\\Routing\\CallableDispatcher.php(39): Illuminate\\Routing\\RouteFileRegistrar->{closure}()
#5 D:\\Larapel project\\Kelas_B_WEB2\\Sri_Enri_Anandayani\\Lap1Portofolio\\vendor\\laravel\\framework\\src\\Illuminate\\Routing\\Route.php(243): Illuminate\\Routing\\CallableDispatcher->dispatch(Object(Illuminate\\Routing\\Route), Object(Closure))
#6 D:\\Larapel project\\Kelas_B_WEB2\\Sri_Enri_Anandayani\\Lap1Portofolio\\vendor\\laravel\\framework\\src\\Illuminate\\Routing\\Route.php(214): Illuminate\\Routing\\Route->runCallable()
#7 D:\\Larapel project\\Kelas_B_WEB2\\Sri_Enri_Anandayani\\Lap1Portofolio\\vendor\\laravel\\framework\\src\\Illuminate\\Routing\\Router.php(808): Illuminate\\Routing\\Route->run()
#8 D:\\Larapel project\\Kelas_B_WEB2\\Sri_Enri_Anandayani\\Lap1Portofolio\\vendor\\laravel\\framework\\src\\Illuminate\\Pipeline\\Pipeline.php(169): Illuminate\\Routing\\Router->Illuminate\\Routing\\{closure}(Object(Illuminate\\Http\\Request))
#9 D:\\Larapel project\\Kelas_B_WEB2\\Sri_Enri_Anandayani\\Lap1Portofolio\\vendor\\laravel\\framework\\src\\Illuminate\\Routing\\Middleware\\SubstituteBindings.php(50): Illuminate\\Pipeline\\Pipeline->Illuminate\\Pipeline\\{closure}(Object(Illuminate\\Http\\Request))
#10 D:\\Larapel project\\Kelas_B_WEB2\\Sri_Enri_Anandayani\\Lap1Portofolio\\vendor\\laravel\\framework\\src\\Illuminate\\Pipeline\\Pipeline.php(208): Illuminate\\Routing\\Middleware\\SubstituteBindings->handle(Object(Illuminate\\Http\\Request), Object(Closure))
#11 D:\\Larapel project\\Kelas_B_WEB2\\Sri_Enri_Anandayani\\Lap1Portofolio\\vendor\\laravel\\framework\\src\\Illuminate\\Foundation\\Http\\Middleware\\VerifyCsrfToken.php(87): Illuminate\\Pipeline\\Pipeline->Illuminate\\Pipeline\\{closure}(Object(Illuminate\\Http\\Request))
#12 D:\\Larapel project\\Kelas_B_WEB2\\Sri_Enri_Anandayani\\Lap1Portofolio\\vendor\\laravel\\framework\\src\\Illuminate\\Pipeline\\Pipeline.php(208): Illuminate\\Foundation\\Http\\Middleware\\VerifyCsrfToken->handle(Object(Illuminate\\Http\\Request), Object(Closure))
#13 D:\\Larapel project\\Kelas_B_WEB2\\Sri_Enri_Anandayani\\Lap1Portofolio\\vendor\\laravel\\framework\\src\\Illuminate\\View\\Middleware\\ShareErrorsFromSession.php(48): Illuminate\\Pipeline\\Pipeline->Illuminate\\Pipeline\\{closure}(Object(Illuminate\\Http\\Request))
#14 D:\\Larapel project\\Kelas_B_WEB2\\Sri_Enri_Anandayani\\Lap1Portofolio\\vendor\\laravel\\framework\\src\\Illuminate\\Pipeline\\Pipeline.php(208): Illuminate\\View\\Middleware\\ShareErrorsFromSession->handle(Object(Illuminate\\Http\\Request), Object(Closure))
#15 D:\\Larapel project\\Kelas_B_WEB2\\Sri_Enri_Anandayani\\Lap1Portofolio\\vendor\\laravel\\framework\\src\\Illuminate\\Session\\Middleware\\StartSession.php(120): Illuminate\\Pipeline\\Pipeline->Illuminate\\Pipeline\\{closure}(Object(Illuminate\\Http\\Request))
#16 D:\\Larapel project\\Kelas_B_WEB2\\Sri_Enri_Anandayani\\Lap1Portofolio\\vendor\\laravel\\framework\\src\\Illuminate\\Session\\Middleware\\StartSession.php(63): Illuminate\\Session\\Middleware\\StartSession->handleStatefulRequest(Object(Illuminate\\Http\\Request), Object(Illuminate\\Session\\Store), Object(Closure))
#17 D:\\Larapel project\\Kelas_B_WEB2\\Sri_Enri_Anandayani\\Lap1Portofolio\\vendor\\laravel\\framework\\src\\Illuminate\\Pipeline\\Pipeline.php(208): Illuminate\\Session\\Middleware\\StartSession->handle(Object(Illuminate\\Http\\Request), Object(Closure))
#18 D:\\Larapel project\\Kelas_B_WEB2\\Sri_Enri_Anandayani\\Lap1Portofolio\\vendor\\laravel\\framework\\src\\Illuminate\\Cookie\\Middleware\\AddQueuedCookiesToResponse.php(36): Illuminate\\Pipeline\\Pipeline->Illuminate\\Pipeline\\{closure}(Object(Illuminate\\Http\\Request))
#19 D:\\Larapel project\\Kelas_B_WEB2\\Sri_Enri_Anandayani\\Lap1Portofolio\\vendor\\laravel\\framework\\src\\Illuminate\\Pipeline\\Pipeline.php(208): Illuminate\\Cookie\\Middleware\\AddQueuedCookiesToResponse->handle(Object(Illuminate\\Http\\Request), Object(Closure))
#20 D:\\Larapel project\\Kelas_B_WEB2\\Sri_Enri_Anandayani\\Lap1Portofolio\\vendor\\laravel\\framework\\src\\Illuminate\\Cookie\\Middleware\\EncryptCookies.php(74): Illuminate\\Pipeline\\Pipeline->Illuminate\\Pipeline\\{closure}(Object(Illuminate\\Http\\Request))
#21 D:\\Larapel project\\Kelas_B_WEB2\\Sri_Enri_Anandayani\\Lap1Portofolio\\vendor\\laravel\\framework\\src\\Illuminate\\Pipeline\\Pipeline.php(208): Illuminate\\Cookie\\Middleware\\EncryptCookies->handle(Object(Illuminate\\Http\\Request), Object(Closure))
#22 D:\\Larapel project\\Kelas_B_WEB2\\Sri_Enri_Anandayani\\Lap1Portofolio\\vendor\\laravel\\framework\\src\\Illuminate\\Pipeline\\Pipeline.php(126): Illuminate\\Pipeline\\Pipeline->Illuminate\\Pipeline\\{closure}(Object(Illuminate\\Http\\Request))
#23 D:\\Larapel project\\Kelas_B_WEB2\\Sri_Enri_Anandayani\\Lap1Portofolio\\vendor\\laravel\\framework\\src\\Illuminate\\Routing\\Router.php(807): Illuminate\\Pipeline\\Pipeline->then(Object(Closure))
#24 D:\\Larapel project\\Kelas_B_WEB2\\Sri_Enri_Anandayani\\Lap1Portofolio\\vendor\\laravel\\framework\\src\\Illuminate\\Routing\\Router.php(786): Illuminate\\Routing\\Router->runRouteWithinStack(Object(Illuminate\\Routing\\Route), Object(Illuminate\\Http\\Request))
#25 D:\\Larapel project\\Kelas_B_WEB2\\Sri_Enri_Anandayani\\Lap1Portofolio\\vendor\\laravel\\framework\\src\\Illuminate\\Routing\\Router.php(750): Illuminate\\Routing\\Router->runRoute(Object(Illuminate\\Http\\Request), Object(Illuminate\\Routing\\Route))
#26 D:\\Larapel project\\Kelas_B_WEB2\\Sri_Enri_Anandayani\\Lap1Portofolio\\vendor\\laravel\\framework\\src\\Illuminate\\Routing\\Router.php(739): Illuminate\\Routing\\Router->dispatchToRoute(Object(Illuminate\\Http\\Request))
#27 D:\\Larapel project\\Kelas_B_WEB2\\Sri_Enri_Anandayani\\Lap1Portofolio\\vendor\\laravel\\framework\\src\\Illuminate\\Foundation\\Http\\Kernel.php(200): Illuminate\\Routing\\Router->dispatch(Object(Illuminate\\Http\\Request))
#28 D:\\Larapel project\\Kelas_B_WEB2\\Sri_Enri_Anandayani\\Lap1Portofolio\\vendor\\laravel\\framework\\src\\Illuminate\\Pipeline\\Pipeline.php(169): Illuminate\\Foundation\\Http\\Kernel->Illuminate\\Foundation\\Http\\{closure}(Object(Illuminate\\Http\\Request))
#29 D:\\Larapel project\\Kelas_B_WEB2\\Sri_Enri_Anandayani\\Lap1Portofolio\\vendor\\laravel\\framework\\src\\Illuminate\\Foundation\\Http\\Middleware\\TransformsRequest.php(21): Illuminate\\Pipeline\\Pipeline->Illuminate\\Pipeline\\{closure}(Object(Illuminate\\Http\\Request))
#30 D:\\Larapel project\\Kelas_B_WEB2\\Sri_Enri_Anandayani\\Lap1Portofolio\\vendor\\laravel\\framework\\src\\Illuminate\\Foundation\\Http\\Middleware\\ConvertEmptyStringsToNull.php(31): Illuminate\\Foundation\\Http\\Middleware\\TransformsRequest->handle(Object(Illuminate\\Http\\Request), Object(Closure))
#31 D:\\Larapel project\\Kelas_B_WEB2\\Sri_Enri_Anandayani\\Lap1Portofolio\\vendor\\laravel\\framework\\src\\Illuminate\\Pipeline\\Pipeline.php(208): Illuminate\\Foundation\\Http\\Middleware\\ConvertEmptyStringsToNull->handle(Object(Illuminate\\Http\\Request), Object(Closure))
#32 D:\\Larapel project\\Kelas_B_WEB2\\Sri_Enri_Anandayani\\Lap1Portofolio\\vendor\\laravel\\framework\\src\\Illuminate\\Foundation\\Http\\Middleware\\TransformsRequest.php(21): Illuminate\\Pipeline\\Pipeline->Illuminate\\Pipeline\\{closure}(Object(Illuminate\\Http\\Request))
#33 D:\\Larapel project\\Kelas_B_WEB2\\Sri_Enri_Anandayani\\Lap1Portofolio\\vendor\\laravel\\framework\\src\\Illuminate\\Foundation\\Http\\Middleware\\TrimStrings.php(51): Illuminate\\Foundation\\Http\\Middleware\\TransformsRequest->handle(Object(Illuminate\\Http\\Request), Object(Closure))
#34 D:\\Larapel project\\Kelas_B_WEB2\\Sri_Enri_Anandayani\\Lap1Portofolio\\vendor\\laravel\\framework\\src\\Illuminate\\Pipeline\\Pipeline.php(208): Illuminate\\Foundation\\Http\\Middleware\\TrimStrings->handle(Object(Illuminate\\Http\\Request), Object(Closure))
#35 D:\\Larapel project\\Kelas_B_WEB2\\Sri_Enri_Anandayani\\Lap1Portofolio\\vendor\\laravel\\framework\\src\\Illuminate\\Http\\Middleware\\ValidatePostSize.php(27): Illuminate\\Pipeline\\Pipeline->Illuminate\\Pipeline\\{closure}(Object(Illuminate\\Http\\Request))
#36 D:\\Larapel project\\Kelas_B_WEB2\\Sri_Enri_Anandayani\\Lap1Portofolio\\vendor\\laravel\\framework\\src\\Illuminate\\Pipeline\\Pipeline.php(208): Illuminate\\Http\\Middleware\\ValidatePostSize->handle(Object(Illuminate\\Http\\Request), Object(Closure))
#37 D:\\Larapel project\\Kelas_B_WEB2\\Sri_Enri_Anandayani\\Lap1Portofolio\\vendor\\laravel\\framework\\src\\Illuminate\\Foundation\\Http\\Middleware\\PreventRequestsDuringMaintenance.php(109): Illuminate\\Pipeline\\Pipeline->Illuminate\\Pipeline\\{closure}(Object(Illuminate\\Http\\Request))
#38 D:\\Larapel project\\Kelas_B_WEB2\\Sri_Enri_Anandayani\\Lap1Portofolio\\vendor\\laravel\\framework\\src\\Illuminate\\Pipeline\\Pipeline.php(208): Illuminate\\Foundation\\Http\\Middleware\\PreventRequestsDuringMaintenance->handle(Object(Illuminate\\Http\\Request), Object(Closure))
#39 D:\\Larapel project\\Kelas_B_WEB2\\Sri_Enri_Anandayani\\Lap1Portofolio\\vendor\\laravel\\framework\\src\\Illuminate\\Http\\Middleware\\HandleCors.php(48): Illuminate\\Pipeline\\Pipeline->Illuminate\\Pipeline\\{closure}(Object(Illuminate\\Http\\Request))
#40 D:\\Larapel project\\Kelas_B_WEB2\\Sri_Enri_Anandayani\\Lap1Portofolio\\vendor\\laravel\\framework\\src\\Illuminate\\Pipeline\\Pipeline.php(208): Illuminate\\Http\\Middleware\\HandleCors->handle(Object(Illuminate\\Http\\Request), Object(Closure))
#41 D:\\Larapel project\\Kelas_B_WEB2\\Sri_Enri_Anandayani\\Lap1Portofolio\\vendor\\laravel\\framework\\src\\Illuminate\\Http\\Middleware\\TrustProxies.php(58): Illuminate\\Pipeline\\Pipeline->Illuminate\\Pipeline\\{closure}(Object(Illuminate\\Http\\Request))
#42 D:\\Larapel project\\Kelas_B_WEB2\\Sri_Enri_Anandayani\\Lap1Portofolio\\vendor\\laravel\\framework\\src\\Illuminate\\Pipeline\\Pipeline.php(208): Illuminate\\Http\\Middleware\\TrustProxies->handle(Object(Illuminate\\Http\\Request), Object(Closure))
#43 D:\\Larapel project\\Kelas_B_WEB2\\Sri_Enri_Anandayani\\Lap1Portofolio\\vendor\\laravel\\framework\\src\\Illuminate\\Foundation\\Http\\Middleware\\InvokeDeferredCallbacks.php(22): Illuminate\\Pipeline\\Pipeline->Illuminate\\Pipeline\\{closure}(Object(Illuminate\\Http\\Request))
#44 D:\\Larapel project\\Kelas_B_WEB2\\Sri_Enri_Anandayani\\Lap1Portofolio\\vendor\\laravel\\framework\\src\\Illuminate\\Pipeline\\Pipeline.php(208): Illuminate\\Foundation\\Http\\Middleware\\InvokeDeferredCallbacks->handle(Object(Illuminate\\Http\\Request), Object(Closure))
#45 D:\\Larapel project\\Kelas_B_WEB2\\Sri_Enri_Anandayani\\Lap1Portofolio\\vendor\\laravel\\framework\\src\\Illuminate\\Http\\Middleware\\ValidatePathEncoding.php(26): Illuminate\\Pipeline\\Pipeline->Illuminate\\Pipeline\\{closure}(Object(Illuminate\\Http\\Request))
#46 D:\\Larapel project\\Kelas_B_WEB2\\Sri_Enri_Anandayani\\Lap1Portofolio\\vendor\\laravel\\framework\\src\\Illuminate\\Pipeline\\Pipeline.php(208): Illuminate\\Http\\Middleware\\ValidatePathEncoding->handle(Object(Illuminate\\Http\\Request), Object(Closure))
#47 D:\\Larapel project\\Kelas_B_WEB2\\Sri_Enri_Anandayani\\Lap1Portofolio\\vendor\\laravel\\framework\\src\\Illuminate\\Pipeline\\Pipeline.php(126): Illuminate\\Pipeline\\Pipeline->Illuminate\\Pipeline\\{closure}(Object(Illuminate\\Http\\Request))
#48 D:\\Larapel project\\Kelas_B_WEB2\\Sri_Enri_Anandayani\\Lap1Portofolio\\vendor\\laravel\\framework\\src\\Illuminate\\Foundation\\Http\\Kernel.php(175): Illuminate\\Pipeline\\Pipeline->then(Object(Closure))
#49 D:\\Larapel project\\Kelas_B_WEB2\\Sri_Enri_Anandayani\\Lap1Portofolio\\vendor\\laravel\\framework\\src\\Illuminate\\Foundation\\Http\\Kernel.php(144): Illuminate\\Foundation\\Http\\Kernel->sendRequestThroughRouter(Object(Illuminate\\Http\\Request))
#50 D:\\Larapel project\\Kelas_B_WEB2\\Sri_Enri_Anandayani\\Lap1Portofolio\\vendor\\laravel\\framework\\src\\Illuminate\\Foundation\\Application.php(1219): Illuminate\\Foundation\\Http\\Kernel->handle(Object(Illuminate\\Http\\Request))
#51 D:\\Larapel project\\Kelas_B_WEB2\\Sri_Enri_Anandayani\\Lap1Portofolio\\public\\index.php(20): Illuminate\\Foundation\\Application->handleRequest(Object(Illuminate\\Http\\Request))
#52 D:\\Larapel project\\Kelas_B_WEB2\\Sri_Enri_Anandayani\\Lap1Portofolio\\vendor\\laravel\\framework\\src\\Illuminate\\Foundation\\resources\\server.php(23): require_once('D:\\\\Larapel proj...')
#53 {main}
"} 
[2025-05-19 05:38:21] local.ERROR: View [about.princess] not found. {"exception":"[object] (InvalidArgumentException(code: 0): View [about.princess] not found. at D:\\Larapel project\\Kelas_B_WEB2\\Sri_Enri_Anandayani\\Lap1Portofolio\\vendor\\laravel\\framework\\src\\Illuminate\\View\\FileViewFinder.php:138)
[stacktrace]
#0 D:\\Larapel project\\Kelas_B_WEB2\\Sri_Enri_Anandayani\\Lap1Portofolio\\vendor\\laravel\\framework\\src\\Illuminate\\View\\FileViewFinder.php(78): Illuminate\\View\\FileViewFinder->findInPaths('about.princess', Array)
#1 D:\\Larapel project\\Kelas_B_WEB2\\Sri_Enri_Anandayani\\Lap1Portofolio\\vendor\\laravel\\framework\\src\\Illuminate\\View\\Factory.php(150): Illuminate\\View\\FileViewFinder->find('about.princess')
#2 D:\\Larapel project\\Kelas_B_WEB2\\Sri_Enri_Anandayani\\Lap1Portofolio\\vendor\\laravel\\framework\\src\\Illuminate\\Foundation\\helpers.php(1079): Illuminate\\View\\Factory->make('about.princess', Array, Array)
#3 D:\\Larapel project\\Kelas_B_WEB2\\Sri_Enri_Anandayani\\Lap1Portofolio\\routes\\web.php(11): view('about.princess')
#4 D:\\Larapel project\\Kelas_B_WEB2\\Sri_Enri_Anandayani\\Lap1Portofolio\\vendor\\laravel\\framework\\src\\Illuminate\\Routing\\CallableDispatcher.php(39): Illuminate\\Routing\\RouteFileRegistrar->{closure}()
#5 D:\\Larapel project\\Kelas_B_WEB2\\Sri_Enri_Anandayani\\Lap1Portofolio\\vendor\\laravel\\framework\\src\\Illuminate\\Routing\\Route.php(243): Illuminate\\Routing\\CallableDispatcher->dispatch(Object(Illuminate\\Routing\\Route), Object(Closure))
#6 D:\\Larapel project\\Kelas_B_WEB2\\Sri_Enri_Anandayani\\Lap1Portofolio\\vendor\\laravel\\framework\\src\\Illuminate\\Routing\\Route.php(214): Illuminate\\Routing\\Route->runCallable()
#7 D:\\Larapel project\\Kelas_B_WEB2\\Sri_Enri_Anandayani\\Lap1Portofolio\\vendor\\laravel\\framework\\src\\Illuminate\\Routing\\Router.php(808): Illuminate\\Routing\\Route->run()
#8 D:\\Larapel project\\Kelas_B_WEB2\\Sri_Enri_Anandayani\\Lap1Portofolio\\vendor\\laravel\\framework\\src\\Illuminate\\Pipeline\\Pipeline.php(169): Illuminate\\Routing\\Router->Illuminate\\Routing\\{closure}(Object(Illuminate\\Http\\Request))
#9 D:\\Larapel project\\Kelas_B_WEB2\\Sri_Enri_Anandayani\\Lap1Portofolio\\vendor\\laravel\\framework\\src\\Illuminate\\Routing\\Middleware\\SubstituteBindings.php(50): Illuminate\\Pipeline\\Pipeline->Illuminate\\Pipeline\\{closure}(Object(Illuminate\\Http\\Request))
#10 D:\\Larapel project\\Kelas_B_WEB2\\Sri_Enri_Anandayani\\Lap1Portofolio\\vendor\\laravel\\framework\\src\\Illuminate\\Pipeline\\Pipeline.php(208): Illuminate\\Routing\\Middleware\\SubstituteBindings->handle(Object(Illuminate\\Http\\Request), Object(Closure))
#11 D:\\Larapel project\\Kelas_B_WEB2\\Sri_Enri_Anandayani\\Lap1Portofolio\\vendor\\laravel\\framework\\src\\Illuminate\\Foundation\\Http\\Middleware\\VerifyCsrfToken.php(87): Illuminate\\Pipeline\\Pipeline->Illuminate\\Pipeline\\{closure}(Object(Illuminate\\Http\\Request))
#12 D:\\Larapel project\\Kelas_B_WEB2\\Sri_Enri_Anandayani\\Lap1Portofolio\\vendor\\laravel\\framework\\src\\Illuminate\\Pipeline\\Pipeline.php(208): Illuminate\\Foundation\\Http\\Middleware\\VerifyCsrfToken->handle(Object(Illuminate\\Http\\Request), Object(Closure))
#13 D:\\Larapel project\\Kelas_B_WEB2\\Sri_Enri_Anandayani\\Lap1Portofolio\\vendor\\laravel\\framework\\src\\Illuminate\\View\\Middleware\\ShareErrorsFromSession.php(48): Illuminate\\Pipeline\\Pipeline->Illuminate\\Pipeline\\{closure}(Object(Illuminate\\Http\\Request))
#14 D:\\Larapel project\\Kelas_B_WEB2\\Sri_Enri_Anandayani\\Lap1Portofolio\\vendor\\laravel\\framework\\src\\Illuminate\\Pipeline\\Pipeline.php(208): Illuminate\\View\\Middleware\\ShareErrorsFromSession->handle(Object(Illuminate\\Http\\Request), Object(Closure))
#15 D:\\Larapel project\\Kelas_B_WEB2\\Sri_Enri_Anandayani\\Lap1Portofolio\\vendor\\laravel\\framework\\src\\Illuminate\\Session\\Middleware\\StartSession.php(120): Illuminate\\Pipeline\\Pipeline->Illuminate\\Pipeline\\{closure}(Object(Illuminate\\Http\\Request))
#16 D:\\Larapel project\\Kelas_B_WEB2\\Sri_Enri_Anandayani\\Lap1Portofolio\\vendor\\laravel\\framework\\src\\Illuminate\\Session\\Middleware\\StartSession.php(63): Illuminate\\Session\\Middleware\\StartSession->handleStatefulRequest(Object(Illuminate\\Http\\Request), Object(Illuminate\\Session\\Store), Object(Closure))
#17 D:\\Larapel project\\Kelas_B_WEB2\\Sri_Enri_Anandayani\\Lap1Portofolio\\vendor\\laravel\\framework\\src\\Illuminate\\Pipeline\\Pipeline.php(208): Illuminate\\Session\\Middleware\\StartSession->handle(Object(Illuminate\\Http\\Request), Object(Closure))
#18 D:\\Larapel project\\Kelas_B_WEB2\\Sri_Enri_Anandayani\\Lap1Portofolio\\vendor\\laravel\\framework\\src\\Illuminate\\Cookie\\Middleware\\AddQueuedCookiesToResponse.php(36): Illuminate\\Pipeline\\Pipeline->Illuminate\\Pipeline\\{closure}(Object(Illuminate\\Http\\Request))
#19 D:\\Larapel project\\Kelas_B_WEB2\\Sri_Enri_Anandayani\\Lap1Portofolio\\vendor\\laravel\\framework\\src\\Illuminate\\Pipeline\\Pipeline.php(208): Illuminate\\Cookie\\Middleware\\AddQueuedCookiesToResponse->handle(Object(Illuminate\\Http\\Request), Object(Closure))
#20 D:\\Larapel project\\Kelas_B_WEB2\\Sri_Enri_Anandayani\\Lap1Portofolio\\vendor\\laravel\\framework\\src\\Illuminate\\Cookie\\Middleware\\EncryptCookies.php(74): Illuminate\\Pipeline\\Pipeline->Illuminate\\Pipeline\\{closure}(Object(Illuminate\\Http\\Request))
#21 D:\\Larapel project\\Kelas_B_WEB2\\Sri_Enri_Anandayani\\Lap1Portofolio\\vendor\\laravel\\framework\\src\\Illuminate\\Pipeline\\Pipeline.php(208): Illuminate\\Cookie\\Middleware\\EncryptCookies->handle(Object(Illuminate\\Http\\Request), Object(Closure))
#22 D:\\Larapel project\\Kelas_B_WEB2\\Sri_Enri_Anandayani\\Lap1Portofolio\\vendor\\laravel\\framework\\src\\Illuminate\\Pipeline\\Pipeline.php(126): Illuminate\\Pipeline\\Pipeline->Illuminate\\Pipeline\\{closure}(Object(Illuminate\\Http\\Request))
#23 D:\\Larapel project\\Kelas_B_WEB2\\Sri_Enri_Anandayani\\Lap1Portofolio\\vendor\\laravel\\framework\\src\\Illuminate\\Routing\\Router.php(807): Illuminate\\Pipeline\\Pipeline->then(Object(Closure))
#24 D:\\Larapel project\\Kelas_B_WEB2\\Sri_Enri_Anandayani\\Lap1Portofolio\\vendor\\laravel\\framework\\src\\Illuminate\\Routing\\Router.php(786): Illuminate\\Routing\\Router->runRouteWithinStack(Object(Illuminate\\Routing\\Route), Object(Illuminate\\Http\\Request))
#25 D:\\Larapel project\\Kelas_B_WEB2\\Sri_Enri_Anandayani\\Lap1Portofolio\\vendor\\laravel\\framework\\src\\Illuminate\\Routing\\Router.php(750): Illuminate\\Routing\\Router->runRoute(Object(Illuminate\\Http\\Request), Object(Illuminate\\Routing\\Route))
#26 D:\\Larapel project\\Kelas_B_WEB2\\Sri_Enri_Anandayani\\Lap1Portofolio\\vendor\\laravel\\framework\\src\\Illuminate\\Routing\\Router.php(739): Illuminate\\Routing\\Router->dispatchToRoute(Object(Illuminate\\Http\\Request))
#27 D:\\Larapel project\\Kelas_B_WEB2\\Sri_Enri_Anandayani\\Lap1Portofolio\\vendor\\laravel\\framework\\src\\Illuminate\\Foundation\\Http\\Kernel.php(200): Illuminate\\Routing\\Router->dispatch(Object(Illuminate\\Http\\Request))
#28 D:\\Larapel project\\Kelas_B_WEB2\\Sri_Enri_Anandayani\\Lap1Portofolio\\vendor\\laravel\\framework\\src\\Illuminate\\Pipeline\\Pipeline.php(169): Illuminate\\Foundation\\Http\\Kernel->Illuminate\\Foundation\\Http\\{closure}(Object(Illuminate\\Http\\Request))
#29 D:\\Larapel project\\Kelas_B_WEB2\\Sri_Enri_Anandayani\\Lap1Portofolio\\vendor\\laravel\\framework\\src\\Illuminate\\Foundation\\Http\\Middleware\\TransformsRequest.php(21): Illuminate\\Pipeline\\Pipeline->Illuminate\\Pipeline\\{closure}(Object(Illuminate\\Http\\Request))
#30 D:\\Larapel project\\Kelas_B_WEB2\\Sri_Enri_Anandayani\\Lap1Portofolio\\vendor\\laravel\\framework\\src\\Illuminate\\Foundation\\Http\\Middleware\\ConvertEmptyStringsToNull.php(31): Illuminate\\Foundation\\Http\\Middleware\\TransformsRequest->handle(Object(Illuminate\\Http\\Request), Object(Closure))
#31 D:\\Larapel project\\Kelas_B_WEB2\\Sri_Enri_Anandayani\\Lap1Portofolio\\vendor\\laravel\\framework\\src\\Illuminate\\Pipeline\\Pipeline.php(208): Illuminate\\Foundation\\Http\\Middleware\\ConvertEmptyStringsToNull->handle(Object(Illuminate\\Http\\Request), Object(Closure))
#32 D:\\Larapel project\\Kelas_B_WEB2\\Sri_Enri_Anandayani\\Lap1Portofolio\\vendor\\laravel\\framework\\src\\Illuminate\\Foundation\\Http\\Middleware\\TransformsRequest.php(21): Illuminate\\Pipeline\\Pipeline->Illuminate\\Pipeline\\{closure}(Object(Illuminate\\Http\\Request))
#33 D:\\Larapel project\\Kelas_B_WEB2\\Sri_Enri_Anandayani\\Lap1Portofolio\\vendor\\laravel\\framework\\src\\Illuminate\\Foundation\\Http\\Middleware\\TrimStrings.php(51): Illuminate\\Foundation\\Http\\Middleware\\TransformsRequest->handle(Object(Illuminate\\Http\\Request), Object(Closure))
#34 D:\\Larapel project\\Kelas_B_WEB2\\Sri_Enri_Anandayani\\Lap1Portofolio\\vendor\\laravel\\framework\\src\\Illuminate\\Pipeline\\Pipeline.php(208): Illuminate\\Foundation\\Http\\Middleware\\TrimStrings->handle(Object(Illuminate\\Http\\Request), Object(Closure))
#35 D:\\Larapel project\\Kelas_B_WEB2\\Sri_Enri_Anandayani\\Lap1Portofolio\\vendor\\laravel\\framework\\src\\Illuminate\\Http\\Middleware\\ValidatePostSize.php(27): Illuminate\\Pipeline\\Pipeline->Illuminate\\Pipeline\\{closure}(Object(Illuminate\\Http\\Request))
#36 D:\\Larapel project\\Kelas_B_WEB2\\Sri_Enri_Anandayani\\Lap1Portofolio\\vendor\\laravel\\framework\\src\\Illuminate\\Pipeline\\Pipeline.php(208): Illuminate\\Http\\Middleware\\ValidatePostSize->handle(Object(Illuminate\\Http\\Request), Object(Closure))
#37 D:\\Larapel project\\Kelas_B_WEB2\\Sri_Enri_Anandayani\\Lap1Portofolio\\vendor\\laravel\\framework\\src\\Illuminate\\Foundation\\Http\\Middleware\\PreventRequestsDuringMaintenance.php(109): Illuminate\\Pipeline\\Pipeline->Illuminate\\Pipeline\\{closure}(Object(Illuminate\\Http\\Request))
#38 D:\\Larapel project\\Kelas_B_WEB2\\Sri_Enri_Anandayani\\Lap1Portofolio\\vendor\\laravel\\framework\\src\\Illuminate\\Pipeline\\Pipeline.php(208): Illuminate\\Foundation\\Http\\Middleware\\PreventRequestsDuringMaintenance->handle(Object(Illuminate\\Http\\Request), Object(Closure))
#39 D:\\Larapel project\\Kelas_B_WEB2\\Sri_Enri_Anandayani\\Lap1Portofolio\\vendor\\laravel\\framework\\src\\Illuminate\\Http\\Middleware\\HandleCors.php(48): Illuminate\\Pipeline\\Pipeline->Illuminate\\Pipeline\\{closure}(Object(Illuminate\\Http\\Request))
#40 D:\\Larapel project\\Kelas_B_WEB2\\Sri_Enri_Anandayani\\Lap1Portofolio\\vendor\\laravel\\framework\\src\\Illuminate\\Pipeline\\Pipeline.php(208): Illuminate\\Http\\Middleware\\HandleCors->handle(Object(Illuminate\\Http\\Request), Object(Closure))
#41 D:\\Larapel project\\Kelas_B_WEB2\\Sri_Enri_Anandayani\\Lap1Portofolio\\vendor\\laravel\\framework\\src\\Illuminate\\Http\\Middleware\\TrustProxies.php(58): Illuminate\\Pipeline\\Pipeline->Illuminate\\Pipeline\\{closure}(Object(Illuminate\\Http\\Request))
#42 D:\\Larapel project\\Kelas_B_WEB2\\Sri_Enri_Anandayani\\Lap1Portofolio\\vendor\\laravel\\framework\\src\\Illuminate\\Pipeline\\Pipeline.php(208): Illuminate\\Http\\Middleware\\TrustProxies->handle(Object(Illuminate\\Http\\Request), Object(Closure))
#43 D:\\Larapel project\\Kelas_B_WEB2\\Sri_Enri_Anandayani\\Lap1Portofolio\\vendor\\laravel\\framework\\src\\Illuminate\\Foundation\\Http\\Middleware\\InvokeDeferredCallbacks.php(22): Illuminate\\Pipeline\\Pipeline->Illuminate\\Pipeline\\{closure}(Object(Illuminate\\Http\\Request))
#44 D:\\Larapel project\\Kelas_B_WEB2\\Sri_Enri_Anandayani\\Lap1Portofolio\\vendor\\laravel\\framework\\src\\Illuminate\\Pipeline\\Pipeline.php(208): Illuminate\\Foundation\\Http\\Middleware\\InvokeDeferredCallbacks->handle(Object(Illuminate\\Http\\Request), Object(Closure))
#45 D:\\Larapel project\\Kelas_B_WEB2\\Sri_Enri_Anandayani\\Lap1Portofolio\\vendor\\laravel\\framework\\src\\Illuminate\\Http\\Middleware\\ValidatePathEncoding.php(26): Illuminate\\Pipeline\\Pipeline->Illuminate\\Pipeline\\{closure}(Object(Illuminate\\Http\\Request))
#46 D:\\Larapel project\\Kelas_B_WEB2\\Sri_Enri_Anandayani\\Lap1Portofolio\\vendor\\laravel\\framework\\src\\Illuminate\\Pipeline\\Pipeline.php(208): Illuminate\\Http\\Middleware\\ValidatePathEncoding->handle(Object(Illuminate\\Http\\Request), Object(Closure))
#47 D:\\Larapel project\\Kelas_B_WEB2\\Sri_Enri_Anandayani\\Lap1Portofolio\\vendor\\laravel\\framework\\src\\Illuminate\\Pipeline\\Pipeline.php(126): Illuminate\\Pipeline\\Pipeline->Illuminate\\Pipeline\\{closure}(Object(Illuminate\\Http\\Request))
#48 D:\\Larapel project\\Kelas_B_WEB2\\Sri_Enri_Anandayani\\Lap1Portofolio\\vendor\\laravel\\framework\\src\\Illuminate\\Foundation\\Http\\Kernel.php(175): Illuminate\\Pipeline\\Pipeline->then(Object(Closure))
#49 D:\\Larapel project\\Kelas_B_WEB2\\Sri_Enri_Anandayani\\Lap1Portofolio\\vendor\\laravel\\framework\\src\\Illuminate\\Foundation\\Http\\Kernel.php(144): Illuminate\\Foundation\\Http\\Kernel->sendRequestThroughRouter(Object(Illuminate\\Http\\Request))
#50 D:\\Larapel project\\Kelas_B_WEB2\\Sri_Enri_Anandayani\\Lap1Portofolio\\vendor\\laravel\\framework\\src\\Illuminate\\Foundation\\Application.php(1219): Illuminate\\Foundation\\Http\\Kernel->handle(Object(Illuminate\\Http\\Request))
#51 D:\\Larapel project\\Kelas_B_WEB2\\Sri_Enri_Anandayani\\Lap1Portofolio\\public\\index.php(20): Illuminate\\Foundation\\Application->handleRequest(Object(Illuminate\\Http\\Request))
#52 D:\\Larapel project\\Kelas_B_WEB2\\Sri_Enri_Anandayani\\Lap1Portofolio\\vendor\\laravel\\framework\\src\\Illuminate\\Foundation\\resources\\server.php(23): require_once('D:\\\\Larapel proj...')
#53 {main}
"} 
[2025-05-19 05:39:21] local.ERROR: View [about] not found. {"exception":"[object] (InvalidArgumentException(code: 0): View [about] not found. at D:\\Larapel project\\Kelas_B_WEB2\\Sri_Enri_Anandayani\\Lap1Portofolio\\vendor\\laravel\\framework\\src\\Illuminate\\View\\FileViewFinder.php:138)
[stacktrace]
#0 D:\\Larapel project\\Kelas_B_WEB2\\Sri_Enri_Anandayani\\Lap1Portofolio\\vendor\\laravel\\framework\\src\\Illuminate\\View\\FileViewFinder.php(78): Illuminate\\View\\FileViewFinder->findInPaths('about', Array)
#1 D:\\Larapel project\\Kelas_B_WEB2\\Sri_Enri_Anandayani\\Lap1Portofolio\\vendor\\laravel\\framework\\src\\Illuminate\\View\\Factory.php(150): Illuminate\\View\\FileViewFinder->find('about')
#2 D:\\Larapel project\\Kelas_B_WEB2\\Sri_Enri_Anandayani\\Lap1Portofolio\\vendor\\laravel\\framework\\src\\Illuminate\\Foundation\\helpers.php(1079): Illuminate\\View\\Factory->make('about', Array, Array)
#3 D:\\Larapel project\\Kelas_B_WEB2\\Sri_Enri_Anandayani\\Lap1Portofolio\\routes\\web.php(11): view('about')
#4 D:\\Larapel project\\Kelas_B_WEB2\\Sri_Enri_Anandayani\\Lap1Portofolio\\vendor\\laravel\\framework\\src\\Illuminate\\Routing\\CallableDispatcher.php(39): Illuminate\\Routing\\RouteFileRegistrar->{closure}()
#5 D:\\Larapel project\\Kelas_B_WEB2\\Sri_Enri_Anandayani\\Lap1Portofolio\\vendor\\laravel\\framework\\src\\Illuminate\\Routing\\Route.php(243): Illuminate\\Routing\\CallableDispatcher->dispatch(Object(Illuminate\\Routing\\Route), Object(Closure))
#6 D:\\Larapel project\\Kelas_B_WEB2\\Sri_Enri_Anandayani\\Lap1Portofolio\\vendor\\laravel\\framework\\src\\Illuminate\\Routing\\Route.php(214): Illuminate\\Routing\\Route->runCallable()
#7 D:\\Larapel project\\Kelas_B_WEB2\\Sri_Enri_Anandayani\\Lap1Portofolio\\vendor\\laravel\\framework\\src\\Illuminate\\Routing\\Router.php(808): Illuminate\\Routing\\Route->run()
#8 D:\\Larapel project\\Kelas_B_WEB2\\Sri_Enri_Anandayani\\Lap1Portofolio\\vendor\\laravel\\framework\\src\\Illuminate\\Pipeline\\Pipeline.php(169): Illuminate\\Routing\\Router->Illuminate\\Routing\\{closure}(Object(Illuminate\\Http\\Request))
#9 D:\\Larapel project\\Kelas_B_WEB2\\Sri_Enri_Anandayani\\Lap1Portofolio\\vendor\\laravel\\framework\\src\\Illuminate\\Routing\\Middleware\\SubstituteBindings.php(50): Illuminate\\Pipeline\\Pipeline->Illuminate\\Pipeline\\{closure}(Object(Illuminate\\Http\\Request))
#10 D:\\Larapel project\\Kelas_B_WEB2\\Sri_Enri_Anandayani\\Lap1Portofolio\\vendor\\laravel\\framework\\src\\Illuminate\\Pipeline\\Pipeline.php(208): Illuminate\\Routing\\Middleware\\SubstituteBindings->handle(Object(Illuminate\\Http\\Request), Object(Closure))
#11 D:\\Larapel project\\Kelas_B_WEB2\\Sri_Enri_Anandayani\\Lap1Portofolio\\vendor\\laravel\\framework\\src\\Illuminate\\Foundation\\Http\\Middleware\\VerifyCsrfToken.php(87): Illuminate\\Pipeline\\Pipeline->Illuminate\\Pipeline\\{closure}(Object(Illuminate\\Http\\Request))
#12 D:\\Larapel project\\Kelas_B_WEB2\\Sri_Enri_Anandayani\\Lap1Portofolio\\vendor\\laravel\\framework\\src\\Illuminate\\Pipeline\\Pipeline.php(208): Illuminate\\Foundation\\Http\\Middleware\\VerifyCsrfToken->handle(Object(Illuminate\\Http\\Request), Object(Closure))
#13 D:\\Larapel project\\Kelas_B_WEB2\\Sri_Enri_Anandayani\\Lap1Portofolio\\vendor\\laravel\\framework\\src\\Illuminate\\View\\Middleware\\ShareErrorsFromSession.php(48): Illuminate\\Pipeline\\Pipeline->Illuminate\\Pipeline\\{closure}(Object(Illuminate\\Http\\Request))
#14 D:\\Larapel project\\Kelas_B_WEB2\\Sri_Enri_Anandayani\\Lap1Portofolio\\vendor\\laravel\\framework\\src\\Illuminate\\Pipeline\\Pipeline.php(208): Illuminate\\View\\Middleware\\ShareErrorsFromSession->handle(Object(Illuminate\\Http\\Request), Object(Closure))
#15 D:\\Larapel project\\Kelas_B_WEB2\\Sri_Enri_Anandayani\\Lap1Portofolio\\vendor\\laravel\\framework\\src\\Illuminate\\Session\\Middleware\\StartSession.php(120): Illuminate\\Pipeline\\Pipeline->Illuminate\\Pipeline\\{closure}(Object(Illuminate\\Http\\Request))
#16 D:\\Larapel project\\Kelas_B_WEB2\\Sri_Enri_Anandayani\\Lap1Portofolio\\vendor\\laravel\\framework\\src\\Illuminate\\Session\\Middleware\\StartSession.php(63): Illuminate\\Session\\Middleware\\StartSession->handleStatefulRequest(Object(Illuminate\\Http\\Request), Object(Illuminate\\Session\\Store), Object(Closure))
#17 D:\\Larapel project\\Kelas_B_WEB2\\Sri_Enri_Anandayani\\Lap1Portofolio\\vendor\\laravel\\framework\\src\\Illuminate\\Pipeline\\Pipeline.php(208): Illuminate\\Session\\Middleware\\StartSession->handle(Object(Illuminate\\Http\\Request), Object(Closure))
#18 D:\\Larapel project\\Kelas_B_WEB2\\Sri_Enri_Anandayani\\Lap1Portofolio\\vendor\\laravel\\framework\\src\\Illuminate\\Cookie\\Middleware\\AddQueuedCookiesToResponse.php(36): Illuminate\\Pipeline\\Pipeline->Illuminate\\Pipeline\\{closure}(Object(Illuminate\\Http\\Request))
#19 D:\\Larapel project\\Kelas_B_WEB2\\Sri_Enri_Anandayani\\Lap1Portofolio\\vendor\\laravel\\framework\\src\\Illuminate\\Pipeline\\Pipeline.php(208): Illuminate\\Cookie\\Middleware\\AddQueuedCookiesToResponse->handle(Object(Illuminate\\Http\\Request), Object(Closure))
#20 D:\\Larapel project\\Kelas_B_WEB2\\Sri_Enri_Anandayani\\Lap1Portofolio\\vendor\\laravel\\framework\\src\\Illuminate\\Cookie\\Middleware\\EncryptCookies.php(74): Illuminate\\Pipeline\\Pipeline->Illuminate\\Pipeline\\{closure}(Object(Illuminate\\Http\\Request))
#21 D:\\Larapel project\\Kelas_B_WEB2\\Sri_Enri_Anandayani\\Lap1Portofolio\\vendor\\laravel\\framework\\src\\Illuminate\\Pipeline\\Pipeline.php(208): Illuminate\\Cookie\\Middleware\\EncryptCookies->handle(Object(Illuminate\\Http\\Request), Object(Closure))
#22 D:\\Larapel project\\Kelas_B_WEB2\\Sri_Enri_Anandayani\\Lap1Portofolio\\vendor\\laravel\\framework\\src\\Illuminate\\Pipeline\\Pipeline.php(126): Illuminate\\Pipeline\\Pipeline->Illuminate\\Pipeline\\{closure}(Object(Illuminate\\Http\\Request))
#23 D:\\Larapel project\\Kelas_B_WEB2\\Sri_Enri_Anandayani\\Lap1Portofolio\\vendor\\laravel\\framework\\src\\Illuminate\\Routing\\Router.php(807): Illuminate\\Pipeline\\Pipeline->then(Object(Closure))
#24 D:\\Larapel project\\Kelas_B_WEB2\\Sri_Enri_Anandayani\\Lap1Portofolio\\vendor\\laravel\\framework\\src\\Illuminate\\Routing\\Router.php(786): Illuminate\\Routing\\Router->runRouteWithinStack(Object(Illuminate\\Routing\\Route), Object(Illuminate\\Http\\Request))
#25 D:\\Larapel project\\Kelas_B_WEB2\\Sri_Enri_Anandayani\\Lap1Portofolio\\vendor\\laravel\\framework\\src\\Illuminate\\Routing\\Router.php(750): Illuminate\\Routing\\Router->runRoute(Object(Illuminate\\Http\\Request), Object(Illuminate\\Routing\\Route))
#26 D:\\Larapel project\\Kelas_B_WEB2\\Sri_Enri_Anandayani\\Lap1Portofolio\\vendor\\laravel\\framework\\src\\Illuminate\\Routing\\Router.php(739): Illuminate\\Routing\\Router->dispatchToRoute(Object(Illuminate\\Http\\Request))
#27 D:\\Larapel project\\Kelas_B_WEB2\\Sri_Enri_Anandayani\\Lap1Portofolio\\vendor\\laravel\\framework\\src\\Illuminate\\Foundation\\Http\\Kernel.php(200): Illuminate\\Routing\\Router->dispatch(Object(Illuminate\\Http\\Request))
#28 D:\\Larapel project\\Kelas_B_WEB2\\Sri_Enri_Anandayani\\Lap1Portofolio\\vendor\\laravel\\framework\\src\\Illuminate\\Pipeline\\Pipeline.php(169): Illuminate\\Foundation\\Http\\Kernel->Illuminate\\Foundation\\Http\\{closure}(Object(Illuminate\\Http\\Request))
#29 D:\\Larapel project\\Kelas_B_WEB2\\Sri_Enri_Anandayani\\Lap1Portofolio\\vendor\\laravel\\framework\\src\\Illuminate\\Foundation\\Http\\Middleware\\TransformsRequest.php(21): Illuminate\\Pipeline\\Pipeline->Illuminate\\Pipeline\\{closure}(Object(Illuminate\\Http\\Request))
#30 D:\\Larapel project\\Kelas_B_WEB2\\Sri_Enri_Anandayani\\Lap1Portofolio\\vendor\\laravel\\framework\\src\\Illuminate\\Foundation\\Http\\Middleware\\ConvertEmptyStringsToNull.php(31): Illuminate\\Foundation\\Http\\Middleware\\TransformsRequest->handle(Object(Illuminate\\Http\\Request), Object(Closure))
#31 D:\\Larapel project\\Kelas_B_WEB2\\Sri_Enri_Anandayani\\Lap1Portofolio\\vendor\\laravel\\framework\\src\\Illuminate\\Pipeline\\Pipeline.php(208): Illuminate\\Foundation\\Http\\Middleware\\ConvertEmptyStringsToNull->handle(Object(Illuminate\\Http\\Request), Object(Closure))
#32 D:\\Larapel project\\Kelas_B_WEB2\\Sri_Enri_Anandayani\\Lap1Portofolio\\vendor\\laravel\\framework\\src\\Illuminate\\Foundation\\Http\\Middleware\\TransformsRequest.php(21): Illuminate\\Pipeline\\Pipeline->Illuminate\\Pipeline\\{closure}(Object(Illuminate\\Http\\Request))
#33 D:\\Larapel project\\Kelas_B_WEB2\\Sri_Enri_Anandayani\\Lap1Portofolio\\vendor\\laravel\\framework\\src\\Illuminate\\Foundation\\Http\\Middleware\\TrimStrings.php(51): Illuminate\\Foundation\\Http\\Middleware\\TransformsRequest->handle(Object(Illuminate\\Http\\Request), Object(Closure))
#34 D:\\Larapel project\\Kelas_B_WEB2\\Sri_Enri_Anandayani\\Lap1Portofolio\\vendor\\laravel\\framework\\src\\Illuminate\\Pipeline\\Pipeline.php(208): Illuminate\\Foundation\\Http\\Middleware\\TrimStrings->handle(Object(Illuminate\\Http\\Request), Object(Closure))
#35 D:\\Larapel project\\Kelas_B_WEB2\\Sri_Enri_Anandayani\\Lap1Portofolio\\vendor\\laravel\\framework\\src\\Illuminate\\Http\\Middleware\\ValidatePostSize.php(27): Illuminate\\Pipeline\\Pipeline->Illuminate\\Pipeline\\{closure}(Object(Illuminate\\Http\\Request))
#36 D:\\Larapel project\\Kelas_B_WEB2\\Sri_Enri_Anandayani\\Lap1Portofolio\\vendor\\laravel\\framework\\src\\Illuminate\\Pipeline\\Pipeline.php(208): Illuminate\\Http\\Middleware\\ValidatePostSize->handle(Object(Illuminate\\Http\\Request), Object(Closure))
#37 D:\\Larapel project\\Kelas_B_WEB2\\Sri_Enri_Anandayani\\Lap1Portofolio\\vendor\\laravel\\framework\\src\\Illuminate\\Foundation\\Http\\Middleware\\PreventRequestsDuringMaintenance.php(109): Illuminate\\Pipeline\\Pipeline->Illuminate\\Pipeline\\{closure}(Object(Illuminate\\Http\\Request))
#38 D:\\Larapel project\\Kelas_B_WEB2\\Sri_Enri_Anandayani\\Lap1Portofolio\\vendor\\laravel\\framework\\src\\Illuminate\\Pipeline\\Pipeline.php(208): Illuminate\\Foundation\\Http\\Middleware\\PreventRequestsDuringMaintenance->handle(Object(Illuminate\\Http\\Request), Object(Closure))
#39 D:\\Larapel project\\Kelas_B_WEB2\\Sri_Enri_Anandayani\\Lap1Portofolio\\vendor\\laravel\\framework\\src\\Illuminate\\Http\\Middleware\\HandleCors.php(48): Illuminate\\Pipeline\\Pipeline->Illuminate\\Pipeline\\{closure}(Object(Illuminate\\Http\\Request))
#40 D:\\Larapel project\\Kelas_B_WEB2\\Sri_Enri_Anandayani\\Lap1Portofolio\\vendor\\laravel\\framework\\src\\Illuminate\\Pipeline\\Pipeline.php(208): Illuminate\\Http\\Middleware\\HandleCors->handle(Object(Illuminate\\Http\\Request), Object(Closure))
#41 D:\\Larapel project\\Kelas_B_WEB2\\Sri_Enri_Anandayani\\Lap1Portofolio\\vendor\\laravel\\framework\\src\\Illuminate\\Http\\Middleware\\TrustProxies.php(58): Illuminate\\Pipeline\\Pipeline->Illuminate\\Pipeline\\{closure}(Object(Illuminate\\Http\\Request))
#42 D:\\Larapel project\\Kelas_B_WEB2\\Sri_Enri_Anandayani\\Lap1Portofolio\\vendor\\laravel\\framework\\src\\Illuminate\\Pipeline\\Pipeline.php(208): Illuminate\\Http\\Middleware\\TrustProxies->handle(Object(Illuminate\\Http\\Request), Object(Closure))
#43 D:\\Larapel project\\Kelas_B_WEB2\\Sri_Enri_Anandayani\\Lap1Portofolio\\vendor\\laravel\\framework\\src\\Illuminate\\Foundation\\Http\\Middleware\\InvokeDeferredCallbacks.php(22): Illuminate\\Pipeline\\Pipeline->Illuminate\\Pipeline\\{closure}(Object(Illuminate\\Http\\Request))
#44 D:\\Larapel project\\Kelas_B_WEB2\\Sri_Enri_Anandayani\\Lap1Portofolio\\vendor\\laravel\\framework\\src\\Illuminate\\Pipeline\\Pipeline.php(208): Illuminate\\Foundation\\Http\\Middleware\\InvokeDeferredCallbacks->handle(Object(Illuminate\\Http\\Request), Object(Closure))
#45 D:\\Larapel project\\Kelas_B_WEB2\\Sri_Enri_Anandayani\\Lap1Portofolio\\vendor\\laravel\\framework\\src\\Illuminate\\Http\\Middleware\\ValidatePathEncoding.php(26): Illuminate\\Pipeline\\Pipeline->Illuminate\\Pipeline\\{closure}(Object(Illuminate\\Http\\Request))
#46 D:\\Larapel project\\Kelas_B_WEB2\\Sri_Enri_Anandayani\\Lap1Portofolio\\vendor\\laravel\\framework\\src\\Illuminate\\Pipeline\\Pipeline.php(208): Illuminate\\Http\\Middleware\\ValidatePathEncoding->handle(Object(Illuminate\\Http\\Request), Object(Closure))
#47 D:\\Larapel project\\Kelas_B_WEB2\\Sri_Enri_Anandayani\\Lap1Portofolio\\vendor\\laravel\\framework\\src\\Illuminate\\Pipeline\\Pipeline.php(126): Illuminate\\Pipeline\\Pipeline->Illuminate\\Pipeline\\{closure}(Object(Illuminate\\Http\\Request))
#48 D:\\Larapel project\\Kelas_B_WEB2\\Sri_Enri_Anandayani\\Lap1Portofolio\\vendor\\laravel\\framework\\src\\Illuminate\\Foundation\\Http\\Kernel.php(175): Illuminate\\Pipeline\\Pipeline->then(Object(Closure))
#49 D:\\Larapel project\\Kelas_B_WEB2\\Sri_Enri_Anandayani\\Lap1Portofolio\\vendor\\laravel\\framework\\src\\Illuminate\\Foundation\\Http\\Kernel.php(144): Illuminate\\Foundation\\Http\\Kernel->sendRequestThroughRouter(Object(Illuminate\\Http\\Request))
#50 D:\\Larapel project\\Kelas_B_WEB2\\Sri_Enri_Anandayani\\Lap1Portofolio\\vendor\\laravel\\framework\\src\\Illuminate\\Foundation\\Application.php(1219): Illuminate\\Foundation\\Http\\Kernel->handle(Object(Illuminate\\Http\\Request))
#51 D:\\Larapel project\\Kelas_B_WEB2\\Sri_Enri_Anandayani\\Lap1Portofolio\\public\\index.php(20): Illuminate\\Foundation\\Application->handleRequest(Object(Illuminate\\Http\\Request))
#52 D:\\Larapel project\\Kelas_B_WEB2\\Sri_Enri_Anandayani\\Lap1Portofolio\\vendor\\laravel\\framework\\src\\Illuminate\\Foundation\\resources\\server.php(23): require_once('D:\\\\Larapel proj...')
#53 {main}
"} 
[2025-05-19 05:39:42] local.ERROR: View [about] not found. {"exception":"[object] (InvalidArgumentException(code: 0): View [about] not found. at D:\\Larapel project\\Kelas_B_WEB2\\Sri_Enri_Anandayani\\Lap1Portofolio\\vendor\\laravel\\framework\\src\\Illuminate\\View\\FileViewFinder.php:138)
[stacktrace]
#0 D:\\Larapel project\\Kelas_B_WEB2\\Sri_Enri_Anandayani\\Lap1Portofolio\\vendor\\laravel\\framework\\src\\Illuminate\\View\\FileViewFinder.php(78): Illuminate\\View\\FileViewFinder->findInPaths('about', Array)
#1 D:\\Larapel project\\Kelas_B_WEB2\\Sri_Enri_Anandayani\\Lap1Portofolio\\vendor\\laravel\\framework\\src\\Illuminate\\View\\Factory.php(150): Illuminate\\View\\FileViewFinder->find('about')
#2 D:\\Larapel project\\Kelas_B_WEB2\\Sri_Enri_Anandayani\\Lap1Portofolio\\vendor\\laravel\\framework\\src\\Illuminate\\Foundation\\helpers.php(1079): Illuminate\\View\\Factory->make('about', Array, Array)
#3 D:\\Larapel project\\Kelas_B_WEB2\\Sri_Enri_Anandayani\\Lap1Portofolio\\routes\\web.php(11): view('about')
#4 D:\\Larapel project\\Kelas_B_WEB2\\Sri_Enri_Anandayani\\Lap1Portofolio\\vendor\\laravel\\framework\\src\\Illuminate\\Routing\\CallableDispatcher.php(39): Illuminate\\Routing\\RouteFileRegistrar->{closure}()
#5 D:\\Larapel project\\Kelas_B_WEB2\\Sri_Enri_Anandayani\\Lap1Portofolio\\vendor\\laravel\\framework\\src\\Illuminate\\Routing\\Route.php(243): Illuminate\\Routing\\CallableDispatcher->dispatch(Object(Illuminate\\Routing\\Route), Object(Closure))
#6 D:\\Larapel project\\Kelas_B_WEB2\\Sri_Enri_Anandayani\\Lap1Portofolio\\vendor\\laravel\\framework\\src\\Illuminate\\Routing\\Route.php(214): Illuminate\\Routing\\Route->runCallable()
#7 D:\\Larapel project\\Kelas_B_WEB2\\Sri_Enri_Anandayani\\Lap1Portofolio\\vendor\\laravel\\framework\\src\\Illuminate\\Routing\\Router.php(808): Illuminate\\Routing\\Route->run()
#8 D:\\Larapel project\\Kelas_B_WEB2\\Sri_Enri_Anandayani\\Lap1Portofolio\\vendor\\laravel\\framework\\src\\Illuminate\\Pipeline\\Pipeline.php(169): Illuminate\\Routing\\Router->Illuminate\\Routing\\{closure}(Object(Illuminate\\Http\\Request))
#9 D:\\Larapel project\\Kelas_B_WEB2\\Sri_Enri_Anandayani\\Lap1Portofolio\\vendor\\laravel\\framework\\src\\Illuminate\\Routing\\Middleware\\SubstituteBindings.php(50): Illuminate\\Pipeline\\Pipeline->Illuminate\\Pipeline\\{closure}(Object(Illuminate\\Http\\Request))
#10 D:\\Larapel project\\Kelas_B_WEB2\\Sri_Enri_Anandayani\\Lap1Portofolio\\vendor\\laravel\\framework\\src\\Illuminate\\Pipeline\\Pipeline.php(208): Illuminate\\Routing\\Middleware\\SubstituteBindings->handle(Object(Illuminate\\Http\\Request), Object(Closure))
#11 D:\\Larapel project\\Kelas_B_WEB2\\Sri_Enri_Anandayani\\Lap1Portofolio\\vendor\\laravel\\framework\\src\\Illuminate\\Foundation\\Http\\Middleware\\VerifyCsrfToken.php(87): Illuminate\\Pipeline\\Pipeline->Illuminate\\Pipeline\\{closure}(Object(Illuminate\\Http\\Request))
#12 D:\\Larapel project\\Kelas_B_WEB2\\Sri_Enri_Anandayani\\Lap1Portofolio\\vendor\\laravel\\framework\\src\\Illuminate\\Pipeline\\Pipeline.php(208): Illuminate\\Foundation\\Http\\Middleware\\VerifyCsrfToken->handle(Object(Illuminate\\Http\\Request), Object(Closure))
#13 D:\\Larapel project\\Kelas_B_WEB2\\Sri_Enri_Anandayani\\Lap1Portofolio\\vendor\\laravel\\framework\\src\\Illuminate\\View\\Middleware\\ShareErrorsFromSession.php(48): Illuminate\\Pipeline\\Pipeline->Illuminate\\Pipeline\\{closure}(Object(Illuminate\\Http\\Request))
#14 D:\\Larapel project\\Kelas_B_WEB2\\Sri_Enri_Anandayani\\Lap1Portofolio\\vendor\\laravel\\framework\\src\\Illuminate\\Pipeline\\Pipeline.php(208): Illuminate\\View\\Middleware\\ShareErrorsFromSession->handle(Object(Illuminate\\Http\\Request), Object(Closure))
#15 D:\\Larapel project\\Kelas_B_WEB2\\Sri_Enri_Anandayani\\Lap1Portofolio\\vendor\\laravel\\framework\\src\\Illuminate\\Session\\Middleware\\StartSession.php(120): Illuminate\\Pipeline\\Pipeline->Illuminate\\Pipeline\\{closure}(Object(Illuminate\\Http\\Request))
#16 D:\\Larapel project\\Kelas_B_WEB2\\Sri_Enri_Anandayani\\Lap1Portofolio\\vendor\\laravel\\framework\\src\\Illuminate\\Session\\Middleware\\StartSession.php(63): Illuminate\\Session\\Middleware\\StartSession->handleStatefulRequest(Object(Illuminate\\Http\\Request), Object(Illuminate\\Session\\Store), Object(Closure))
#17 D:\\Larapel project\\Kelas_B_WEB2\\Sri_Enri_Anandayani\\Lap1Portofolio\\vendor\\laravel\\framework\\src\\Illuminate\\Pipeline\\Pipeline.php(208): Illuminate\\Session\\Middleware\\StartSession->handle(Object(Illuminate\\Http\\Request), Object(Closure))
#18 D:\\Larapel project\\Kelas_B_WEB2\\Sri_Enri_Anandayani\\Lap1Portofolio\\vendor\\laravel\\framework\\src\\Illuminate\\Cookie\\Middleware\\AddQueuedCookiesToResponse.php(36): Illuminate\\Pipeline\\Pipeline->Illuminate\\Pipeline\\{closure}(Object(Illuminate\\Http\\Request))
#19 D:\\Larapel project\\Kelas_B_WEB2\\Sri_Enri_Anandayani\\Lap1Portofolio\\vendor\\laravel\\framework\\src\\Illuminate\\Pipeline\\Pipeline.php(208): Illuminate\\Cookie\\Middleware\\AddQueuedCookiesToResponse->handle(Object(Illuminate\\Http\\Request), Object(Closure))
#20 D:\\Larapel project\\Kelas_B_WEB2\\Sri_Enri_Anandayani\\Lap1Portofolio\\vendor\\laravel\\framework\\src\\Illuminate\\Cookie\\Middleware\\EncryptCookies.php(74): Illuminate\\Pipeline\\Pipeline->Illuminate\\Pipeline\\{closure}(Object(Illuminate\\Http\\Request))
#21 D:\\Larapel project\\Kelas_B_WEB2\\Sri_Enri_Anandayani\\Lap1Portofolio\\vendor\\laravel\\framework\\src\\Illuminate\\Pipeline\\Pipeline.php(208): Illuminate\\Cookie\\Middleware\\EncryptCookies->handle(Object(Illuminate\\Http\\Request), Object(Closure))
#22 D:\\Larapel project\\Kelas_B_WEB2\\Sri_Enri_Anandayani\\Lap1Portofolio\\vendor\\laravel\\framework\\src\\Illuminate\\Pipeline\\Pipeline.php(126): Illuminate\\Pipeline\\Pipeline->Illuminate\\Pipeline\\{closure}(Object(Illuminate\\Http\\Request))
#23 D:\\Larapel project\\Kelas_B_WEB2\\Sri_Enri_Anandayani\\Lap1Portofolio\\vendor\\laravel\\framework\\src\\Illuminate\\Routing\\Router.php(807): Illuminate\\Pipeline\\Pipeline->then(Object(Closure))
#24 D:\\Larapel project\\Kelas_B_WEB2\\Sri_Enri_Anandayani\\Lap1Portofolio\\vendor\\laravel\\framework\\src\\Illuminate\\Routing\\Router.php(786): Illuminate\\Routing\\Router->runRouteWithinStack(Object(Illuminate\\Routing\\Route), Object(Illuminate\\Http\\Request))
#25 D:\\Larapel project\\Kelas_B_WEB2\\Sri_Enri_Anandayani\\Lap1Portofolio\\vendor\\laravel\\framework\\src\\Illuminate\\Routing\\Router.php(750): Illuminate\\Routing\\Router->runRoute(Object(Illuminate\\Http\\Request), Object(Illuminate\\Routing\\Route))
#26 D:\\Larapel project\\Kelas_B_WEB2\\Sri_Enri_Anandayani\\Lap1Portofolio\\vendor\\laravel\\framework\\src\\Illuminate\\Routing\\Router.php(739): Illuminate\\Routing\\Router->dispatchToRoute(Object(Illuminate\\Http\\Request))
#27 D:\\Larapel project\\Kelas_B_WEB2\\Sri_Enri_Anandayani\\Lap1Portofolio\\vendor\\laravel\\framework\\src\\Illuminate\\Foundation\\Http\\Kernel.php(200): Illuminate\\Routing\\Router->dispatch(Object(Illuminate\\Http\\Request))
#28 D:\\Larapel project\\Kelas_B_WEB2\\Sri_Enri_Anandayani\\Lap1Portofolio\\vendor\\laravel\\framework\\src\\Illuminate\\Pipeline\\Pipeline.php(169): Illuminate\\Foundation\\Http\\Kernel->Illuminate\\Foundation\\Http\\{closure}(Object(Illuminate\\Http\\Request))
#29 D:\\Larapel project\\Kelas_B_WEB2\\Sri_Enri_Anandayani\\Lap1Portofolio\\vendor\\laravel\\framework\\src\\Illuminate\\Foundation\\Http\\Middleware\\TransformsRequest.php(21): Illuminate\\Pipeline\\Pipeline->Illuminate\\Pipeline\\{closure}(Object(Illuminate\\Http\\Request))
#30 D:\\Larapel project\\Kelas_B_WEB2\\Sri_Enri_Anandayani\\Lap1Portofolio\\vendor\\laravel\\framework\\src\\Illuminate\\Foundation\\Http\\Middleware\\ConvertEmptyStringsToNull.php(31): Illuminate\\Foundation\\Http\\Middleware\\TransformsRequest->handle(Object(Illuminate\\Http\\Request), Object(Closure))
#31 D:\\Larapel project\\Kelas_B_WEB2\\Sri_Enri_Anandayani\\Lap1Portofolio\\vendor\\laravel\\framework\\src\\Illuminate\\Pipeline\\Pipeline.php(208): Illuminate\\Foundation\\Http\\Middleware\\ConvertEmptyStringsToNull->handle(Object(Illuminate\\Http\\Request), Object(Closure))
#32 D:\\Larapel project\\Kelas_B_WEB2\\Sri_Enri_Anandayani\\Lap1Portofolio\\vendor\\laravel\\framework\\src\\Illuminate\\Foundation\\Http\\Middleware\\TransformsRequest.php(21): Illuminate\\Pipeline\\Pipeline->Illuminate\\Pipeline\\{closure}(Object(Illuminate\\Http\\Request))
#33 D:\\Larapel project\\Kelas_B_WEB2\\Sri_Enri_Anandayani\\Lap1Portofolio\\vendor\\laravel\\framework\\src\\Illuminate\\Foundation\\Http\\Middleware\\TrimStrings.php(51): Illuminate\\Foundation\\Http\\Middleware\\TransformsRequest->handle(Object(Illuminate\\Http\\Request), Object(Closure))
#34 D:\\Larapel project\\Kelas_B_WEB2\\Sri_Enri_Anandayani\\Lap1Portofolio\\vendor\\laravel\\framework\\src\\Illuminate\\Pipeline\\Pipeline.php(208): Illuminate\\Foundation\\Http\\Middleware\\TrimStrings->handle(Object(Illuminate\\Http\\Request), Object(Closure))
#35 D:\\Larapel project\\Kelas_B_WEB2\\Sri_Enri_Anandayani\\Lap1Portofolio\\vendor\\laravel\\framework\\src\\Illuminate\\Http\\Middleware\\ValidatePostSize.php(27): Illuminate\\Pipeline\\Pipeline->Illuminate\\Pipeline\\{closure}(Object(Illuminate\\Http\\Request))
#36 D:\\Larapel project\\Kelas_B_WEB2\\Sri_Enri_Anandayani\\Lap1Portofolio\\vendor\\laravel\\framework\\src\\Illuminate\\Pipeline\\Pipeline.php(208): Illuminate\\Http\\Middleware\\ValidatePostSize->handle(Object(Illuminate\\Http\\Request), Object(Closure))
#37 D:\\Larapel project\\Kelas_B_WEB2\\Sri_Enri_Anandayani\\Lap1Portofolio\\vendor\\laravel\\framework\\src\\Illuminate\\Foundation\\Http\\Middleware\\PreventRequestsDuringMaintenance.php(109): Illuminate\\Pipeline\\Pipeline->Illuminate\\Pipeline\\{closure}(Object(Illuminate\\Http\\Request))
#38 D:\\Larapel project\\Kelas_B_WEB2\\Sri_Enri_Anandayani\\Lap1Portofolio\\vendor\\laravel\\framework\\src\\Illuminate\\Pipeline\\Pipeline.php(208): Illuminate\\Foundation\\Http\\Middleware\\PreventRequestsDuringMaintenance->handle(Object(Illuminate\\Http\\Request), Object(Closure))
#39 D:\\Larapel project\\Kelas_B_WEB2\\Sri_Enri_Anandayani\\Lap1Portofolio\\vendor\\laravel\\framework\\src\\Illuminate\\Http\\Middleware\\HandleCors.php(48): Illuminate\\Pipeline\\Pipeline->Illuminate\\Pipeline\\{closure}(Object(Illuminate\\Http\\Request))
#40 D:\\Larapel project\\Kelas_B_WEB2\\Sri_Enri_Anandayani\\Lap1Portofolio\\vendor\\laravel\\framework\\src\\Illuminate\\Pipeline\\Pipeline.php(208): Illuminate\\Http\\Middleware\\HandleCors->handle(Object(Illuminate\\Http\\Request), Object(Closure))
#41 D:\\Larapel project\\Kelas_B_WEB2\\Sri_Enri_Anandayani\\Lap1Portofolio\\vendor\\laravel\\framework\\src\\Illuminate\\Http\\Middleware\\TrustProxies.php(58): Illuminate\\Pipeline\\Pipeline->Illuminate\\Pipeline\\{closure}(Object(Illuminate\\Http\\Request))
#42 D:\\Larapel project\\Kelas_B_WEB2\\Sri_Enri_Anandayani\\Lap1Portofolio\\vendor\\laravel\\framework\\src\\Illuminate\\Pipeline\\Pipeline.php(208): Illuminate\\Http\\Middleware\\TrustProxies->handle(Object(Illuminate\\Http\\Request), Object(Closure))
#43 D:\\Larapel project\\Kelas_B_WEB2\\Sri_Enri_Anandayani\\Lap1Portofolio\\vendor\\laravel\\framework\\src\\Illuminate\\Foundation\\Http\\Middleware\\InvokeDeferredCallbacks.php(22): Illuminate\\Pipeline\\Pipeline->Illuminate\\Pipeline\\{closure}(Object(Illuminate\\Http\\Request))
#44 D:\\Larapel project\\Kelas_B_WEB2\\Sri_Enri_Anandayani\\Lap1Portofolio\\vendor\\laravel\\framework\\src\\Illuminate\\Pipeline\\Pipeline.php(208): Illuminate\\Foundation\\Http\\Middleware\\InvokeDeferredCallbacks->handle(Object(Illuminate\\Http\\Request), Object(Closure))
#45 D:\\Larapel project\\Kelas_B_WEB2\\Sri_Enri_Anandayani\\Lap1Portofolio\\vendor\\laravel\\framework\\src\\Illuminate\\Http\\Middleware\\ValidatePathEncoding.php(26): Illuminate\\Pipeline\\Pipeline->Illuminate\\Pipeline\\{closure}(Object(Illuminate\\Http\\Request))
#46 D:\\Larapel project\\Kelas_B_WEB2\\Sri_Enri_Anandayani\\Lap1Portofolio\\vendor\\laravel\\framework\\src\\Illuminate\\Pipeline\\Pipeline.php(208): Illuminate\\Http\\Middleware\\ValidatePathEncoding->handle(Object(Illuminate\\Http\\Request), Object(Closure))
#47 D:\\Larapel project\\Kelas_B_WEB2\\Sri_Enri_Anandayani\\Lap1Portofolio\\vendor\\laravel\\framework\\src\\Illuminate\\Pipeline\\Pipeline.php(126): Illuminate\\Pipeline\\Pipeline->Illuminate\\Pipeline\\{closure}(Object(Illuminate\\Http\\Request))
#48 D:\\Larapel project\\Kelas_B_WEB2\\Sri_Enri_Anandayani\\Lap1Portofolio\\vendor\\laravel\\framework\\src\\Illuminate\\Foundation\\Http\\Kernel.php(175): Illuminate\\Pipeline\\Pipeline->then(Object(Closure))
#49 D:\\Larapel project\\Kelas_B_WEB2\\Sri_Enri_Anandayani\\Lap1Portofolio\\vendor\\laravel\\framework\\src\\Illuminate\\Foundation\\Http\\Kernel.php(144): Illuminate\\Foundation\\Http\\Kernel->sendRequestThroughRouter(Object(Illuminate\\Http\\Request))
#50 D:\\Larapel project\\Kelas_B_WEB2\\Sri_Enri_Anandayani\\Lap1Portofolio\\vendor\\laravel\\framework\\src\\Illuminate\\Foundation\\Application.php(1219): Illuminate\\Foundation\\Http\\Kernel->handle(Object(Illuminate\\Http\\Request))
#51 D:\\Larapel project\\Kelas_B_WEB2\\Sri_Enri_Anandayani\\Lap1Portofolio\\public\\index.php(20): Illuminate\\Foundation\\Application->handleRequest(Object(Illuminate\\Http\\Request))
#52 D:\\Larapel project\\Kelas_B_WEB2\\Sri_Enri_Anandayani\\Lap1Portofolio\\vendor\\laravel\\framework\\src\\Illuminate\\Foundation\\resources\\server.php(23): require_once('D:\\\\Larapel proj...')
#53 {main}
"} 
