[2025-05-13 10:29:15] local.ERROR: SQLSTATE[HY000] [2002] No connection could be made because the target machine actively refused it (Connection: mysql, SQL: select exists (select 1 from information_schema.tables where table_schema = schema() and table_name = 'migrations' and table_type in ('BASE TABLE', 'SYSTEM VERSIONED')) as `exists`) {"exception":"[object] (Illuminate\\Database\\QueryException(code: 2002): SQLSTATE[HY000] [2002] No connection could be made because the target machine actively refused it (Connection: mysql, SQL: select exists (select 1 from information_schema.tables where table_schema = schema() and table_name = 'migrations' and table_type in ('BASE TABLE', 'SYSTEM VERSIONED')) as `exists`) at D:\\praktikum_laravel\\laravelPraktikum\\vendor\\laravel\\framework\\src\\Illuminate\\Database\\Connection.php:822)
[stacktrace]
#0 D:\\praktikum_laravel\\laravelPraktikum\\vendor\\laravel\\framework\\src\\Illuminate\\Database\\Connection.php(976): Illuminate\\Database\\Connection->runQueryCallback('select exists (...', Array, Object(Closure))
#1 D:\\praktikum_laravel\\laravelPraktikum\\vendor\\laravel\\framework\\src\\Illuminate\\Database\\Connection.php(955): Illuminate\\Database\\Connection->tryAgainIfCausedByLostConnection(Object(Illuminate\\Database\\QueryException), 'select exists (...', Array, Object(Closure))
#2 D:\\praktikum_laravel\\laravelPraktikum\\vendor\\laravel\\framework\\src\\Illuminate\\Database\\Connection.php(778): Illuminate\\Database\\Connection->handleQueryException(Object(Illuminate\\Database\\QueryException), 'select exists (...', Array, Object(Closure))
#3 D:\\praktikum_laravel\\laravelPraktikum\\vendor\\laravel\\framework\\src\\Illuminate\\Database\\Connection.php(395): Illuminate\\Database\\Connection->run('select exists (...', Array, Object(Closure))
#4 D:\\praktikum_laravel\\laravelPraktikum\\vendor\\laravel\\framework\\src\\Illuminate\\Database\\Connection.php(341): Illuminate\\Database\\Connection->select('select exists (...', Array, true)
#5 D:\\praktikum_laravel\\laravelPraktikum\\vendor\\laravel\\framework\\src\\Illuminate\\Database\\Connection.php(358): Illuminate\\Database\\Connection->selectOne('select exists (...', Array, true)
#6 D:\\praktikum_laravel\\laravelPraktikum\\vendor\\laravel\\framework\\src\\Illuminate\\Database\\Schema\\Builder.php(177): Illuminate\\Database\\Connection->scalar('select exists (...')
#7 D:\\praktikum_laravel\\laravelPraktikum\\vendor\\laravel\\framework\\src\\Illuminate\\Database\\Migrations\\DatabaseMigrationRepository.php(183): Illuminate\\Database\\Schema\\Builder->hasTable('migrations')
#8 D:\\praktikum_laravel\\laravelPraktikum\\vendor\\laravel\\framework\\src\\Illuminate\\Database\\Migrations\\Migrator.php(749): Illuminate\\Database\\Migrations\\DatabaseMigrationRepository->repositoryExists()
#9 D:\\praktikum_laravel\\laravelPraktikum\\vendor\\laravel\\framework\\src\\Illuminate\\Database\\Console\\Migrations\\MigrateCommand.php(164): Illuminate\\Database\\Migrations\\Migrator->repositoryExists()
#10 D:\\praktikum_laravel\\laravelPraktikum\\vendor\\laravel\\framework\\src\\Illuminate\\Support\\helpers.php(338): Illuminate\\Database\\Console\\Migrations\\MigrateCommand->Illuminate\\Database\\Console\\Migrations\\{closure}(1)
#11 D:\\praktikum_laravel\\laravelPraktikum\\vendor\\laravel\\framework\\src\\Illuminate\\Database\\Console\\Migrations\\MigrateCommand.php(164): retry(1, Object(Closure), 0, Object(Closure))
#12 D:\\praktikum_laravel\\laravelPraktikum\\vendor\\laravel\\framework\\src\\Illuminate\\Database\\Console\\Migrations\\MigrateCommand.php(140): Illuminate\\Database\\Console\\Migrations\\MigrateCommand->repositoryExists()
#13 D:\\praktikum_laravel\\laravelPraktikum\\vendor\\laravel\\framework\\src\\Illuminate\\Database\\Console\\Migrations\\MigrateCommand.php(110): Illuminate\\Database\\Console\\Migrations\\MigrateCommand->prepareDatabase()
#14 D:\\praktikum_laravel\\laravelPraktikum\\vendor\\laravel\\framework\\src\\Illuminate\\Database\\Migrations\\Migrator.php(665): Illuminate\\Database\\Console\\Migrations\\MigrateCommand->Illuminate\\Database\\Console\\Migrations\\{closure}()
#15 D:\\praktikum_laravel\\laravelPraktikum\\vendor\\laravel\\framework\\src\\Illuminate\\Database\\Console\\Migrations\\MigrateCommand.php(109): Illuminate\\Database\\Migrations\\Migrator->usingConnection(NULL, Object(Closure))
#16 D:\\praktikum_laravel\\laravelPraktikum\\vendor\\laravel\\framework\\src\\Illuminate\\Database\\Console\\Migrations\\MigrateCommand.php(88): Illuminate\\Database\\Console\\Migrations\\MigrateCommand->runMigrations()
#17 D:\\praktikum_laravel\\laravelPraktikum\\vendor\\laravel\\framework\\src\\Illuminate\\Container\\BoundMethod.php(36): Illuminate\\Database\\Console\\Migrations\\MigrateCommand->handle()
#18 D:\\praktikum_laravel\\laravelPraktikum\\vendor\\laravel\\framework\\src\\Illuminate\\Container\\Util.php(43): Illuminate\\Container\\BoundMethod::Illuminate\\Container\\{closure}()
#19 D:\\praktikum_laravel\\laravelPraktikum\\vendor\\laravel\\framework\\src\\Illuminate\\Container\\BoundMethod.php(96): Illuminate\\Container\\Util::unwrapIfClosure(Object(Closure))
#20 D:\\praktikum_laravel\\laravelPraktikum\\vendor\\laravel\\framework\\src\\Illuminate\\Container\\BoundMethod.php(35): Illuminate\\Container\\BoundMethod::callBoundMethod(Object(Illuminate\\Foundation\\Application), Array, Object(Closure))
#21 D:\\praktikum_laravel\\laravelPraktikum\\vendor\\laravel\\framework\\src\\Illuminate\\Container\\Container.php(754): Illuminate\\Container\\BoundMethod::call(Object(Illuminate\\Foundation\\Application), Array, Array, NULL)
#22 D:\\praktikum_laravel\\laravelPraktikum\\vendor\\laravel\\framework\\src\\Illuminate\\Console\\Command.php(211): Illuminate\\Container\\Container->call(Array)
#23 D:\\praktikum_laravel\\laravelPraktikum\\vendor\\symfony\\console\\Command\\Command.php(279): Illuminate\\Console\\Command->execute(Object(Symfony\\Component\\Console\\Input\\ArgvInput), Object(Illuminate\\Console\\OutputStyle))
#24 D:\\praktikum_laravel\\laravelPraktikum\\vendor\\laravel\\framework\\src\\Illuminate\\Console\\Command.php(180): Symfony\\Component\\Console\\Command\\Command->run(Object(Symfony\\Component\\Console\\Input\\ArgvInput), Object(Illuminate\\Console\\OutputStyle))
#25 D:\\praktikum_laravel\\laravelPraktikum\\vendor\\symfony\\console\\Application.php(1094): Illuminate\\Console\\Command->run(Object(Symfony\\Component\\Console\\Input\\ArgvInput), Object(Symfony\\Component\\Console\\Output\\ConsoleOutput))
#26 D:\\praktikum_laravel\\laravelPraktikum\\vendor\\symfony\\console\\Application.php(342): Symfony\\Component\\Console\\Application->doRunCommand(Object(Illuminate\\Database\\Console\\Migrations\\MigrateCommand), Object(Symfony\\Component\\Console\\Input\\ArgvInput), Object(Symfony\\Component\\Console\\Output\\ConsoleOutput))
#27 D:\\praktikum_laravel\\laravelPraktikum\\vendor\\symfony\\console\\Application.php(193): Symfony\\Component\\Console\\Application->doRun(Object(Symfony\\Component\\Console\\Input\\ArgvInput), Object(Symfony\\Component\\Console\\Output\\ConsoleOutput))
#28 D:\\praktikum_laravel\\laravelPraktikum\\vendor\\laravel\\framework\\src\\Illuminate\\Foundation\\Console\\Kernel.php(197): Symfony\\Component\\Console\\Application->run(Object(Symfony\\Component\\Console\\Input\\ArgvInput), Object(Symfony\\Component\\Console\\Output\\ConsoleOutput))
#29 D:\\praktikum_laravel\\laravelPraktikum\\vendor\\laravel\\framework\\src\\Illuminate\\Foundation\\Application.php(1234): Illuminate\\Foundation\\Console\\Kernel->handle(Object(Symfony\\Component\\Console\\Input\\ArgvInput), Object(Symfony\\Component\\Console\\Output\\ConsoleOutput))
#30 D:\\praktikum_laravel\\laravelPraktikum\\artisan(16): Illuminate\\Foundation\\Application->handleCommand(Object(Symfony\\Component\\Console\\Input\\ArgvInput))
#31 {main}

[previous exception] [object] (PDOException(code: 2002): SQLSTATE[HY000] [2002] No connection could be made because the target machine actively refused it at D:\\praktikum_laravel\\laravelPraktikum\\vendor\\laravel\\framework\\src\\Illuminate\\Database\\Connectors\\Connector.php:66)
[stacktrace]
#0 D:\\praktikum_laravel\\laravelPraktikum\\vendor\\laravel\\framework\\src\\Illuminate\\Database\\Connectors\\Connector.php(66): PDO->__construct('mysql:host=127....', 'root', Object(SensitiveParameterValue), Array)
#1 D:\\praktikum_laravel\\laravelPraktikum\\vendor\\laravel\\framework\\src\\Illuminate\\Database\\Connectors\\Connector.php(85): Illuminate\\Database\\Connectors\\Connector->createPdoConnection('mysql:host=127....', 'root', Object(SensitiveParameterValue), Array)
#2 D:\\praktikum_laravel\\laravelPraktikum\\vendor\\laravel\\framework\\src\\Illuminate\\Database\\Connectors\\Connector.php(48): Illuminate\\Database\\Connectors\\Connector->tryAgainIfCausedByLostConnection(Object(PDOException), 'mysql:host=127....', 'root', Object(SensitiveParameterValue), Array)
#3 D:\\praktikum_laravel\\laravelPraktikum\\vendor\\laravel\\framework\\src\\Illuminate\\Database\\Connectors\\MySqlConnector.php(24): Illuminate\\Database\\Connectors\\Connector->createConnection('mysql:host=127....', Array, Array)
#4 D:\\praktikum_laravel\\laravelPraktikum\\vendor\\laravel\\framework\\src\\Illuminate\\Database\\Connectors\\ConnectionFactory.php(184): Illuminate\\Database\\Connectors\\MySqlConnector->connect(Array)
#5 [internal function]: Illuminate\\Database\\Connectors\\ConnectionFactory->Illuminate\\Database\\Connectors\\{closure}()
#6 D:\\praktikum_laravel\\laravelPraktikum\\vendor\\laravel\\framework\\src\\Illuminate\\Database\\Connection.php(1228): call_user_func(Object(Closure))
#7 D:\\praktikum_laravel\\laravelPraktikum\\vendor\\laravel\\framework\\src\\Illuminate\\Database\\Connection.php(1264): Illuminate\\Database\\Connection->getPdo()
#8 D:\\praktikum_laravel\\laravelPraktikum\\vendor\\laravel\\framework\\src\\Illuminate\\Database\\Connection.php(509): Illuminate\\Database\\Connection->getReadPdo()
#9 D:\\praktikum_laravel\\laravelPraktikum\\vendor\\laravel\\framework\\src\\Illuminate\\Database\\Connection.php(404): Illuminate\\Database\\Connection->getPdoForSelect(true)
#10 D:\\praktikum_laravel\\laravelPraktikum\\vendor\\laravel\\framework\\src\\Illuminate\\Database\\Connection.php(809): Illuminate\\Database\\Connection->Illuminate\\Database\\{closure}('select exists (...', Array)
#11 D:\\praktikum_laravel\\laravelPraktikum\\vendor\\laravel\\framework\\src\\Illuminate\\Database\\Connection.php(976): Illuminate\\Database\\Connection->runQueryCallback('select exists (...', Array, Object(Closure))
#12 D:\\praktikum_laravel\\laravelPraktikum\\vendor\\laravel\\framework\\src\\Illuminate\\Database\\Connection.php(955): Illuminate\\Database\\Connection->tryAgainIfCausedByLostConnection(Object(Illuminate\\Database\\QueryException), 'select exists (...', Array, Object(Closure))
#13 D:\\praktikum_laravel\\laravelPraktikum\\vendor\\laravel\\framework\\src\\Illuminate\\Database\\Connection.php(778): Illuminate\\Database\\Connection->handleQueryException(Object(Illuminate\\Database\\QueryException), 'select exists (...', Array, Object(Closure))
#14 D:\\praktikum_laravel\\laravelPraktikum\\vendor\\laravel\\framework\\src\\Illuminate\\Database\\Connection.php(395): Illuminate\\Database\\Connection->run('select exists (...', Array, Object(Closure))
#15 D:\\praktikum_laravel\\laravelPraktikum\\vendor\\laravel\\framework\\src\\Illuminate\\Database\\Connection.php(341): Illuminate\\Database\\Connection->select('select exists (...', Array, true)
#16 D:\\praktikum_laravel\\laravelPraktikum\\vendor\\laravel\\framework\\src\\Illuminate\\Database\\Connection.php(358): Illuminate\\Database\\Connection->selectOne('select exists (...', Array, true)
#17 D:\\praktikum_laravel\\laravelPraktikum\\vendor\\laravel\\framework\\src\\Illuminate\\Database\\Schema\\Builder.php(177): Illuminate\\Database\\Connection->scalar('select exists (...')
#18 D:\\praktikum_laravel\\laravelPraktikum\\vendor\\laravel\\framework\\src\\Illuminate\\Database\\Migrations\\DatabaseMigrationRepository.php(183): Illuminate\\Database\\Schema\\Builder->hasTable('migrations')
#19 D:\\praktikum_laravel\\laravelPraktikum\\vendor\\laravel\\framework\\src\\Illuminate\\Database\\Migrations\\Migrator.php(749): Illuminate\\Database\\Migrations\\DatabaseMigrationRepository->repositoryExists()
#20 D:\\praktikum_laravel\\laravelPraktikum\\vendor\\laravel\\framework\\src\\Illuminate\\Database\\Console\\Migrations\\MigrateCommand.php(164): Illuminate\\Database\\Migrations\\Migrator->repositoryExists()
#21 D:\\praktikum_laravel\\laravelPraktikum\\vendor\\laravel\\framework\\src\\Illuminate\\Support\\helpers.php(338): Illuminate\\Database\\Console\\Migrations\\MigrateCommand->Illuminate\\Database\\Console\\Migrations\\{closure}(1)
#22 D:\\praktikum_laravel\\laravelPraktikum\\vendor\\laravel\\framework\\src\\Illuminate\\Database\\Console\\Migrations\\MigrateCommand.php(164): retry(1, Object(Closure), 0, Object(Closure))
#23 D:\\praktikum_laravel\\laravelPraktikum\\vendor\\laravel\\framework\\src\\Illuminate\\Database\\Console\\Migrations\\MigrateCommand.php(140): Illuminate\\Database\\Console\\Migrations\\MigrateCommand->repositoryExists()
#24 D:\\praktikum_laravel\\laravelPraktikum\\vendor\\laravel\\framework\\src\\Illuminate\\Database\\Console\\Migrations\\MigrateCommand.php(110): Illuminate\\Database\\Console\\Migrations\\MigrateCommand->prepareDatabase()
#25 D:\\praktikum_laravel\\laravelPraktikum\\vendor\\laravel\\framework\\src\\Illuminate\\Database\\Migrations\\Migrator.php(665): Illuminate\\Database\\Console\\Migrations\\MigrateCommand->Illuminate\\Database\\Console\\Migrations\\{closure}()
#26 D:\\praktikum_laravel\\laravelPraktikum\\vendor\\laravel\\framework\\src\\Illuminate\\Database\\Console\\Migrations\\MigrateCommand.php(109): Illuminate\\Database\\Migrations\\Migrator->usingConnection(NULL, Object(Closure))
#27 D:\\praktikum_laravel\\laravelPraktikum\\vendor\\laravel\\framework\\src\\Illuminate\\Database\\Console\\Migrations\\MigrateCommand.php(88): Illuminate\\Database\\Console\\Migrations\\MigrateCommand->runMigrations()
#28 D:\\praktikum_laravel\\laravelPraktikum\\vendor\\laravel\\framework\\src\\Illuminate\\Container\\BoundMethod.php(36): Illuminate\\Database\\Console\\Migrations\\MigrateCommand->handle()
#29 D:\\praktikum_laravel\\laravelPraktikum\\vendor\\laravel\\framework\\src\\Illuminate\\Container\\Util.php(43): Illuminate\\Container\\BoundMethod::Illuminate\\Container\\{closure}()
#30 D:\\praktikum_laravel\\laravelPraktikum\\vendor\\laravel\\framework\\src\\Illuminate\\Container\\BoundMethod.php(96): Illuminate\\Container\\Util::unwrapIfClosure(Object(Closure))
#31 D:\\praktikum_laravel\\laravelPraktikum\\vendor\\laravel\\framework\\src\\Illuminate\\Container\\BoundMethod.php(35): Illuminate\\Container\\BoundMethod::callBoundMethod(Object(Illuminate\\Foundation\\Application), Array, Object(Closure))
#32 D:\\praktikum_laravel\\laravelPraktikum\\vendor\\laravel\\framework\\src\\Illuminate\\Container\\Container.php(754): Illuminate\\Container\\BoundMethod::call(Object(Illuminate\\Foundation\\Application), Array, Array, NULL)
#33 D:\\praktikum_laravel\\laravelPraktikum\\vendor\\laravel\\framework\\src\\Illuminate\\Console\\Command.php(211): Illuminate\\Container\\Container->call(Array)
#34 D:\\praktikum_laravel\\laravelPraktikum\\vendor\\symfony\\console\\Command\\Command.php(279): Illuminate\\Console\\Command->execute(Object(Symfony\\Component\\Console\\Input\\ArgvInput), Object(Illuminate\\Console\\OutputStyle))
#35 D:\\praktikum_laravel\\laravelPraktikum\\vendor\\laravel\\framework\\src\\Illuminate\\Console\\Command.php(180): Symfony\\Component\\Console\\Command\\Command->run(Object(Symfony\\Component\\Console\\Input\\ArgvInput), Object(Illuminate\\Console\\OutputStyle))
#36 D:\\praktikum_laravel\\laravelPraktikum\\vendor\\symfony\\console\\Application.php(1094): Illuminate\\Console\\Command->run(Object(Symfony\\Component\\Console\\Input\\ArgvInput), Object(Symfony\\Component\\Console\\Output\\ConsoleOutput))
#37 D:\\praktikum_laravel\\laravelPraktikum\\vendor\\symfony\\console\\Application.php(342): Symfony\\Component\\Console\\Application->doRunCommand(Object(Illuminate\\Database\\Console\\Migrations\\MigrateCommand), Object(Symfony\\Component\\Console\\Input\\ArgvInput), Object(Symfony\\Component\\Console\\Output\\ConsoleOutput))
#38 D:\\praktikum_laravel\\laravelPraktikum\\vendor\\symfony\\console\\Application.php(193): Symfony\\Component\\Console\\Application->doRun(Object(Symfony\\Component\\Console\\Input\\ArgvInput), Object(Symfony\\Component\\Console\\Output\\ConsoleOutput))
#39 D:\\praktikum_laravel\\laravelPraktikum\\vendor\\laravel\\framework\\src\\Illuminate\\Foundation\\Console\\Kernel.php(197): Symfony\\Component\\Console\\Application->run(Object(Symfony\\Component\\Console\\Input\\ArgvInput), Object(Symfony\\Component\\Console\\Output\\ConsoleOutput))
#40 D:\\praktikum_laravel\\laravelPraktikum\\vendor\\laravel\\framework\\src\\Illuminate\\Foundation\\Application.php(1234): Illuminate\\Foundation\\Console\\Kernel->handle(Object(Symfony\\Component\\Console\\Input\\ArgvInput), Object(Symfony\\Component\\Console\\Output\\ConsoleOutput))
#41 D:\\praktikum_laravel\\laravelPraktikum\\artisan(16): Illuminate\\Foundation\\Application->handleCommand(Object(Symfony\\Component\\Console\\Input\\ArgvInput))
#42 {main}
"} 
[2025-05-13 10:32:21] local.ERROR: SQLSTATE[HY000] [2002] No connection could be made because the target machine actively refused it (Connection: mysql, SQL: select exists (select 1 from information_schema.tables where table_schema = schema() and table_name = 'migrations' and table_type in ('BASE TABLE', 'SYSTEM VERSIONED')) as `exists`) {"exception":"[object] (Illuminate\\Database\\QueryException(code: 2002): SQLSTATE[HY000] [2002] No connection could be made because the target machine actively refused it (Connection: mysql, SQL: select exists (select 1 from information_schema.tables where table_schema = schema() and table_name = 'migrations' and table_type in ('BASE TABLE', 'SYSTEM VERSIONED')) as `exists`) at D:\\praktikum_laravel\\laravelPraktikum\\vendor\\laravel\\framework\\src\\Illuminate\\Database\\Connection.php:822)
[stacktrace]
#0 D:\\praktikum_laravel\\laravelPraktikum\\vendor\\laravel\\framework\\src\\Illuminate\\Database\\Connection.php(976): Illuminate\\Database\\Connection->runQueryCallback('select exists (...', Array, Object(Closure))
#1 D:\\praktikum_laravel\\laravelPraktikum\\vendor\\laravel\\framework\\src\\Illuminate\\Database\\Connection.php(955): Illuminate\\Database\\Connection->tryAgainIfCausedByLostConnection(Object(Illuminate\\Database\\QueryException), 'select exists (...', Array, Object(Closure))
#2 D:\\praktikum_laravel\\laravelPraktikum\\vendor\\laravel\\framework\\src\\Illuminate\\Database\\Connection.php(778): Illuminate\\Database\\Connection->handleQueryException(Object(Illuminate\\Database\\QueryException), 'select exists (...', Array, Object(Closure))
#3 D:\\praktikum_laravel\\laravelPraktikum\\vendor\\laravel\\framework\\src\\Illuminate\\Database\\Connection.php(395): Illuminate\\Database\\Connection->run('select exists (...', Array, Object(Closure))
#4 D:\\praktikum_laravel\\laravelPraktikum\\vendor\\laravel\\framework\\src\\Illuminate\\Database\\Connection.php(341): Illuminate\\Database\\Connection->select('select exists (...', Array, true)
#5 D:\\praktikum_laravel\\laravelPraktikum\\vendor\\laravel\\framework\\src\\Illuminate\\Database\\Connection.php(358): Illuminate\\Database\\Connection->selectOne('select exists (...', Array, true)
#6 D:\\praktikum_laravel\\laravelPraktikum\\vendor\\laravel\\framework\\src\\Illuminate\\Database\\Schema\\Builder.php(177): Illuminate\\Database\\Connection->scalar('select exists (...')
#7 D:\\praktikum_laravel\\laravelPraktikum\\vendor\\laravel\\framework\\src\\Illuminate\\Database\\Migrations\\DatabaseMigrationRepository.php(183): Illuminate\\Database\\Schema\\Builder->hasTable('migrations')
#8 D:\\praktikum_laravel\\laravelPraktikum\\vendor\\laravel\\framework\\src\\Illuminate\\Database\\Migrations\\Migrator.php(749): Illuminate\\Database\\Migrations\\DatabaseMigrationRepository->repositoryExists()
#9 D:\\praktikum_laravel\\laravelPraktikum\\vendor\\laravel\\framework\\src\\Illuminate\\Database\\Console\\Migrations\\MigrateCommand.php(164): Illuminate\\Database\\Migrations\\Migrator->repositoryExists()
#10 D:\\praktikum_laravel\\laravelPraktikum\\vendor\\laravel\\framework\\src\\Illuminate\\Support\\helpers.php(338): Illuminate\\Database\\Console\\Migrations\\MigrateCommand->Illuminate\\Database\\Console\\Migrations\\{closure}(1)
#11 D:\\praktikum_laravel\\laravelPraktikum\\vendor\\laravel\\framework\\src\\Illuminate\\Database\\Console\\Migrations\\MigrateCommand.php(164): retry(1, Object(Closure), 0, Object(Closure))
#12 D:\\praktikum_laravel\\laravelPraktikum\\vendor\\laravel\\framework\\src\\Illuminate\\Database\\Console\\Migrations\\MigrateCommand.php(140): Illuminate\\Database\\Console\\Migrations\\MigrateCommand->repositoryExists()
#13 D:\\praktikum_laravel\\laravelPraktikum\\vendor\\laravel\\framework\\src\\Illuminate\\Database\\Console\\Migrations\\MigrateCommand.php(110): Illuminate\\Database\\Console\\Migrations\\MigrateCommand->prepareDatabase()
#14 D:\\praktikum_laravel\\laravelPraktikum\\vendor\\laravel\\framework\\src\\Illuminate\\Database\\Migrations\\Migrator.php(665): Illuminate\\Database\\Console\\Migrations\\MigrateCommand->Illuminate\\Database\\Console\\Migrations\\{closure}()
#15 D:\\praktikum_laravel\\laravelPraktikum\\vendor\\laravel\\framework\\src\\Illuminate\\Database\\Console\\Migrations\\MigrateCommand.php(109): Illuminate\\Database\\Migrations\\Migrator->usingConnection(NULL, Object(Closure))
#16 D:\\praktikum_laravel\\laravelPraktikum\\vendor\\laravel\\framework\\src\\Illuminate\\Database\\Console\\Migrations\\MigrateCommand.php(88): Illuminate\\Database\\Console\\Migrations\\MigrateCommand->runMigrations()
#17 D:\\praktikum_laravel\\laravelPraktikum\\vendor\\laravel\\framework\\src\\Illuminate\\Container\\BoundMethod.php(36): Illuminate\\Database\\Console\\Migrations\\MigrateCommand->handle()
#18 D:\\praktikum_laravel\\laravelPraktikum\\vendor\\laravel\\framework\\src\\Illuminate\\Container\\Util.php(43): Illuminate\\Container\\BoundMethod::Illuminate\\Container\\{closure}()
#19 D:\\praktikum_laravel\\laravelPraktikum\\vendor\\laravel\\framework\\src\\Illuminate\\Container\\BoundMethod.php(96): Illuminate\\Container\\Util::unwrapIfClosure(Object(Closure))
#20 D:\\praktikum_laravel\\laravelPraktikum\\vendor\\laravel\\framework\\src\\Illuminate\\Container\\BoundMethod.php(35): Illuminate\\Container\\BoundMethod::callBoundMethod(Object(Illuminate\\Foundation\\Application), Array, Object(Closure))
#21 D:\\praktikum_laravel\\laravelPraktikum\\vendor\\laravel\\framework\\src\\Illuminate\\Container\\Container.php(754): Illuminate\\Container\\BoundMethod::call(Object(Illuminate\\Foundation\\Application), Array, Array, NULL)
#22 D:\\praktikum_laravel\\laravelPraktikum\\vendor\\laravel\\framework\\src\\Illuminate\\Console\\Command.php(211): Illuminate\\Container\\Container->call(Array)
#23 D:\\praktikum_laravel\\laravelPraktikum\\vendor\\symfony\\console\\Command\\Command.php(279): Illuminate\\Console\\Command->execute(Object(Symfony\\Component\\Console\\Input\\ArgvInput), Object(Illuminate\\Console\\OutputStyle))
#24 D:\\praktikum_laravel\\laravelPraktikum\\vendor\\laravel\\framework\\src\\Illuminate\\Console\\Command.php(180): Symfony\\Component\\Console\\Command\\Command->run(Object(Symfony\\Component\\Console\\Input\\ArgvInput), Object(Illuminate\\Console\\OutputStyle))
#25 D:\\praktikum_laravel\\laravelPraktikum\\vendor\\symfony\\console\\Application.php(1094): Illuminate\\Console\\Command->run(Object(Symfony\\Component\\Console\\Input\\ArgvInput), Object(Symfony\\Component\\Console\\Output\\ConsoleOutput))
#26 D:\\praktikum_laravel\\laravelPraktikum\\vendor\\symfony\\console\\Application.php(342): Symfony\\Component\\Console\\Application->doRunCommand(Object(Illuminate\\Database\\Console\\Migrations\\MigrateCommand), Object(Symfony\\Component\\Console\\Input\\ArgvInput), Object(Symfony\\Component\\Console\\Output\\ConsoleOutput))
#27 D:\\praktikum_laravel\\laravelPraktikum\\vendor\\symfony\\console\\Application.php(193): Symfony\\Component\\Console\\Application->doRun(Object(Symfony\\Component\\Console\\Input\\ArgvInput), Object(Symfony\\Component\\Console\\Output\\ConsoleOutput))
#28 D:\\praktikum_laravel\\laravelPraktikum\\vendor\\laravel\\framework\\src\\Illuminate\\Foundation\\Console\\Kernel.php(197): Symfony\\Component\\Console\\Application->run(Object(Symfony\\Component\\Console\\Input\\ArgvInput), Object(Symfony\\Component\\Console\\Output\\ConsoleOutput))
#29 D:\\praktikum_laravel\\laravelPraktikum\\vendor\\laravel\\framework\\src\\Illuminate\\Foundation\\Application.php(1234): Illuminate\\Foundation\\Console\\Kernel->handle(Object(Symfony\\Component\\Console\\Input\\ArgvInput), Object(Symfony\\Component\\Console\\Output\\ConsoleOutput))
#30 D:\\praktikum_laravel\\laravelPraktikum\\artisan(16): Illuminate\\Foundation\\Application->handleCommand(Object(Symfony\\Component\\Console\\Input\\ArgvInput))
#31 {main}

[previous exception] [object] (PDOException(code: 2002): SQLSTATE[HY000] [2002] No connection could be made because the target machine actively refused it at D:\\praktikum_laravel\\laravelPraktikum\\vendor\\laravel\\framework\\src\\Illuminate\\Database\\Connectors\\Connector.php:66)
[stacktrace]
#0 D:\\praktikum_laravel\\laravelPraktikum\\vendor\\laravel\\framework\\src\\Illuminate\\Database\\Connectors\\Connector.php(66): PDO->__construct('mysql:host=127....', 'root', Object(SensitiveParameterValue), Array)
#1 D:\\praktikum_laravel\\laravelPraktikum\\vendor\\laravel\\framework\\src\\Illuminate\\Database\\Connectors\\Connector.php(85): Illuminate\\Database\\Connectors\\Connector->createPdoConnection('mysql:host=127....', 'root', Object(SensitiveParameterValue), Array)
#2 D:\\praktikum_laravel\\laravelPraktikum\\vendor\\laravel\\framework\\src\\Illuminate\\Database\\Connectors\\Connector.php(48): Illuminate\\Database\\Connectors\\Connector->tryAgainIfCausedByLostConnection(Object(PDOException), 'mysql:host=127....', 'root', Object(SensitiveParameterValue), Array)
#3 D:\\praktikum_laravel\\laravelPraktikum\\vendor\\laravel\\framework\\src\\Illuminate\\Database\\Connectors\\MySqlConnector.php(24): Illuminate\\Database\\Connectors\\Connector->createConnection('mysql:host=127....', Array, Array)
#4 D:\\praktikum_laravel\\laravelPraktikum\\vendor\\laravel\\framework\\src\\Illuminate\\Database\\Connectors\\ConnectionFactory.php(184): Illuminate\\Database\\Connectors\\MySqlConnector->connect(Array)
#5 [internal function]: Illuminate\\Database\\Connectors\\ConnectionFactory->Illuminate\\Database\\Connectors\\{closure}()
#6 D:\\praktikum_laravel\\laravelPraktikum\\vendor\\laravel\\framework\\src\\Illuminate\\Database\\Connection.php(1228): call_user_func(Object(Closure))
#7 D:\\praktikum_laravel\\laravelPraktikum\\vendor\\laravel\\framework\\src\\Illuminate\\Database\\Connection.php(1264): Illuminate\\Database\\Connection->getPdo()
#8 D:\\praktikum_laravel\\laravelPraktikum\\vendor\\laravel\\framework\\src\\Illuminate\\Database\\Connection.php(509): Illuminate\\Database\\Connection->getReadPdo()
#9 D:\\praktikum_laravel\\laravelPraktikum\\vendor\\laravel\\framework\\src\\Illuminate\\Database\\Connection.php(404): Illuminate\\Database\\Connection->getPdoForSelect(true)
#10 D:\\praktikum_laravel\\laravelPraktikum\\vendor\\laravel\\framework\\src\\Illuminate\\Database\\Connection.php(809): Illuminate\\Database\\Connection->Illuminate\\Database\\{closure}('select exists (...', Array)
#11 D:\\praktikum_laravel\\laravelPraktikum\\vendor\\laravel\\framework\\src\\Illuminate\\Database\\Connection.php(976): Illuminate\\Database\\Connection->runQueryCallback('select exists (...', Array, Object(Closure))
#12 D:\\praktikum_laravel\\laravelPraktikum\\vendor\\laravel\\framework\\src\\Illuminate\\Database\\Connection.php(955): Illuminate\\Database\\Connection->tryAgainIfCausedByLostConnection(Object(Illuminate\\Database\\QueryException), 'select exists (...', Array, Object(Closure))
#13 D:\\praktikum_laravel\\laravelPraktikum\\vendor\\laravel\\framework\\src\\Illuminate\\Database\\Connection.php(778): Illuminate\\Database\\Connection->handleQueryException(Object(Illuminate\\Database\\QueryException), 'select exists (...', Array, Object(Closure))
#14 D:\\praktikum_laravel\\laravelPraktikum\\vendor\\laravel\\framework\\src\\Illuminate\\Database\\Connection.php(395): Illuminate\\Database\\Connection->run('select exists (...', Array, Object(Closure))
#15 D:\\praktikum_laravel\\laravelPraktikum\\vendor\\laravel\\framework\\src\\Illuminate\\Database\\Connection.php(341): Illuminate\\Database\\Connection->select('select exists (...', Array, true)
#16 D:\\praktikum_laravel\\laravelPraktikum\\vendor\\laravel\\framework\\src\\Illuminate\\Database\\Connection.php(358): Illuminate\\Database\\Connection->selectOne('select exists (...', Array, true)
#17 D:\\praktikum_laravel\\laravelPraktikum\\vendor\\laravel\\framework\\src\\Illuminate\\Database\\Schema\\Builder.php(177): Illuminate\\Database\\Connection->scalar('select exists (...')
#18 D:\\praktikum_laravel\\laravelPraktikum\\vendor\\laravel\\framework\\src\\Illuminate\\Database\\Migrations\\DatabaseMigrationRepository.php(183): Illuminate\\Database\\Schema\\Builder->hasTable('migrations')
#19 D:\\praktikum_laravel\\laravelPraktikum\\vendor\\laravel\\framework\\src\\Illuminate\\Database\\Migrations\\Migrator.php(749): Illuminate\\Database\\Migrations\\DatabaseMigrationRepository->repositoryExists()
#20 D:\\praktikum_laravel\\laravelPraktikum\\vendor\\laravel\\framework\\src\\Illuminate\\Database\\Console\\Migrations\\MigrateCommand.php(164): Illuminate\\Database\\Migrations\\Migrator->repositoryExists()
#21 D:\\praktikum_laravel\\laravelPraktikum\\vendor\\laravel\\framework\\src\\Illuminate\\Support\\helpers.php(338): Illuminate\\Database\\Console\\Migrations\\MigrateCommand->Illuminate\\Database\\Console\\Migrations\\{closure}(1)
#22 D:\\praktikum_laravel\\laravelPraktikum\\vendor\\laravel\\framework\\src\\Illuminate\\Database\\Console\\Migrations\\MigrateCommand.php(164): retry(1, Object(Closure), 0, Object(Closure))
#23 D:\\praktikum_laravel\\laravelPraktikum\\vendor\\laravel\\framework\\src\\Illuminate\\Database\\Console\\Migrations\\MigrateCommand.php(140): Illuminate\\Database\\Console\\Migrations\\MigrateCommand->repositoryExists()
#24 D:\\praktikum_laravel\\laravelPraktikum\\vendor\\laravel\\framework\\src\\Illuminate\\Database\\Console\\Migrations\\MigrateCommand.php(110): Illuminate\\Database\\Console\\Migrations\\MigrateCommand->prepareDatabase()
#25 D:\\praktikum_laravel\\laravelPraktikum\\vendor\\laravel\\framework\\src\\Illuminate\\Database\\Migrations\\Migrator.php(665): Illuminate\\Database\\Console\\Migrations\\MigrateCommand->Illuminate\\Database\\Console\\Migrations\\{closure}()
#26 D:\\praktikum_laravel\\laravelPraktikum\\vendor\\laravel\\framework\\src\\Illuminate\\Database\\Console\\Migrations\\MigrateCommand.php(109): Illuminate\\Database\\Migrations\\Migrator->usingConnection(NULL, Object(Closure))
#27 D:\\praktikum_laravel\\laravelPraktikum\\vendor\\laravel\\framework\\src\\Illuminate\\Database\\Console\\Migrations\\MigrateCommand.php(88): Illuminate\\Database\\Console\\Migrations\\MigrateCommand->runMigrations()
#28 D:\\praktikum_laravel\\laravelPraktikum\\vendor\\laravel\\framework\\src\\Illuminate\\Container\\BoundMethod.php(36): Illuminate\\Database\\Console\\Migrations\\MigrateCommand->handle()
#29 D:\\praktikum_laravel\\laravelPraktikum\\vendor\\laravel\\framework\\src\\Illuminate\\Container\\Util.php(43): Illuminate\\Container\\BoundMethod::Illuminate\\Container\\{closure}()
#30 D:\\praktikum_laravel\\laravelPraktikum\\vendor\\laravel\\framework\\src\\Illuminate\\Container\\BoundMethod.php(96): Illuminate\\Container\\Util::unwrapIfClosure(Object(Closure))
#31 D:\\praktikum_laravel\\laravelPraktikum\\vendor\\laravel\\framework\\src\\Illuminate\\Container\\BoundMethod.php(35): Illuminate\\Container\\BoundMethod::callBoundMethod(Object(Illuminate\\Foundation\\Application), Array, Object(Closure))
#32 D:\\praktikum_laravel\\laravelPraktikum\\vendor\\laravel\\framework\\src\\Illuminate\\Container\\Container.php(754): Illuminate\\Container\\BoundMethod::call(Object(Illuminate\\Foundation\\Application), Array, Array, NULL)
#33 D:\\praktikum_laravel\\laravelPraktikum\\vendor\\laravel\\framework\\src\\Illuminate\\Console\\Command.php(211): Illuminate\\Container\\Container->call(Array)
#34 D:\\praktikum_laravel\\laravelPraktikum\\vendor\\symfony\\console\\Command\\Command.php(279): Illuminate\\Console\\Command->execute(Object(Symfony\\Component\\Console\\Input\\ArgvInput), Object(Illuminate\\Console\\OutputStyle))
#35 D:\\praktikum_laravel\\laravelPraktikum\\vendor\\laravel\\framework\\src\\Illuminate\\Console\\Command.php(180): Symfony\\Component\\Console\\Command\\Command->run(Object(Symfony\\Component\\Console\\Input\\ArgvInput), Object(Illuminate\\Console\\OutputStyle))
#36 D:\\praktikum_laravel\\laravelPraktikum\\vendor\\symfony\\console\\Application.php(1094): Illuminate\\Console\\Command->run(Object(Symfony\\Component\\Console\\Input\\ArgvInput), Object(Symfony\\Component\\Console\\Output\\ConsoleOutput))
#37 D:\\praktikum_laravel\\laravelPraktikum\\vendor\\symfony\\console\\Application.php(342): Symfony\\Component\\Console\\Application->doRunCommand(Object(Illuminate\\Database\\Console\\Migrations\\MigrateCommand), Object(Symfony\\Component\\Console\\Input\\ArgvInput), Object(Symfony\\Component\\Console\\Output\\ConsoleOutput))
#38 D:\\praktikum_laravel\\laravelPraktikum\\vendor\\symfony\\console\\Application.php(193): Symfony\\Component\\Console\\Application->doRun(Object(Symfony\\Component\\Console\\Input\\ArgvInput), Object(Symfony\\Component\\Console\\Output\\ConsoleOutput))
#39 D:\\praktikum_laravel\\laravelPraktikum\\vendor\\laravel\\framework\\src\\Illuminate\\Foundation\\Console\\Kernel.php(197): Symfony\\Component\\Console\\Application->run(Object(Symfony\\Component\\Console\\Input\\ArgvInput), Object(Symfony\\Component\\Console\\Output\\ConsoleOutput))
#40 D:\\praktikum_laravel\\laravelPraktikum\\vendor\\laravel\\framework\\src\\Illuminate\\Foundation\\Application.php(1234): Illuminate\\Foundation\\Console\\Kernel->handle(Object(Symfony\\Component\\Console\\Input\\ArgvInput), Object(Symfony\\Component\\Console\\Output\\ConsoleOutput))
#41 D:\\praktikum_laravel\\laravelPraktikum\\artisan(16): Illuminate\\Foundation\\Application->handleCommand(Object(Symfony\\Component\\Console\\Input\\ArgvInput))
#42 {main}
"} 
[2025-05-13 10:34:27] local.ERROR: There are no commands defined in the "make:" namespace.

Did you mean this?
    make {"exception":"[object] (Symfony\\Component\\Console\\Exception\\NamespaceNotFoundException(code: 0): There are no commands defined in the \"make:\" namespace.

Did you mean this?
    make at D:\\praktikum_laravel\\laravelPraktikum\\vendor\\symfony\\console\\Application.php:660)
[stacktrace]
#0 D:\\praktikum_laravel\\laravelPraktikum\\vendor\\symfony\\console\\Application.php(709): Symfony\\Component\\Console\\Application->findNamespace('make:')
#1 D:\\praktikum_laravel\\laravelPraktikum\\vendor\\symfony\\console\\Application.php(284): Symfony\\Component\\Console\\Application->find('make::controlle...')
#2 D:\\praktikum_laravel\\laravelPraktikum\\vendor\\symfony\\console\\Application.php(193): Symfony\\Component\\Console\\Application->doRun(Object(Symfony\\Component\\Console\\Input\\ArgvInput), Object(Symfony\\Component\\Console\\Output\\ConsoleOutput))
#3 D:\\praktikum_laravel\\laravelPraktikum\\vendor\\laravel\\framework\\src\\Illuminate\\Foundation\\Console\\Kernel.php(197): Symfony\\Component\\Console\\Application->run(Object(Symfony\\Component\\Console\\Input\\ArgvInput), Object(Symfony\\Component\\Console\\Output\\ConsoleOutput))
#4 D:\\praktikum_laravel\\laravelPraktikum\\vendor\\laravel\\framework\\src\\Illuminate\\Foundation\\Application.php(1234): Illuminate\\Foundation\\Console\\Kernel->handle(Object(Symfony\\Component\\Console\\Input\\ArgvInput), Object(Symfony\\Component\\Console\\Output\\ConsoleOutput))
#5 D:\\praktikum_laravel\\laravelPraktikum\\artisan(16): Illuminate\\Foundation\\Application->handleCommand(Object(Symfony\\Component\\Console\\Input\\ArgvInput))
#6 {main}
"} 
[2025-05-13 10:38:19] local.ERROR: SQLSTATE[HY000] [2002] No connection could be made because the target machine actively refused it (Connection: mysql, SQL: select * from `sessions` where `id` = 0qETlndNm2aR5iPosgx5fYwhaAmeXCakAJ6ki37l limit 1) {"exception":"[object] (Illuminate\\Database\\QueryException(code: 2002): SQLSTATE[HY000] [2002] No connection could be made because the target machine actively refused it (Connection: mysql, SQL: select * from `sessions` where `id` = 0qETlndNm2aR5iPosgx5fYwhaAmeXCakAJ6ki37l limit 1) at D:\\praktikum_laravel\\laravelPraktikum\\vendor\\laravel\\framework\\src\\Illuminate\\Database\\Connection.php:822)
[stacktrace]
#0 D:\\praktikum_laravel\\laravelPraktikum\\vendor\\laravel\\framework\\src\\Illuminate\\Database\\Connection.php(976): Illuminate\\Database\\Connection->runQueryCallback('select * from `...', Array, Object(Closure))
#1 D:\\praktikum_laravel\\laravelPraktikum\\vendor\\laravel\\framework\\src\\Illuminate\\Database\\Connection.php(955): Illuminate\\Database\\Connection->tryAgainIfCausedByLostConnection(Object(Illuminate\\Database\\QueryException), 'select * from `...', Array, Object(Closure))
#2 D:\\praktikum_laravel\\laravelPraktikum\\vendor\\laravel\\framework\\src\\Illuminate\\Database\\Connection.php(778): Illuminate\\Database\\Connection->handleQueryException(Object(Illuminate\\Database\\QueryException), 'select * from `...', Array, Object(Closure))
#3 D:\\praktikum_laravel\\laravelPraktikum\\vendor\\laravel\\framework\\src\\Illuminate\\Database\\Connection.php(395): Illuminate\\Database\\Connection->run('select * from `...', Array, Object(Closure))
#4 D:\\praktikum_laravel\\laravelPraktikum\\vendor\\laravel\\framework\\src\\Illuminate\\Database\\Query\\Builder.php(3120): Illuminate\\Database\\Connection->select('select * from `...', Array, false)
#5 D:\\praktikum_laravel\\laravelPraktikum\\vendor\\laravel\\framework\\src\\Illuminate\\Database\\Query\\Builder.php(3105): Illuminate\\Database\\Query\\Builder->runSelect()
#6 D:\\praktikum_laravel\\laravelPraktikum\\vendor\\laravel\\framework\\src\\Illuminate\\Database\\Query\\Builder.php(3695): Illuminate\\Database\\Query\\Builder->Illuminate\\Database\\Query\\{closure}()
#7 D:\\praktikum_laravel\\laravelPraktikum\\vendor\\laravel\\framework\\src\\Illuminate\\Database\\Query\\Builder.php(3104): Illuminate\\Database\\Query\\Builder->onceWithColumns(Array, Object(Closure))
#8 D:\\praktikum_laravel\\laravelPraktikum\\vendor\\laravel\\framework\\src\\Illuminate\\Database\\Concerns\\BuildsQueries.php(366): Illuminate\\Database\\Query\\Builder->get(Array)
#9 D:\\praktikum_laravel\\laravelPraktikum\\vendor\\laravel\\framework\\src\\Illuminate\\Database\\Query\\Builder.php(3027): Illuminate\\Database\\Query\\Builder->first(Array)
#10 D:\\praktikum_laravel\\laravelPraktikum\\vendor\\laravel\\framework\\src\\Illuminate\\Session\\DatabaseSessionHandler.php(96): Illuminate\\Database\\Query\\Builder->find('0qETlndNm2aR5iP...')
#11 D:\\praktikum_laravel\\laravelPraktikum\\vendor\\laravel\\framework\\src\\Illuminate\\Session\\Store.php(116): Illuminate\\Session\\DatabaseSessionHandler->read('0qETlndNm2aR5iP...')
#12 D:\\praktikum_laravel\\laravelPraktikum\\vendor\\laravel\\framework\\src\\Illuminate\\Session\\Store.php(104): Illuminate\\Session\\Store->readFromHandler()
#13 D:\\praktikum_laravel\\laravelPraktikum\\vendor\\laravel\\framework\\src\\Illuminate\\Session\\Store.php(88): Illuminate\\Session\\Store->loadSession()
#14 D:\\praktikum_laravel\\laravelPraktikum\\vendor\\laravel\\framework\\src\\Illuminate\\Session\\Middleware\\StartSession.php(146): Illuminate\\Session\\Store->start()
#15 D:\\praktikum_laravel\\laravelPraktikum\\vendor\\laravel\\framework\\src\\Illuminate\\Support\\helpers.php(399): Illuminate\\Session\\Middleware\\StartSession->Illuminate\\Session\\Middleware\\{closure}(Object(Illuminate\\Session\\Store))
#16 D:\\praktikum_laravel\\laravelPraktikum\\vendor\\laravel\\framework\\src\\Illuminate\\Session\\Middleware\\StartSession.php(143): tap(Object(Illuminate\\Session\\Store), Object(Closure))
#17 D:\\praktikum_laravel\\laravelPraktikum\\vendor\\laravel\\framework\\src\\Illuminate\\Session\\Middleware\\StartSession.php(115): Illuminate\\Session\\Middleware\\StartSession->startSession(Object(Illuminate\\Http\\Request), Object(Illuminate\\Session\\Store))
#18 D:\\praktikum_laravel\\laravelPraktikum\\vendor\\laravel\\framework\\src\\Illuminate\\Session\\Middleware\\StartSession.php(63): Illuminate\\Session\\Middleware\\StartSession->handleStatefulRequest(Object(Illuminate\\Http\\Request), Object(Illuminate\\Session\\Store), Object(Closure))
#19 D:\\praktikum_laravel\\laravelPraktikum\\vendor\\laravel\\framework\\src\\Illuminate\\Pipeline\\Pipeline.php(208): Illuminate\\Session\\Middleware\\StartSession->handle(Object(Illuminate\\Http\\Request), Object(Closure))
#20 D:\\praktikum_laravel\\laravelPraktikum\\vendor\\laravel\\framework\\src\\Illuminate\\Cookie\\Middleware\\AddQueuedCookiesToResponse.php(36): Illuminate\\Pipeline\\Pipeline->Illuminate\\Pipeline\\{closure}(Object(Illuminate\\Http\\Request))
#21 D:\\praktikum_laravel\\laravelPraktikum\\vendor\\laravel\\framework\\src\\Illuminate\\Pipeline\\Pipeline.php(208): Illuminate\\Cookie\\Middleware\\AddQueuedCookiesToResponse->handle(Object(Illuminate\\Http\\Request), Object(Closure))
#22 D:\\praktikum_laravel\\laravelPraktikum\\vendor\\laravel\\framework\\src\\Illuminate\\Cookie\\Middleware\\EncryptCookies.php(74): Illuminate\\Pipeline\\Pipeline->Illuminate\\Pipeline\\{closure}(Object(Illuminate\\Http\\Request))
#23 D:\\praktikum_laravel\\laravelPraktikum\\vendor\\laravel\\framework\\src\\Illuminate\\Pipeline\\Pipeline.php(208): Illuminate\\Cookie\\Middleware\\EncryptCookies->handle(Object(Illuminate\\Http\\Request), Object(Closure))
#24 D:\\praktikum_laravel\\laravelPraktikum\\vendor\\laravel\\framework\\src\\Illuminate\\Pipeline\\Pipeline.php(126): Illuminate\\Pipeline\\Pipeline->Illuminate\\Pipeline\\{closure}(Object(Illuminate\\Http\\Request))
#25 D:\\praktikum_laravel\\laravelPraktikum\\vendor\\laravel\\framework\\src\\Illuminate\\Routing\\Router.php(807): Illuminate\\Pipeline\\Pipeline->then(Object(Closure))
#26 D:\\praktikum_laravel\\laravelPraktikum\\vendor\\laravel\\framework\\src\\Illuminate\\Routing\\Router.php(786): Illuminate\\Routing\\Router->runRouteWithinStack(Object(Illuminate\\Routing\\Route), Object(Illuminate\\Http\\Request))
#27 D:\\praktikum_laravel\\laravelPraktikum\\vendor\\laravel\\framework\\src\\Illuminate\\Routing\\Router.php(750): Illuminate\\Routing\\Router->runRoute(Object(Illuminate\\Http\\Request), Object(Illuminate\\Routing\\Route))
#28 D:\\praktikum_laravel\\laravelPraktikum\\vendor\\laravel\\framework\\src\\Illuminate\\Routing\\Router.php(739): Illuminate\\Routing\\Router->dispatchToRoute(Object(Illuminate\\Http\\Request))
#29 D:\\praktikum_laravel\\laravelPraktikum\\vendor\\laravel\\framework\\src\\Illuminate\\Foundation\\Http\\Kernel.php(200): Illuminate\\Routing\\Router->dispatch(Object(Illuminate\\Http\\Request))
#30 D:\\praktikum_laravel\\laravelPraktikum\\vendor\\laravel\\framework\\src\\Illuminate\\Pipeline\\Pipeline.php(169): Illuminate\\Foundation\\Http\\Kernel->Illuminate\\Foundation\\Http\\{closure}(Object(Illuminate\\Http\\Request))
#31 D:\\praktikum_laravel\\laravelPraktikum\\vendor\\laravel\\framework\\src\\Illuminate\\Foundation\\Http\\Middleware\\TransformsRequest.php(21): Illuminate\\Pipeline\\Pipeline->Illuminate\\Pipeline\\{closure}(Object(Illuminate\\Http\\Request))
#32 D:\\praktikum_laravel\\laravelPraktikum\\vendor\\laravel\\framework\\src\\Illuminate\\Foundation\\Http\\Middleware\\ConvertEmptyStringsToNull.php(31): Illuminate\\Foundation\\Http\\Middleware\\TransformsRequest->handle(Object(Illuminate\\Http\\Request), Object(Closure))
#33 D:\\praktikum_laravel\\laravelPraktikum\\vendor\\laravel\\framework\\src\\Illuminate\\Pipeline\\Pipeline.php(208): Illuminate\\Foundation\\Http\\Middleware\\ConvertEmptyStringsToNull->handle(Object(Illuminate\\Http\\Request), Object(Closure))
#34 D:\\praktikum_laravel\\laravelPraktikum\\vendor\\laravel\\framework\\src\\Illuminate\\Foundation\\Http\\Middleware\\TransformsRequest.php(21): Illuminate\\Pipeline\\Pipeline->Illuminate\\Pipeline\\{closure}(Object(Illuminate\\Http\\Request))
#35 D:\\praktikum_laravel\\laravelPraktikum\\vendor\\laravel\\framework\\src\\Illuminate\\Foundation\\Http\\Middleware\\TrimStrings.php(51): Illuminate\\Foundation\\Http\\Middleware\\TransformsRequest->handle(Object(Illuminate\\Http\\Request), Object(Closure))
#36 D:\\praktikum_laravel\\laravelPraktikum\\vendor\\laravel\\framework\\src\\Illuminate\\Pipeline\\Pipeline.php(208): Illuminate\\Foundation\\Http\\Middleware\\TrimStrings->handle(Object(Illuminate\\Http\\Request), Object(Closure))
#37 D:\\praktikum_laravel\\laravelPraktikum\\vendor\\laravel\\framework\\src\\Illuminate\\Http\\Middleware\\ValidatePostSize.php(27): Illuminate\\Pipeline\\Pipeline->Illuminate\\Pipeline\\{closure}(Object(Illuminate\\Http\\Request))
#38 D:\\praktikum_laravel\\laravelPraktikum\\vendor\\laravel\\framework\\src\\Illuminate\\Pipeline\\Pipeline.php(208): Illuminate\\Http\\Middleware\\ValidatePostSize->handle(Object(Illuminate\\Http\\Request), Object(Closure))
#39 D:\\praktikum_laravel\\laravelPraktikum\\vendor\\laravel\\framework\\src\\Illuminate\\Foundation\\Http\\Middleware\\PreventRequestsDuringMaintenance.php(109): Illuminate\\Pipeline\\Pipeline->Illuminate\\Pipeline\\{closure}(Object(Illuminate\\Http\\Request))
#40 D:\\praktikum_laravel\\laravelPraktikum\\vendor\\laravel\\framework\\src\\Illuminate\\Pipeline\\Pipeline.php(208): Illuminate\\Foundation\\Http\\Middleware\\PreventRequestsDuringMaintenance->handle(Object(Illuminate\\Http\\Request), Object(Closure))
#41 D:\\praktikum_laravel\\laravelPraktikum\\vendor\\laravel\\framework\\src\\Illuminate\\Http\\Middleware\\HandleCors.php(48): Illuminate\\Pipeline\\Pipeline->Illuminate\\Pipeline\\{closure}(Object(Illuminate\\Http\\Request))
#42 D:\\praktikum_laravel\\laravelPraktikum\\vendor\\laravel\\framework\\src\\Illuminate\\Pipeline\\Pipeline.php(208): Illuminate\\Http\\Middleware\\HandleCors->handle(Object(Illuminate\\Http\\Request), Object(Closure))
#43 D:\\praktikum_laravel\\laravelPraktikum\\vendor\\laravel\\framework\\src\\Illuminate\\Http\\Middleware\\TrustProxies.php(58): Illuminate\\Pipeline\\Pipeline->Illuminate\\Pipeline\\{closure}(Object(Illuminate\\Http\\Request))
#44 D:\\praktikum_laravel\\laravelPraktikum\\vendor\\laravel\\framework\\src\\Illuminate\\Pipeline\\Pipeline.php(208): Illuminate\\Http\\Middleware\\TrustProxies->handle(Object(Illuminate\\Http\\Request), Object(Closure))
#45 D:\\praktikum_laravel\\laravelPraktikum\\vendor\\laravel\\framework\\src\\Illuminate\\Foundation\\Http\\Middleware\\InvokeDeferredCallbacks.php(22): Illuminate\\Pipeline\\Pipeline->Illuminate\\Pipeline\\{closure}(Object(Illuminate\\Http\\Request))
#46 D:\\praktikum_laravel\\laravelPraktikum\\vendor\\laravel\\framework\\src\\Illuminate\\Pipeline\\Pipeline.php(208): Illuminate\\Foundation\\Http\\Middleware\\InvokeDeferredCallbacks->handle(Object(Illuminate\\Http\\Request), Object(Closure))
#47 D:\\praktikum_laravel\\laravelPraktikum\\vendor\\laravel\\framework\\src\\Illuminate\\Http\\Middleware\\ValidatePathEncoding.php(26): Illuminate\\Pipeline\\Pipeline->Illuminate\\Pipeline\\{closure}(Object(Illuminate\\Http\\Request))
#48 D:\\praktikum_laravel\\laravelPraktikum\\vendor\\laravel\\framework\\src\\Illuminate\\Pipeline\\Pipeline.php(208): Illuminate\\Http\\Middleware\\ValidatePathEncoding->handle(Object(Illuminate\\Http\\Request), Object(Closure))
#49 D:\\praktikum_laravel\\laravelPraktikum\\vendor\\laravel\\framework\\src\\Illuminate\\Pipeline\\Pipeline.php(126): Illuminate\\Pipeline\\Pipeline->Illuminate\\Pipeline\\{closure}(Object(Illuminate\\Http\\Request))
#50 D:\\praktikum_laravel\\laravelPraktikum\\vendor\\laravel\\framework\\src\\Illuminate\\Foundation\\Http\\Kernel.php(175): Illuminate\\Pipeline\\Pipeline->then(Object(Closure))
#51 D:\\praktikum_laravel\\laravelPraktikum\\vendor\\laravel\\framework\\src\\Illuminate\\Foundation\\Http\\Kernel.php(144): Illuminate\\Foundation\\Http\\Kernel->sendRequestThroughRouter(Object(Illuminate\\Http\\Request))
#52 D:\\praktikum_laravel\\laravelPraktikum\\vendor\\laravel\\framework\\src\\Illuminate\\Foundation\\Application.php(1219): Illuminate\\Foundation\\Http\\Kernel->handle(Object(Illuminate\\Http\\Request))
#53 D:\\praktikum_laravel\\laravelPraktikum\\public\\index.php(20): Illuminate\\Foundation\\Application->handleRequest(Object(Illuminate\\Http\\Request))
#54 D:\\praktikum_laravel\\laravelPraktikum\\vendor\\laravel\\framework\\src\\Illuminate\\Foundation\\resources\\server.php(23): require_once('D:\\\\praktikum_la...')
#55 {main}

[previous exception] [object] (PDOException(code: 2002): SQLSTATE[HY000] [2002] No connection could be made because the target machine actively refused it at D:\\praktikum_laravel\\laravelPraktikum\\vendor\\laravel\\framework\\src\\Illuminate\\Database\\Connectors\\Connector.php:66)
[stacktrace]
#0 D:\\praktikum_laravel\\laravelPraktikum\\vendor\\laravel\\framework\\src\\Illuminate\\Database\\Connectors\\Connector.php(66): PDO->__construct('mysql:host=127....', 'root', Object(SensitiveParameterValue), Array)
#1 D:\\praktikum_laravel\\laravelPraktikum\\vendor\\laravel\\framework\\src\\Illuminate\\Database\\Connectors\\Connector.php(85): Illuminate\\Database\\Connectors\\Connector->createPdoConnection('mysql:host=127....', 'root', Object(SensitiveParameterValue), Array)
#2 D:\\praktikum_laravel\\laravelPraktikum\\vendor\\laravel\\framework\\src\\Illuminate\\Database\\Connectors\\Connector.php(48): Illuminate\\Database\\Connectors\\Connector->tryAgainIfCausedByLostConnection(Object(PDOException), 'mysql:host=127....', 'root', Object(SensitiveParameterValue), Array)
#3 D:\\praktikum_laravel\\laravelPraktikum\\vendor\\laravel\\framework\\src\\Illuminate\\Database\\Connectors\\MySqlConnector.php(24): Illuminate\\Database\\Connectors\\Connector->createConnection('mysql:host=127....', Array, Array)
#4 D:\\praktikum_laravel\\laravelPraktikum\\vendor\\laravel\\framework\\src\\Illuminate\\Database\\Connectors\\ConnectionFactory.php(184): Illuminate\\Database\\Connectors\\MySqlConnector->connect(Array)
#5 [internal function]: Illuminate\\Database\\Connectors\\ConnectionFactory->Illuminate\\Database\\Connectors\\{closure}()
#6 D:\\praktikum_laravel\\laravelPraktikum\\vendor\\laravel\\framework\\src\\Illuminate\\Database\\Connection.php(1228): call_user_func(Object(Closure))
#7 D:\\praktikum_laravel\\laravelPraktikum\\vendor\\laravel\\framework\\src\\Illuminate\\Database\\Connection.php(509): Illuminate\\Database\\Connection->getPdo()
#8 D:\\praktikum_laravel\\laravelPraktikum\\vendor\\laravel\\framework\\src\\Illuminate\\Database\\Connection.php(404): Illuminate\\Database\\Connection->getPdoForSelect(false)
#9 D:\\praktikum_laravel\\laravelPraktikum\\vendor\\laravel\\framework\\src\\Illuminate\\Database\\Connection.php(809): Illuminate\\Database\\Connection->Illuminate\\Database\\{closure}('select * from `...', Array)
#10 D:\\praktikum_laravel\\laravelPraktikum\\vendor\\laravel\\framework\\src\\Illuminate\\Database\\Connection.php(976): Illuminate\\Database\\Connection->runQueryCallback('select * from `...', Array, Object(Closure))
#11 D:\\praktikum_laravel\\laravelPraktikum\\vendor\\laravel\\framework\\src\\Illuminate\\Database\\Connection.php(955): Illuminate\\Database\\Connection->tryAgainIfCausedByLostConnection(Object(Illuminate\\Database\\QueryException), 'select * from `...', Array, Object(Closure))
#12 D:\\praktikum_laravel\\laravelPraktikum\\vendor\\laravel\\framework\\src\\Illuminate\\Database\\Connection.php(778): Illuminate\\Database\\Connection->handleQueryException(Object(Illuminate\\Database\\QueryException), 'select * from `...', Array, Object(Closure))
#13 D:\\praktikum_laravel\\laravelPraktikum\\vendor\\laravel\\framework\\src\\Illuminate\\Database\\Connection.php(395): Illuminate\\Database\\Connection->run('select * from `...', Array, Object(Closure))
#14 D:\\praktikum_laravel\\laravelPraktikum\\vendor\\laravel\\framework\\src\\Illuminate\\Database\\Query\\Builder.php(3120): Illuminate\\Database\\Connection->select('select * from `...', Array, false)
#15 D:\\praktikum_laravel\\laravelPraktikum\\vendor\\laravel\\framework\\src\\Illuminate\\Database\\Query\\Builder.php(3105): Illuminate\\Database\\Query\\Builder->runSelect()
#16 D:\\praktikum_laravel\\laravelPraktikum\\vendor\\laravel\\framework\\src\\Illuminate\\Database\\Query\\Builder.php(3695): Illuminate\\Database\\Query\\Builder->Illuminate\\Database\\Query\\{closure}()
#17 D:\\praktikum_laravel\\laravelPraktikum\\vendor\\laravel\\framework\\src\\Illuminate\\Database\\Query\\Builder.php(3104): Illuminate\\Database\\Query\\Builder->onceWithColumns(Array, Object(Closure))
#18 D:\\praktikum_laravel\\laravelPraktikum\\vendor\\laravel\\framework\\src\\Illuminate\\Database\\Concerns\\BuildsQueries.php(366): Illuminate\\Database\\Query\\Builder->get(Array)
#19 D:\\praktikum_laravel\\laravelPraktikum\\vendor\\laravel\\framework\\src\\Illuminate\\Database\\Query\\Builder.php(3027): Illuminate\\Database\\Query\\Builder->first(Array)
#20 D:\\praktikum_laravel\\laravelPraktikum\\vendor\\laravel\\framework\\src\\Illuminate\\Session\\DatabaseSessionHandler.php(96): Illuminate\\Database\\Query\\Builder->find('0qETlndNm2aR5iP...')
#21 D:\\praktikum_laravel\\laravelPraktikum\\vendor\\laravel\\framework\\src\\Illuminate\\Session\\Store.php(116): Illuminate\\Session\\DatabaseSessionHandler->read('0qETlndNm2aR5iP...')
#22 D:\\praktikum_laravel\\laravelPraktikum\\vendor\\laravel\\framework\\src\\Illuminate\\Session\\Store.php(104): Illuminate\\Session\\Store->readFromHandler()
#23 D:\\praktikum_laravel\\laravelPraktikum\\vendor\\laravel\\framework\\src\\Illuminate\\Session\\Store.php(88): Illuminate\\Session\\Store->loadSession()
#24 D:\\praktikum_laravel\\laravelPraktikum\\vendor\\laravel\\framework\\src\\Illuminate\\Session\\Middleware\\StartSession.php(146): Illuminate\\Session\\Store->start()
#25 D:\\praktikum_laravel\\laravelPraktikum\\vendor\\laravel\\framework\\src\\Illuminate\\Support\\helpers.php(399): Illuminate\\Session\\Middleware\\StartSession->Illuminate\\Session\\Middleware\\{closure}(Object(Illuminate\\Session\\Store))
#26 D:\\praktikum_laravel\\laravelPraktikum\\vendor\\laravel\\framework\\src\\Illuminate\\Session\\Middleware\\StartSession.php(143): tap(Object(Illuminate\\Session\\Store), Object(Closure))
#27 D:\\praktikum_laravel\\laravelPraktikum\\vendor\\laravel\\framework\\src\\Illuminate\\Session\\Middleware\\StartSession.php(115): Illuminate\\Session\\Middleware\\StartSession->startSession(Object(Illuminate\\Http\\Request), Object(Illuminate\\Session\\Store))
#28 D:\\praktikum_laravel\\laravelPraktikum\\vendor\\laravel\\framework\\src\\Illuminate\\Session\\Middleware\\StartSession.php(63): Illuminate\\Session\\Middleware\\StartSession->handleStatefulRequest(Object(Illuminate\\Http\\Request), Object(Illuminate\\Session\\Store), Object(Closure))
#29 D:\\praktikum_laravel\\laravelPraktikum\\vendor\\laravel\\framework\\src\\Illuminate\\Pipeline\\Pipeline.php(208): Illuminate\\Session\\Middleware\\StartSession->handle(Object(Illuminate\\Http\\Request), Object(Closure))
#30 D:\\praktikum_laravel\\laravelPraktikum\\vendor\\laravel\\framework\\src\\Illuminate\\Cookie\\Middleware\\AddQueuedCookiesToResponse.php(36): Illuminate\\Pipeline\\Pipeline->Illuminate\\Pipeline\\{closure}(Object(Illuminate\\Http\\Request))
#31 D:\\praktikum_laravel\\laravelPraktikum\\vendor\\laravel\\framework\\src\\Illuminate\\Pipeline\\Pipeline.php(208): Illuminate\\Cookie\\Middleware\\AddQueuedCookiesToResponse->handle(Object(Illuminate\\Http\\Request), Object(Closure))
#32 D:\\praktikum_laravel\\laravelPraktikum\\vendor\\laravel\\framework\\src\\Illuminate\\Cookie\\Middleware\\EncryptCookies.php(74): Illuminate\\Pipeline\\Pipeline->Illuminate\\Pipeline\\{closure}(Object(Illuminate\\Http\\Request))
#33 D:\\praktikum_laravel\\laravelPraktikum\\vendor\\laravel\\framework\\src\\Illuminate\\Pipeline\\Pipeline.php(208): Illuminate\\Cookie\\Middleware\\EncryptCookies->handle(Object(Illuminate\\Http\\Request), Object(Closure))
#34 D:\\praktikum_laravel\\laravelPraktikum\\vendor\\laravel\\framework\\src\\Illuminate\\Pipeline\\Pipeline.php(126): Illuminate\\Pipeline\\Pipeline->Illuminate\\Pipeline\\{closure}(Object(Illuminate\\Http\\Request))
#35 D:\\praktikum_laravel\\laravelPraktikum\\vendor\\laravel\\framework\\src\\Illuminate\\Routing\\Router.php(807): Illuminate\\Pipeline\\Pipeline->then(Object(Closure))
#36 D:\\praktikum_laravel\\laravelPraktikum\\vendor\\laravel\\framework\\src\\Illuminate\\Routing\\Router.php(786): Illuminate\\Routing\\Router->runRouteWithinStack(Object(Illuminate\\Routing\\Route), Object(Illuminate\\Http\\Request))
#37 D:\\praktikum_laravel\\laravelPraktikum\\vendor\\laravel\\framework\\src\\Illuminate\\Routing\\Router.php(750): Illuminate\\Routing\\Router->runRoute(Object(Illuminate\\Http\\Request), Object(Illuminate\\Routing\\Route))
#38 D:\\praktikum_laravel\\laravelPraktikum\\vendor\\laravel\\framework\\src\\Illuminate\\Routing\\Router.php(739): Illuminate\\Routing\\Router->dispatchToRoute(Object(Illuminate\\Http\\Request))
#39 D:\\praktikum_laravel\\laravelPraktikum\\vendor\\laravel\\framework\\src\\Illuminate\\Foundation\\Http\\Kernel.php(200): Illuminate\\Routing\\Router->dispatch(Object(Illuminate\\Http\\Request))
#40 D:\\praktikum_laravel\\laravelPraktikum\\vendor\\laravel\\framework\\src\\Illuminate\\Pipeline\\Pipeline.php(169): Illuminate\\Foundation\\Http\\Kernel->Illuminate\\Foundation\\Http\\{closure}(Object(Illuminate\\Http\\Request))
#41 D:\\praktikum_laravel\\laravelPraktikum\\vendor\\laravel\\framework\\src\\Illuminate\\Foundation\\Http\\Middleware\\TransformsRequest.php(21): Illuminate\\Pipeline\\Pipeline->Illuminate\\Pipeline\\{closure}(Object(Illuminate\\Http\\Request))
#42 D:\\praktikum_laravel\\laravelPraktikum\\vendor\\laravel\\framework\\src\\Illuminate\\Foundation\\Http\\Middleware\\ConvertEmptyStringsToNull.php(31): Illuminate\\Foundation\\Http\\Middleware\\TransformsRequest->handle(Object(Illuminate\\Http\\Request), Object(Closure))
#43 D:\\praktikum_laravel\\laravelPraktikum\\vendor\\laravel\\framework\\src\\Illuminate\\Pipeline\\Pipeline.php(208): Illuminate\\Foundation\\Http\\Middleware\\ConvertEmptyStringsToNull->handle(Object(Illuminate\\Http\\Request), Object(Closure))
#44 D:\\praktikum_laravel\\laravelPraktikum\\vendor\\laravel\\framework\\src\\Illuminate\\Foundation\\Http\\Middleware\\TransformsRequest.php(21): Illuminate\\Pipeline\\Pipeline->Illuminate\\Pipeline\\{closure}(Object(Illuminate\\Http\\Request))
#45 D:\\praktikum_laravel\\laravelPraktikum\\vendor\\laravel\\framework\\src\\Illuminate\\Foundation\\Http\\Middleware\\TrimStrings.php(51): Illuminate\\Foundation\\Http\\Middleware\\TransformsRequest->handle(Object(Illuminate\\Http\\Request), Object(Closure))
#46 D:\\praktikum_laravel\\laravelPraktikum\\vendor\\laravel\\framework\\src\\Illuminate\\Pipeline\\Pipeline.php(208): Illuminate\\Foundation\\Http\\Middleware\\TrimStrings->handle(Object(Illuminate\\Http\\Request), Object(Closure))
#47 D:\\praktikum_laravel\\laravelPraktikum\\vendor\\laravel\\framework\\src\\Illuminate\\Http\\Middleware\\ValidatePostSize.php(27): Illuminate\\Pipeline\\Pipeline->Illuminate\\Pipeline\\{closure}(Object(Illuminate\\Http\\Request))
#48 D:\\praktikum_laravel\\laravelPraktikum\\vendor\\laravel\\framework\\src\\Illuminate\\Pipeline\\Pipeline.php(208): Illuminate\\Http\\Middleware\\ValidatePostSize->handle(Object(Illuminate\\Http\\Request), Object(Closure))
#49 D:\\praktikum_laravel\\laravelPraktikum\\vendor\\laravel\\framework\\src\\Illuminate\\Foundation\\Http\\Middleware\\PreventRequestsDuringMaintenance.php(109): Illuminate\\Pipeline\\Pipeline->Illuminate\\Pipeline\\{closure}(Object(Illuminate\\Http\\Request))
#50 D:\\praktikum_laravel\\laravelPraktikum\\vendor\\laravel\\framework\\src\\Illuminate\\Pipeline\\Pipeline.php(208): Illuminate\\Foundation\\Http\\Middleware\\PreventRequestsDuringMaintenance->handle(Object(Illuminate\\Http\\Request), Object(Closure))
#51 D:\\praktikum_laravel\\laravelPraktikum\\vendor\\laravel\\framework\\src\\Illuminate\\Http\\Middleware\\HandleCors.php(48): Illuminate\\Pipeline\\Pipeline->Illuminate\\Pipeline\\{closure}(Object(Illuminate\\Http\\Request))
#52 D:\\praktikum_laravel\\laravelPraktikum\\vendor\\laravel\\framework\\src\\Illuminate\\Pipeline\\Pipeline.php(208): Illuminate\\Http\\Middleware\\HandleCors->handle(Object(Illuminate\\Http\\Request), Object(Closure))
#53 D:\\praktikum_laravel\\laravelPraktikum\\vendor\\laravel\\framework\\src\\Illuminate\\Http\\Middleware\\TrustProxies.php(58): Illuminate\\Pipeline\\Pipeline->Illuminate\\Pipeline\\{closure}(Object(Illuminate\\Http\\Request))
#54 D:\\praktikum_laravel\\laravelPraktikum\\vendor\\laravel\\framework\\src\\Illuminate\\Pipeline\\Pipeline.php(208): Illuminate\\Http\\Middleware\\TrustProxies->handle(Object(Illuminate\\Http\\Request), Object(Closure))
#55 D:\\praktikum_laravel\\laravelPraktikum\\vendor\\laravel\\framework\\src\\Illuminate\\Foundation\\Http\\Middleware\\InvokeDeferredCallbacks.php(22): Illuminate\\Pipeline\\Pipeline->Illuminate\\Pipeline\\{closure}(Object(Illuminate\\Http\\Request))
#56 D:\\praktikum_laravel\\laravelPraktikum\\vendor\\laravel\\framework\\src\\Illuminate\\Pipeline\\Pipeline.php(208): Illuminate\\Foundation\\Http\\Middleware\\InvokeDeferredCallbacks->handle(Object(Illuminate\\Http\\Request), Object(Closure))
#57 D:\\praktikum_laravel\\laravelPraktikum\\vendor\\laravel\\framework\\src\\Illuminate\\Http\\Middleware\\ValidatePathEncoding.php(26): Illuminate\\Pipeline\\Pipeline->Illuminate\\Pipeline\\{closure}(Object(Illuminate\\Http\\Request))
#58 D:\\praktikum_laravel\\laravelPraktikum\\vendor\\laravel\\framework\\src\\Illuminate\\Pipeline\\Pipeline.php(208): Illuminate\\Http\\Middleware\\ValidatePathEncoding->handle(Object(Illuminate\\Http\\Request), Object(Closure))
#59 D:\\praktikum_laravel\\laravelPraktikum\\vendor\\laravel\\framework\\src\\Illuminate\\Pipeline\\Pipeline.php(126): Illuminate\\Pipeline\\Pipeline->Illuminate\\Pipeline\\{closure}(Object(Illuminate\\Http\\Request))
#60 D:\\praktikum_laravel\\laravelPraktikum\\vendor\\laravel\\framework\\src\\Illuminate\\Foundation\\Http\\Kernel.php(175): Illuminate\\Pipeline\\Pipeline->then(Object(Closure))
#61 D:\\praktikum_laravel\\laravelPraktikum\\vendor\\laravel\\framework\\src\\Illuminate\\Foundation\\Http\\Kernel.php(144): Illuminate\\Foundation\\Http\\Kernel->sendRequestThroughRouter(Object(Illuminate\\Http\\Request))
#62 D:\\praktikum_laravel\\laravelPraktikum\\vendor\\laravel\\framework\\src\\Illuminate\\Foundation\\Application.php(1219): Illuminate\\Foundation\\Http\\Kernel->handle(Object(Illuminate\\Http\\Request))
#63 D:\\praktikum_laravel\\laravelPraktikum\\public\\index.php(20): Illuminate\\Foundation\\Application->handleRequest(Object(Illuminate\\Http\\Request))
#64 D:\\praktikum_laravel\\laravelPraktikum\\vendor\\laravel\\framework\\src\\Illuminate\\Foundation\\resources\\server.php(23): require_once('D:\\\\praktikum_la...')
#65 {main}
"} 
[2025-05-13 12:16:22] local.ERROR: SQLSTATE[HY000] [1049] Unknown database 'laravelpraktikum' (Connection: mysql, SQL: select * from `sessions` where `id` = v1MW7hM89o1kyQlXzarDuXsBeSoiU6vq1qCKLrbN limit 1) {"exception":"[object] (Illuminate\\Database\\QueryException(code: 1049): SQLSTATE[HY000] [1049] Unknown database 'laravelpraktikum' (Connection: mysql, SQL: select * from `sessions` where `id` = v1MW7hM89o1kyQlXzarDuXsBeSoiU6vq1qCKLrbN limit 1) at D:\\praktikum_laravel\\laravelPraktikum\\vendor\\laravel\\framework\\src\\Illuminate\\Database\\Connection.php:822)
[stacktrace]
#0 D:\\praktikum_laravel\\laravelPraktikum\\vendor\\laravel\\framework\\src\\Illuminate\\Database\\Connection.php(776): Illuminate\\Database\\Connection->runQueryCallback('select * from `...', Array, Object(Closure))
#1 D:\\praktikum_laravel\\laravelPraktikum\\vendor\\laravel\\framework\\src\\Illuminate\\Database\\Connection.php(395): Illuminate\\Database\\Connection->run('select * from `...', Array, Object(Closure))
#2 D:\\praktikum_laravel\\laravelPraktikum\\vendor\\laravel\\framework\\src\\Illuminate\\Database\\Query\\Builder.php(3120): Illuminate\\Database\\Connection->select('select * from `...', Array, false)
#3 D:\\praktikum_laravel\\laravelPraktikum\\vendor\\laravel\\framework\\src\\Illuminate\\Database\\Query\\Builder.php(3105): Illuminate\\Database\\Query\\Builder->runSelect()
#4 D:\\praktikum_laravel\\laravelPraktikum\\vendor\\laravel\\framework\\src\\Illuminate\\Database\\Query\\Builder.php(3695): Illuminate\\Database\\Query\\Builder->Illuminate\\Database\\Query\\{closure}()
#5 D:\\praktikum_laravel\\laravelPraktikum\\vendor\\laravel\\framework\\src\\Illuminate\\Database\\Query\\Builder.php(3104): Illuminate\\Database\\Query\\Builder->onceWithColumns(Array, Object(Closure))
#6 D:\\praktikum_laravel\\laravelPraktikum\\vendor\\laravel\\framework\\src\\Illuminate\\Database\\Concerns\\BuildsQueries.php(366): Illuminate\\Database\\Query\\Builder->get(Array)
#7 D:\\praktikum_laravel\\laravelPraktikum\\vendor\\laravel\\framework\\src\\Illuminate\\Database\\Query\\Builder.php(3027): Illuminate\\Database\\Query\\Builder->first(Array)
#8 D:\\praktikum_laravel\\laravelPraktikum\\vendor\\laravel\\framework\\src\\Illuminate\\Session\\DatabaseSessionHandler.php(96): Illuminate\\Database\\Query\\Builder->find('v1MW7hM89o1kyQl...')
#9 D:\\praktikum_laravel\\laravelPraktikum\\vendor\\laravel\\framework\\src\\Illuminate\\Session\\Store.php(116): Illuminate\\Session\\DatabaseSessionHandler->read('v1MW7hM89o1kyQl...')
#10 D:\\praktikum_laravel\\laravelPraktikum\\vendor\\laravel\\framework\\src\\Illuminate\\Session\\Store.php(104): Illuminate\\Session\\Store->readFromHandler()
#11 D:\\praktikum_laravel\\laravelPraktikum\\vendor\\laravel\\framework\\src\\Illuminate\\Session\\Store.php(88): Illuminate\\Session\\Store->loadSession()
#12 D:\\praktikum_laravel\\laravelPraktikum\\vendor\\laravel\\framework\\src\\Illuminate\\Session\\Middleware\\StartSession.php(146): Illuminate\\Session\\Store->start()
#13 D:\\praktikum_laravel\\laravelPraktikum\\vendor\\laravel\\framework\\src\\Illuminate\\Support\\helpers.php(399): Illuminate\\Session\\Middleware\\StartSession->Illuminate\\Session\\Middleware\\{closure}(Object(Illuminate\\Session\\Store))
#14 D:\\praktikum_laravel\\laravelPraktikum\\vendor\\laravel\\framework\\src\\Illuminate\\Session\\Middleware\\StartSession.php(143): tap(Object(Illuminate\\Session\\Store), Object(Closure))
#15 D:\\praktikum_laravel\\laravelPraktikum\\vendor\\laravel\\framework\\src\\Illuminate\\Session\\Middleware\\StartSession.php(115): Illuminate\\Session\\Middleware\\StartSession->startSession(Object(Illuminate\\Http\\Request), Object(Illuminate\\Session\\Store))
#16 D:\\praktikum_laravel\\laravelPraktikum\\vendor\\laravel\\framework\\src\\Illuminate\\Session\\Middleware\\StartSession.php(63): Illuminate\\Session\\Middleware\\StartSession->handleStatefulRequest(Object(Illuminate\\Http\\Request), Object(Illuminate\\Session\\Store), Object(Closure))
#17 D:\\praktikum_laravel\\laravelPraktikum\\vendor\\laravel\\framework\\src\\Illuminate\\Pipeline\\Pipeline.php(208): Illuminate\\Session\\Middleware\\StartSession->handle(Object(Illuminate\\Http\\Request), Object(Closure))
#18 D:\\praktikum_laravel\\laravelPraktikum\\vendor\\laravel\\framework\\src\\Illuminate\\Cookie\\Middleware\\AddQueuedCookiesToResponse.php(36): Illuminate\\Pipeline\\Pipeline->Illuminate\\Pipeline\\{closure}(Object(Illuminate\\Http\\Request))
#19 D:\\praktikum_laravel\\laravelPraktikum\\vendor\\laravel\\framework\\src\\Illuminate\\Pipeline\\Pipeline.php(208): Illuminate\\Cookie\\Middleware\\AddQueuedCookiesToResponse->handle(Object(Illuminate\\Http\\Request), Object(Closure))
#20 D:\\praktikum_laravel\\laravelPraktikum\\vendor\\laravel\\framework\\src\\Illuminate\\Cookie\\Middleware\\EncryptCookies.php(74): Illuminate\\Pipeline\\Pipeline->Illuminate\\Pipeline\\{closure}(Object(Illuminate\\Http\\Request))
#21 D:\\praktikum_laravel\\laravelPraktikum\\vendor\\laravel\\framework\\src\\Illuminate\\Pipeline\\Pipeline.php(208): Illuminate\\Cookie\\Middleware\\EncryptCookies->handle(Object(Illuminate\\Http\\Request), Object(Closure))
#22 D:\\praktikum_laravel\\laravelPraktikum\\vendor\\laravel\\framework\\src\\Illuminate\\Pipeline\\Pipeline.php(126): Illuminate\\Pipeline\\Pipeline->Illuminate\\Pipeline\\{closure}(Object(Illuminate\\Http\\Request))
#23 D:\\praktikum_laravel\\laravelPraktikum\\vendor\\laravel\\framework\\src\\Illuminate\\Routing\\Router.php(807): Illuminate\\Pipeline\\Pipeline->then(Object(Closure))
#24 D:\\praktikum_laravel\\laravelPraktikum\\vendor\\laravel\\framework\\src\\Illuminate\\Routing\\Router.php(786): Illuminate\\Routing\\Router->runRouteWithinStack(Object(Illuminate\\Routing\\Route), Object(Illuminate\\Http\\Request))
#25 D:\\praktikum_laravel\\laravelPraktikum\\vendor\\laravel\\framework\\src\\Illuminate\\Routing\\Router.php(750): Illuminate\\Routing\\Router->runRoute(Object(Illuminate\\Http\\Request), Object(Illuminate\\Routing\\Route))
#26 D:\\praktikum_laravel\\laravelPraktikum\\vendor\\laravel\\framework\\src\\Illuminate\\Routing\\Router.php(739): Illuminate\\Routing\\Router->dispatchToRoute(Object(Illuminate\\Http\\Request))
#27 D:\\praktikum_laravel\\laravelPraktikum\\vendor\\laravel\\framework\\src\\Illuminate\\Foundation\\Http\\Kernel.php(200): Illuminate\\Routing\\Router->dispatch(Object(Illuminate\\Http\\Request))
#28 D:\\praktikum_laravel\\laravelPraktikum\\vendor\\laravel\\framework\\src\\Illuminate\\Pipeline\\Pipeline.php(169): Illuminate\\Foundation\\Http\\Kernel->Illuminate\\Foundation\\Http\\{closure}(Object(Illuminate\\Http\\Request))
#29 D:\\praktikum_laravel\\laravelPraktikum\\vendor\\laravel\\framework\\src\\Illuminate\\Foundation\\Http\\Middleware\\TransformsRequest.php(21): Illuminate\\Pipeline\\Pipeline->Illuminate\\Pipeline\\{closure}(Object(Illuminate\\Http\\Request))
#30 D:\\praktikum_laravel\\laravelPraktikum\\vendor\\laravel\\framework\\src\\Illuminate\\Foundation\\Http\\Middleware\\ConvertEmptyStringsToNull.php(31): Illuminate\\Foundation\\Http\\Middleware\\TransformsRequest->handle(Object(Illuminate\\Http\\Request), Object(Closure))
#31 D:\\praktikum_laravel\\laravelPraktikum\\vendor\\laravel\\framework\\src\\Illuminate\\Pipeline\\Pipeline.php(208): Illuminate\\Foundation\\Http\\Middleware\\ConvertEmptyStringsToNull->handle(Object(Illuminate\\Http\\Request), Object(Closure))
#32 D:\\praktikum_laravel\\laravelPraktikum\\vendor\\laravel\\framework\\src\\Illuminate\\Foundation\\Http\\Middleware\\TransformsRequest.php(21): Illuminate\\Pipeline\\Pipeline->Illuminate\\Pipeline\\{closure}(Object(Illuminate\\Http\\Request))
#33 D:\\praktikum_laravel\\laravelPraktikum\\vendor\\laravel\\framework\\src\\Illuminate\\Foundation\\Http\\Middleware\\TrimStrings.php(51): Illuminate\\Foundation\\Http\\Middleware\\TransformsRequest->handle(Object(Illuminate\\Http\\Request), Object(Closure))
#34 D:\\praktikum_laravel\\laravelPraktikum\\vendor\\laravel\\framework\\src\\Illuminate\\Pipeline\\Pipeline.php(208): Illuminate\\Foundation\\Http\\Middleware\\TrimStrings->handle(Object(Illuminate\\Http\\Request), Object(Closure))
#35 D:\\praktikum_laravel\\laravelPraktikum\\vendor\\laravel\\framework\\src\\Illuminate\\Http\\Middleware\\ValidatePostSize.php(27): Illuminate\\Pipeline\\Pipeline->Illuminate\\Pipeline\\{closure}(Object(Illuminate\\Http\\Request))
#36 D:\\praktikum_laravel\\laravelPraktikum\\vendor\\laravel\\framework\\src\\Illuminate\\Pipeline\\Pipeline.php(208): Illuminate\\Http\\Middleware\\ValidatePostSize->handle(Object(Illuminate\\Http\\Request), Object(Closure))
#37 D:\\praktikum_laravel\\laravelPraktikum\\vendor\\laravel\\framework\\src\\Illuminate\\Foundation\\Http\\Middleware\\PreventRequestsDuringMaintenance.php(109): Illuminate\\Pipeline\\Pipeline->Illuminate\\Pipeline\\{closure}(Object(Illuminate\\Http\\Request))
#38 D:\\praktikum_laravel\\laravelPraktikum\\vendor\\laravel\\framework\\src\\Illuminate\\Pipeline\\Pipeline.php(208): Illuminate\\Foundation\\Http\\Middleware\\PreventRequestsDuringMaintenance->handle(Object(Illuminate\\Http\\Request), Object(Closure))
#39 D:\\praktikum_laravel\\laravelPraktikum\\vendor\\laravel\\framework\\src\\Illuminate\\Http\\Middleware\\HandleCors.php(48): Illuminate\\Pipeline\\Pipeline->Illuminate\\Pipeline\\{closure}(Object(Illuminate\\Http\\Request))
#40 D:\\praktikum_laravel\\laravelPraktikum\\vendor\\laravel\\framework\\src\\Illuminate\\Pipeline\\Pipeline.php(208): Illuminate\\Http\\Middleware\\HandleCors->handle(Object(Illuminate\\Http\\Request), Object(Closure))
#41 D:\\praktikum_laravel\\laravelPraktikum\\vendor\\laravel\\framework\\src\\Illuminate\\Http\\Middleware\\TrustProxies.php(58): Illuminate\\Pipeline\\Pipeline->Illuminate\\Pipeline\\{closure}(Object(Illuminate\\Http\\Request))
#42 D:\\praktikum_laravel\\laravelPraktikum\\vendor\\laravel\\framework\\src\\Illuminate\\Pipeline\\Pipeline.php(208): Illuminate\\Http\\Middleware\\TrustProxies->handle(Object(Illuminate\\Http\\Request), Object(Closure))
#43 D:\\praktikum_laravel\\laravelPraktikum\\vendor\\laravel\\framework\\src\\Illuminate\\Foundation\\Http\\Middleware\\InvokeDeferredCallbacks.php(22): Illuminate\\Pipeline\\Pipeline->Illuminate\\Pipeline\\{closure}(Object(Illuminate\\Http\\Request))
#44 D:\\praktikum_laravel\\laravelPraktikum\\vendor\\laravel\\framework\\src\\Illuminate\\Pipeline\\Pipeline.php(208): Illuminate\\Foundation\\Http\\Middleware\\InvokeDeferredCallbacks->handle(Object(Illuminate\\Http\\Request), Object(Closure))
#45 D:\\praktikum_laravel\\laravelPraktikum\\vendor\\laravel\\framework\\src\\Illuminate\\Http\\Middleware\\ValidatePathEncoding.php(26): Illuminate\\Pipeline\\Pipeline->Illuminate\\Pipeline\\{closure}(Object(Illuminate\\Http\\Request))
#46 D:\\praktikum_laravel\\laravelPraktikum\\vendor\\laravel\\framework\\src\\Illuminate\\Pipeline\\Pipeline.php(208): Illuminate\\Http\\Middleware\\ValidatePathEncoding->handle(Object(Illuminate\\Http\\Request), Object(Closure))
#47 D:\\praktikum_laravel\\laravelPraktikum\\vendor\\laravel\\framework\\src\\Illuminate\\Pipeline\\Pipeline.php(126): Illuminate\\Pipeline\\Pipeline->Illuminate\\Pipeline\\{closure}(Object(Illuminate\\Http\\Request))
#48 D:\\praktikum_laravel\\laravelPraktikum\\vendor\\laravel\\framework\\src\\Illuminate\\Foundation\\Http\\Kernel.php(175): Illuminate\\Pipeline\\Pipeline->then(Object(Closure))
#49 D:\\praktikum_laravel\\laravelPraktikum\\vendor\\laravel\\framework\\src\\Illuminate\\Foundation\\Http\\Kernel.php(144): Illuminate\\Foundation\\Http\\Kernel->sendRequestThroughRouter(Object(Illuminate\\Http\\Request))
#50 D:\\praktikum_laravel\\laravelPraktikum\\vendor\\laravel\\framework\\src\\Illuminate\\Foundation\\Application.php(1219): Illuminate\\Foundation\\Http\\Kernel->handle(Object(Illuminate\\Http\\Request))
#51 D:\\praktikum_laravel\\laravelPraktikum\\public\\index.php(20): Illuminate\\Foundation\\Application->handleRequest(Object(Illuminate\\Http\\Request))
#52 D:\\praktikum_laravel\\laravelPraktikum\\vendor\\laravel\\framework\\src\\Illuminate\\Foundation\\resources\\server.php(23): require_once('D:\\\\praktikum_la...')
#53 {main}

[previous exception] [object] (PDOException(code: 1049): SQLSTATE[HY000] [1049] Unknown database 'laravelpraktikum' at D:\\praktikum_laravel\\laravelPraktikum\\vendor\\laravel\\framework\\src\\Illuminate\\Database\\Connectors\\Connector.php:66)
[stacktrace]
#0 D:\\praktikum_laravel\\laravelPraktikum\\vendor\\laravel\\framework\\src\\Illuminate\\Database\\Connectors\\Connector.php(66): PDO->__construct('mysql:host=127....', 'root', Object(SensitiveParameterValue), Array)
#1 D:\\praktikum_laravel\\laravelPraktikum\\vendor\\laravel\\framework\\src\\Illuminate\\Database\\Connectors\\Connector.php(44): Illuminate\\Database\\Connectors\\Connector->createPdoConnection('mysql:host=127....', 'root', Object(SensitiveParameterValue), Array)
#2 D:\\praktikum_laravel\\laravelPraktikum\\vendor\\laravel\\framework\\src\\Illuminate\\Database\\Connectors\\MySqlConnector.php(24): Illuminate\\Database\\Connectors\\Connector->createConnection('mysql:host=127....', Array, Array)
#3 D:\\praktikum_laravel\\laravelPraktikum\\vendor\\laravel\\framework\\src\\Illuminate\\Database\\Connectors\\ConnectionFactory.php(184): Illuminate\\Database\\Connectors\\MySqlConnector->connect(Array)
#4 [internal function]: Illuminate\\Database\\Connectors\\ConnectionFactory->Illuminate\\Database\\Connectors\\{closure}()
#5 D:\\praktikum_laravel\\laravelPraktikum\\vendor\\laravel\\framework\\src\\Illuminate\\Database\\Connection.php(1228): call_user_func(Object(Closure))
#6 D:\\praktikum_laravel\\laravelPraktikum\\vendor\\laravel\\framework\\src\\Illuminate\\Database\\Connection.php(509): Illuminate\\Database\\Connection->getPdo()
#7 D:\\praktikum_laravel\\laravelPraktikum\\vendor\\laravel\\framework\\src\\Illuminate\\Database\\Connection.php(404): Illuminate\\Database\\Connection->getPdoForSelect(false)
#8 D:\\praktikum_laravel\\laravelPraktikum\\vendor\\laravel\\framework\\src\\Illuminate\\Database\\Connection.php(809): Illuminate\\Database\\Connection->Illuminate\\Database\\{closure}('select * from `...', Array)
#9 D:\\praktikum_laravel\\laravelPraktikum\\vendor\\laravel\\framework\\src\\Illuminate\\Database\\Connection.php(776): Illuminate\\Database\\Connection->runQueryCallback('select * from `...', Array, Object(Closure))
#10 D:\\praktikum_laravel\\laravelPraktikum\\vendor\\laravel\\framework\\src\\Illuminate\\Database\\Connection.php(395): Illuminate\\Database\\Connection->run('select * from `...', Array, Object(Closure))
#11 D:\\praktikum_laravel\\laravelPraktikum\\vendor\\laravel\\framework\\src\\Illuminate\\Database\\Query\\Builder.php(3120): Illuminate\\Database\\Connection->select('select * from `...', Array, false)
#12 D:\\praktikum_laravel\\laravelPraktikum\\vendor\\laravel\\framework\\src\\Illuminate\\Database\\Query\\Builder.php(3105): Illuminate\\Database\\Query\\Builder->runSelect()
#13 D:\\praktikum_laravel\\laravelPraktikum\\vendor\\laravel\\framework\\src\\Illuminate\\Database\\Query\\Builder.php(3695): Illuminate\\Database\\Query\\Builder->Illuminate\\Database\\Query\\{closure}()
#14 D:\\praktikum_laravel\\laravelPraktikum\\vendor\\laravel\\framework\\src\\Illuminate\\Database\\Query\\Builder.php(3104): Illuminate\\Database\\Query\\Builder->onceWithColumns(Array, Object(Closure))
#15 D:\\praktikum_laravel\\laravelPraktikum\\vendor\\laravel\\framework\\src\\Illuminate\\Database\\Concerns\\BuildsQueries.php(366): Illuminate\\Database\\Query\\Builder->get(Array)
#16 D:\\praktikum_laravel\\laravelPraktikum\\vendor\\laravel\\framework\\src\\Illuminate\\Database\\Query\\Builder.php(3027): Illuminate\\Database\\Query\\Builder->first(Array)
#17 D:\\praktikum_laravel\\laravelPraktikum\\vendor\\laravel\\framework\\src\\Illuminate\\Session\\DatabaseSessionHandler.php(96): Illuminate\\Database\\Query\\Builder->find('v1MW7hM89o1kyQl...')
#18 D:\\praktikum_laravel\\laravelPraktikum\\vendor\\laravel\\framework\\src\\Illuminate\\Session\\Store.php(116): Illuminate\\Session\\DatabaseSessionHandler->read('v1MW7hM89o1kyQl...')
#19 D:\\praktikum_laravel\\laravelPraktikum\\vendor\\laravel\\framework\\src\\Illuminate\\Session\\Store.php(104): Illuminate\\Session\\Store->readFromHandler()
#20 D:\\praktikum_laravel\\laravelPraktikum\\vendor\\laravel\\framework\\src\\Illuminate\\Session\\Store.php(88): Illuminate\\Session\\Store->loadSession()
#21 D:\\praktikum_laravel\\laravelPraktikum\\vendor\\laravel\\framework\\src\\Illuminate\\Session\\Middleware\\StartSession.php(146): Illuminate\\Session\\Store->start()
#22 D:\\praktikum_laravel\\laravelPraktikum\\vendor\\laravel\\framework\\src\\Illuminate\\Support\\helpers.php(399): Illuminate\\Session\\Middleware\\StartSession->Illuminate\\Session\\Middleware\\{closure}(Object(Illuminate\\Session\\Store))
#23 D:\\praktikum_laravel\\laravelPraktikum\\vendor\\laravel\\framework\\src\\Illuminate\\Session\\Middleware\\StartSession.php(143): tap(Object(Illuminate\\Session\\Store), Object(Closure))
#24 D:\\praktikum_laravel\\laravelPraktikum\\vendor\\laravel\\framework\\src\\Illuminate\\Session\\Middleware\\StartSession.php(115): Illuminate\\Session\\Middleware\\StartSession->startSession(Object(Illuminate\\Http\\Request), Object(Illuminate\\Session\\Store))
#25 D:\\praktikum_laravel\\laravelPraktikum\\vendor\\laravel\\framework\\src\\Illuminate\\Session\\Middleware\\StartSession.php(63): Illuminate\\Session\\Middleware\\StartSession->handleStatefulRequest(Object(Illuminate\\Http\\Request), Object(Illuminate\\Session\\Store), Object(Closure))
#26 D:\\praktikum_laravel\\laravelPraktikum\\vendor\\laravel\\framework\\src\\Illuminate\\Pipeline\\Pipeline.php(208): Illuminate\\Session\\Middleware\\StartSession->handle(Object(Illuminate\\Http\\Request), Object(Closure))
#27 D:\\praktikum_laravel\\laravelPraktikum\\vendor\\laravel\\framework\\src\\Illuminate\\Cookie\\Middleware\\AddQueuedCookiesToResponse.php(36): Illuminate\\Pipeline\\Pipeline->Illuminate\\Pipeline\\{closure}(Object(Illuminate\\Http\\Request))
#28 D:\\praktikum_laravel\\laravelPraktikum\\vendor\\laravel\\framework\\src\\Illuminate\\Pipeline\\Pipeline.php(208): Illuminate\\Cookie\\Middleware\\AddQueuedCookiesToResponse->handle(Object(Illuminate\\Http\\Request), Object(Closure))
#29 D:\\praktikum_laravel\\laravelPraktikum\\vendor\\laravel\\framework\\src\\Illuminate\\Cookie\\Middleware\\EncryptCookies.php(74): Illuminate\\Pipeline\\Pipeline->Illuminate\\Pipeline\\{closure}(Object(Illuminate\\Http\\Request))
#30 D:\\praktikum_laravel\\laravelPraktikum\\vendor\\laravel\\framework\\src\\Illuminate\\Pipeline\\Pipeline.php(208): Illuminate\\Cookie\\Middleware\\EncryptCookies->handle(Object(Illuminate\\Http\\Request), Object(Closure))
#31 D:\\praktikum_laravel\\laravelPraktikum\\vendor\\laravel\\framework\\src\\Illuminate\\Pipeline\\Pipeline.php(126): Illuminate\\Pipeline\\Pipeline->Illuminate\\Pipeline\\{closure}(Object(Illuminate\\Http\\Request))
#32 D:\\praktikum_laravel\\laravelPraktikum\\vendor\\laravel\\framework\\src\\Illuminate\\Routing\\Router.php(807): Illuminate\\Pipeline\\Pipeline->then(Object(Closure))
#33 D:\\praktikum_laravel\\laravelPraktikum\\vendor\\laravel\\framework\\src\\Illuminate\\Routing\\Router.php(786): Illuminate\\Routing\\Router->runRouteWithinStack(Object(Illuminate\\Routing\\Route), Object(Illuminate\\Http\\Request))
#34 D:\\praktikum_laravel\\laravelPraktikum\\vendor\\laravel\\framework\\src\\Illuminate\\Routing\\Router.php(750): Illuminate\\Routing\\Router->runRoute(Object(Illuminate\\Http\\Request), Object(Illuminate\\Routing\\Route))
#35 D:\\praktikum_laravel\\laravelPraktikum\\vendor\\laravel\\framework\\src\\Illuminate\\Routing\\Router.php(739): Illuminate\\Routing\\Router->dispatchToRoute(Object(Illuminate\\Http\\Request))
#36 D:\\praktikum_laravel\\laravelPraktikum\\vendor\\laravel\\framework\\src\\Illuminate\\Foundation\\Http\\Kernel.php(200): Illuminate\\Routing\\Router->dispatch(Object(Illuminate\\Http\\Request))
#37 D:\\praktikum_laravel\\laravelPraktikum\\vendor\\laravel\\framework\\src\\Illuminate\\Pipeline\\Pipeline.php(169): Illuminate\\Foundation\\Http\\Kernel->Illuminate\\Foundation\\Http\\{closure}(Object(Illuminate\\Http\\Request))
#38 D:\\praktikum_laravel\\laravelPraktikum\\vendor\\laravel\\framework\\src\\Illuminate\\Foundation\\Http\\Middleware\\TransformsRequest.php(21): Illuminate\\Pipeline\\Pipeline->Illuminate\\Pipeline\\{closure}(Object(Illuminate\\Http\\Request))
#39 D:\\praktikum_laravel\\laravelPraktikum\\vendor\\laravel\\framework\\src\\Illuminate\\Foundation\\Http\\Middleware\\ConvertEmptyStringsToNull.php(31): Illuminate\\Foundation\\Http\\Middleware\\TransformsRequest->handle(Object(Illuminate\\Http\\Request), Object(Closure))
#40 D:\\praktikum_laravel\\laravelPraktikum\\vendor\\laravel\\framework\\src\\Illuminate\\Pipeline\\Pipeline.php(208): Illuminate\\Foundation\\Http\\Middleware\\ConvertEmptyStringsToNull->handle(Object(Illuminate\\Http\\Request), Object(Closure))
#41 D:\\praktikum_laravel\\laravelPraktikum\\vendor\\laravel\\framework\\src\\Illuminate\\Foundation\\Http\\Middleware\\TransformsRequest.php(21): Illuminate\\Pipeline\\Pipeline->Illuminate\\Pipeline\\{closure}(Object(Illuminate\\Http\\Request))
#42 D:\\praktikum_laravel\\laravelPraktikum\\vendor\\laravel\\framework\\src\\Illuminate\\Foundation\\Http\\Middleware\\TrimStrings.php(51): Illuminate\\Foundation\\Http\\Middleware\\TransformsRequest->handle(Object(Illuminate\\Http\\Request), Object(Closure))
#43 D:\\praktikum_laravel\\laravelPraktikum\\vendor\\laravel\\framework\\src\\Illuminate\\Pipeline\\Pipeline.php(208): Illuminate\\Foundation\\Http\\Middleware\\TrimStrings->handle(Object(Illuminate\\Http\\Request), Object(Closure))
#44 D:\\praktikum_laravel\\laravelPraktikum\\vendor\\laravel\\framework\\src\\Illuminate\\Http\\Middleware\\ValidatePostSize.php(27): Illuminate\\Pipeline\\Pipeline->Illuminate\\Pipeline\\{closure}(Object(Illuminate\\Http\\Request))
#45 D:\\praktikum_laravel\\laravelPraktikum\\vendor\\laravel\\framework\\src\\Illuminate\\Pipeline\\Pipeline.php(208): Illuminate\\Http\\Middleware\\ValidatePostSize->handle(Object(Illuminate\\Http\\Request), Object(Closure))
#46 D:\\praktikum_laravel\\laravelPraktikum\\vendor\\laravel\\framework\\src\\Illuminate\\Foundation\\Http\\Middleware\\PreventRequestsDuringMaintenance.php(109): Illuminate\\Pipeline\\Pipeline->Illuminate\\Pipeline\\{closure}(Object(Illuminate\\Http\\Request))
#47 D:\\praktikum_laravel\\laravelPraktikum\\vendor\\laravel\\framework\\src\\Illuminate\\Pipeline\\Pipeline.php(208): Illuminate\\Foundation\\Http\\Middleware\\PreventRequestsDuringMaintenance->handle(Object(Illuminate\\Http\\Request), Object(Closure))
#48 D:\\praktikum_laravel\\laravelPraktikum\\vendor\\laravel\\framework\\src\\Illuminate\\Http\\Middleware\\HandleCors.php(48): Illuminate\\Pipeline\\Pipeline->Illuminate\\Pipeline\\{closure}(Object(Illuminate\\Http\\Request))
#49 D:\\praktikum_laravel\\laravelPraktikum\\vendor\\laravel\\framework\\src\\Illuminate\\Pipeline\\Pipeline.php(208): Illuminate\\Http\\Middleware\\HandleCors->handle(Object(Illuminate\\Http\\Request), Object(Closure))
#50 D:\\praktikum_laravel\\laravelPraktikum\\vendor\\laravel\\framework\\src\\Illuminate\\Http\\Middleware\\TrustProxies.php(58): Illuminate\\Pipeline\\Pipeline->Illuminate\\Pipeline\\{closure}(Object(Illuminate\\Http\\Request))
#51 D:\\praktikum_laravel\\laravelPraktikum\\vendor\\laravel\\framework\\src\\Illuminate\\Pipeline\\Pipeline.php(208): Illuminate\\Http\\Middleware\\TrustProxies->handle(Object(Illuminate\\Http\\Request), Object(Closure))
#52 D:\\praktikum_laravel\\laravelPraktikum\\vendor\\laravel\\framework\\src\\Illuminate\\Foundation\\Http\\Middleware\\InvokeDeferredCallbacks.php(22): Illuminate\\Pipeline\\Pipeline->Illuminate\\Pipeline\\{closure}(Object(Illuminate\\Http\\Request))
#53 D:\\praktikum_laravel\\laravelPraktikum\\vendor\\laravel\\framework\\src\\Illuminate\\Pipeline\\Pipeline.php(208): Illuminate\\Foundation\\Http\\Middleware\\InvokeDeferredCallbacks->handle(Object(Illuminate\\Http\\Request), Object(Closure))
#54 D:\\praktikum_laravel\\laravelPraktikum\\vendor\\laravel\\framework\\src\\Illuminate\\Http\\Middleware\\ValidatePathEncoding.php(26): Illuminate\\Pipeline\\Pipeline->Illuminate\\Pipeline\\{closure}(Object(Illuminate\\Http\\Request))
#55 D:\\praktikum_laravel\\laravelPraktikum\\vendor\\laravel\\framework\\src\\Illuminate\\Pipeline\\Pipeline.php(208): Illuminate\\Http\\Middleware\\ValidatePathEncoding->handle(Object(Illuminate\\Http\\Request), Object(Closure))
#56 D:\\praktikum_laravel\\laravelPraktikum\\vendor\\laravel\\framework\\src\\Illuminate\\Pipeline\\Pipeline.php(126): Illuminate\\Pipeline\\Pipeline->Illuminate\\Pipeline\\{closure}(Object(Illuminate\\Http\\Request))
#57 D:\\praktikum_laravel\\laravelPraktikum\\vendor\\laravel\\framework\\src\\Illuminate\\Foundation\\Http\\Kernel.php(175): Illuminate\\Pipeline\\Pipeline->then(Object(Closure))
#58 D:\\praktikum_laravel\\laravelPraktikum\\vendor\\laravel\\framework\\src\\Illuminate\\Foundation\\Http\\Kernel.php(144): Illuminate\\Foundation\\Http\\Kernel->sendRequestThroughRouter(Object(Illuminate\\Http\\Request))
#59 D:\\praktikum_laravel\\laravelPraktikum\\vendor\\laravel\\framework\\src\\Illuminate\\Foundation\\Application.php(1219): Illuminate\\Foundation\\Http\\Kernel->handle(Object(Illuminate\\Http\\Request))
#60 D:\\praktikum_laravel\\laravelPraktikum\\public\\index.php(20): Illuminate\\Foundation\\Application->handleRequest(Object(Illuminate\\Http\\Request))
#61 D:\\praktikum_laravel\\laravelPraktikum\\vendor\\laravel\\framework\\src\\Illuminate\\Foundation\\resources\\server.php(23): require_once('D:\\\\praktikum_la...')
#62 {main}
"} 
[2025-05-13 12:16:41] local.ERROR: SQLSTATE[HY000] [1049] Unknown database 'laravelpraktikum' (Connection: mysql, SQL: select * from `sessions` where `id` = 4V5gFAPOhUKJKDPngXFmKaTGc1mUxubyAPrmvgdu limit 1) {"exception":"[object] (Illuminate\\Database\\QueryException(code: 1049): SQLSTATE[HY000] [1049] Unknown database 'laravelpraktikum' (Connection: mysql, SQL: select * from `sessions` where `id` = 4V5gFAPOhUKJKDPngXFmKaTGc1mUxubyAPrmvgdu limit 1) at D:\\praktikum_laravel\\laravelPraktikum\\vendor\\laravel\\framework\\src\\Illuminate\\Database\\Connection.php:822)
[stacktrace]
#0 D:\\praktikum_laravel\\laravelPraktikum\\vendor\\laravel\\framework\\src\\Illuminate\\Database\\Connection.php(776): Illuminate\\Database\\Connection->runQueryCallback('select * from `...', Array, Object(Closure))
#1 D:\\praktikum_laravel\\laravelPraktikum\\vendor\\laravel\\framework\\src\\Illuminate\\Database\\Connection.php(395): Illuminate\\Database\\Connection->run('select * from `...', Array, Object(Closure))
#2 D:\\praktikum_laravel\\laravelPraktikum\\vendor\\laravel\\framework\\src\\Illuminate\\Database\\Query\\Builder.php(3120): Illuminate\\Database\\Connection->select('select * from `...', Array, false)
#3 D:\\praktikum_laravel\\laravelPraktikum\\vendor\\laravel\\framework\\src\\Illuminate\\Database\\Query\\Builder.php(3105): Illuminate\\Database\\Query\\Builder->runSelect()
#4 D:\\praktikum_laravel\\laravelPraktikum\\vendor\\laravel\\framework\\src\\Illuminate\\Database\\Query\\Builder.php(3695): Illuminate\\Database\\Query\\Builder->Illuminate\\Database\\Query\\{closure}()
#5 D:\\praktikum_laravel\\laravelPraktikum\\vendor\\laravel\\framework\\src\\Illuminate\\Database\\Query\\Builder.php(3104): Illuminate\\Database\\Query\\Builder->onceWithColumns(Array, Object(Closure))
#6 D:\\praktikum_laravel\\laravelPraktikum\\vendor\\laravel\\framework\\src\\Illuminate\\Database\\Concerns\\BuildsQueries.php(366): Illuminate\\Database\\Query\\Builder->get(Array)
#7 D:\\praktikum_laravel\\laravelPraktikum\\vendor\\laravel\\framework\\src\\Illuminate\\Database\\Query\\Builder.php(3027): Illuminate\\Database\\Query\\Builder->first(Array)
#8 D:\\praktikum_laravel\\laravelPraktikum\\vendor\\laravel\\framework\\src\\Illuminate\\Session\\DatabaseSessionHandler.php(96): Illuminate\\Database\\Query\\Builder->find('4V5gFAPOhUKJKDP...')
#9 D:\\praktikum_laravel\\laravelPraktikum\\vendor\\laravel\\framework\\src\\Illuminate\\Session\\Store.php(116): Illuminate\\Session\\DatabaseSessionHandler->read('4V5gFAPOhUKJKDP...')
#10 D:\\praktikum_laravel\\laravelPraktikum\\vendor\\laravel\\framework\\src\\Illuminate\\Session\\Store.php(104): Illuminate\\Session\\Store->readFromHandler()
#11 D:\\praktikum_laravel\\laravelPraktikum\\vendor\\laravel\\framework\\src\\Illuminate\\Session\\Store.php(88): Illuminate\\Session\\Store->loadSession()
#12 D:\\praktikum_laravel\\laravelPraktikum\\vendor\\laravel\\framework\\src\\Illuminate\\Session\\Middleware\\StartSession.php(146): Illuminate\\Session\\Store->start()
#13 D:\\praktikum_laravel\\laravelPraktikum\\vendor\\laravel\\framework\\src\\Illuminate\\Support\\helpers.php(399): Illuminate\\Session\\Middleware\\StartSession->Illuminate\\Session\\Middleware\\{closure}(Object(Illuminate\\Session\\Store))
#14 D:\\praktikum_laravel\\laravelPraktikum\\vendor\\laravel\\framework\\src\\Illuminate\\Session\\Middleware\\StartSession.php(143): tap(Object(Illuminate\\Session\\Store), Object(Closure))
#15 D:\\praktikum_laravel\\laravelPraktikum\\vendor\\laravel\\framework\\src\\Illuminate\\Session\\Middleware\\StartSession.php(115): Illuminate\\Session\\Middleware\\StartSession->startSession(Object(Illuminate\\Http\\Request), Object(Illuminate\\Session\\Store))
#16 D:\\praktikum_laravel\\laravelPraktikum\\vendor\\laravel\\framework\\src\\Illuminate\\Session\\Middleware\\StartSession.php(63): Illuminate\\Session\\Middleware\\StartSession->handleStatefulRequest(Object(Illuminate\\Http\\Request), Object(Illuminate\\Session\\Store), Object(Closure))
#17 D:\\praktikum_laravel\\laravelPraktikum\\vendor\\laravel\\framework\\src\\Illuminate\\Pipeline\\Pipeline.php(208): Illuminate\\Session\\Middleware\\StartSession->handle(Object(Illuminate\\Http\\Request), Object(Closure))
#18 D:\\praktikum_laravel\\laravelPraktikum\\vendor\\laravel\\framework\\src\\Illuminate\\Cookie\\Middleware\\AddQueuedCookiesToResponse.php(36): Illuminate\\Pipeline\\Pipeline->Illuminate\\Pipeline\\{closure}(Object(Illuminate\\Http\\Request))
#19 D:\\praktikum_laravel\\laravelPraktikum\\vendor\\laravel\\framework\\src\\Illuminate\\Pipeline\\Pipeline.php(208): Illuminate\\Cookie\\Middleware\\AddQueuedCookiesToResponse->handle(Object(Illuminate\\Http\\Request), Object(Closure))
#20 D:\\praktikum_laravel\\laravelPraktikum\\vendor\\laravel\\framework\\src\\Illuminate\\Cookie\\Middleware\\EncryptCookies.php(74): Illuminate\\Pipeline\\Pipeline->Illuminate\\Pipeline\\{closure}(Object(Illuminate\\Http\\Request))
#21 D:\\praktikum_laravel\\laravelPraktikum\\vendor\\laravel\\framework\\src\\Illuminate\\Pipeline\\Pipeline.php(208): Illuminate\\Cookie\\Middleware\\EncryptCookies->handle(Object(Illuminate\\Http\\Request), Object(Closure))
#22 D:\\praktikum_laravel\\laravelPraktikum\\vendor\\laravel\\framework\\src\\Illuminate\\Pipeline\\Pipeline.php(126): Illuminate\\Pipeline\\Pipeline->Illuminate\\Pipeline\\{closure}(Object(Illuminate\\Http\\Request))
#23 D:\\praktikum_laravel\\laravelPraktikum\\vendor\\laravel\\framework\\src\\Illuminate\\Routing\\Router.php(807): Illuminate\\Pipeline\\Pipeline->then(Object(Closure))
#24 D:\\praktikum_laravel\\laravelPraktikum\\vendor\\laravel\\framework\\src\\Illuminate\\Routing\\Router.php(786): Illuminate\\Routing\\Router->runRouteWithinStack(Object(Illuminate\\Routing\\Route), Object(Illuminate\\Http\\Request))
#25 D:\\praktikum_laravel\\laravelPraktikum\\vendor\\laravel\\framework\\src\\Illuminate\\Routing\\Router.php(750): Illuminate\\Routing\\Router->runRoute(Object(Illuminate\\Http\\Request), Object(Illuminate\\Routing\\Route))
#26 D:\\praktikum_laravel\\laravelPraktikum\\vendor\\laravel\\framework\\src\\Illuminate\\Routing\\Router.php(739): Illuminate\\Routing\\Router->dispatchToRoute(Object(Illuminate\\Http\\Request))
#27 D:\\praktikum_laravel\\laravelPraktikum\\vendor\\laravel\\framework\\src\\Illuminate\\Foundation\\Http\\Kernel.php(200): Illuminate\\Routing\\Router->dispatch(Object(Illuminate\\Http\\Request))
#28 D:\\praktikum_laravel\\laravelPraktikum\\vendor\\laravel\\framework\\src\\Illuminate\\Pipeline\\Pipeline.php(169): Illuminate\\Foundation\\Http\\Kernel->Illuminate\\Foundation\\Http\\{closure}(Object(Illuminate\\Http\\Request))
#29 D:\\praktikum_laravel\\laravelPraktikum\\vendor\\laravel\\framework\\src\\Illuminate\\Foundation\\Http\\Middleware\\TransformsRequest.php(21): Illuminate\\Pipeline\\Pipeline->Illuminate\\Pipeline\\{closure}(Object(Illuminate\\Http\\Request))
#30 D:\\praktikum_laravel\\laravelPraktikum\\vendor\\laravel\\framework\\src\\Illuminate\\Foundation\\Http\\Middleware\\ConvertEmptyStringsToNull.php(31): Illuminate\\Foundation\\Http\\Middleware\\TransformsRequest->handle(Object(Illuminate\\Http\\Request), Object(Closure))
#31 D:\\praktikum_laravel\\laravelPraktikum\\vendor\\laravel\\framework\\src\\Illuminate\\Pipeline\\Pipeline.php(208): Illuminate\\Foundation\\Http\\Middleware\\ConvertEmptyStringsToNull->handle(Object(Illuminate\\Http\\Request), Object(Closure))
#32 D:\\praktikum_laravel\\laravelPraktikum\\vendor\\laravel\\framework\\src\\Illuminate\\Foundation\\Http\\Middleware\\TransformsRequest.php(21): Illuminate\\Pipeline\\Pipeline->Illuminate\\Pipeline\\{closure}(Object(Illuminate\\Http\\Request))
#33 D:\\praktikum_laravel\\laravelPraktikum\\vendor\\laravel\\framework\\src\\Illuminate\\Foundation\\Http\\Middleware\\TrimStrings.php(51): Illuminate\\Foundation\\Http\\Middleware\\TransformsRequest->handle(Object(Illuminate\\Http\\Request), Object(Closure))
#34 D:\\praktikum_laravel\\laravelPraktikum\\vendor\\laravel\\framework\\src\\Illuminate\\Pipeline\\Pipeline.php(208): Illuminate\\Foundation\\Http\\Middleware\\TrimStrings->handle(Object(Illuminate\\Http\\Request), Object(Closure))
#35 D:\\praktikum_laravel\\laravelPraktikum\\vendor\\laravel\\framework\\src\\Illuminate\\Http\\Middleware\\ValidatePostSize.php(27): Illuminate\\Pipeline\\Pipeline->Illuminate\\Pipeline\\{closure}(Object(Illuminate\\Http\\Request))
#36 D:\\praktikum_laravel\\laravelPraktikum\\vendor\\laravel\\framework\\src\\Illuminate\\Pipeline\\Pipeline.php(208): Illuminate\\Http\\Middleware\\ValidatePostSize->handle(Object(Illuminate\\Http\\Request), Object(Closure))
#37 D:\\praktikum_laravel\\laravelPraktikum\\vendor\\laravel\\framework\\src\\Illuminate\\Foundation\\Http\\Middleware\\PreventRequestsDuringMaintenance.php(109): Illuminate\\Pipeline\\Pipeline->Illuminate\\Pipeline\\{closure}(Object(Illuminate\\Http\\Request))
#38 D:\\praktikum_laravel\\laravelPraktikum\\vendor\\laravel\\framework\\src\\Illuminate\\Pipeline\\Pipeline.php(208): Illuminate\\Foundation\\Http\\Middleware\\PreventRequestsDuringMaintenance->handle(Object(Illuminate\\Http\\Request), Object(Closure))
#39 D:\\praktikum_laravel\\laravelPraktikum\\vendor\\laravel\\framework\\src\\Illuminate\\Http\\Middleware\\HandleCors.php(48): Illuminate\\Pipeline\\Pipeline->Illuminate\\Pipeline\\{closure}(Object(Illuminate\\Http\\Request))
#40 D:\\praktikum_laravel\\laravelPraktikum\\vendor\\laravel\\framework\\src\\Illuminate\\Pipeline\\Pipeline.php(208): Illuminate\\Http\\Middleware\\HandleCors->handle(Object(Illuminate\\Http\\Request), Object(Closure))
#41 D:\\praktikum_laravel\\laravelPraktikum\\vendor\\laravel\\framework\\src\\Illuminate\\Http\\Middleware\\TrustProxies.php(58): Illuminate\\Pipeline\\Pipeline->Illuminate\\Pipeline\\{closure}(Object(Illuminate\\Http\\Request))
#42 D:\\praktikum_laravel\\laravelPraktikum\\vendor\\laravel\\framework\\src\\Illuminate\\Pipeline\\Pipeline.php(208): Illuminate\\Http\\Middleware\\TrustProxies->handle(Object(Illuminate\\Http\\Request), Object(Closure))
#43 D:\\praktikum_laravel\\laravelPraktikum\\vendor\\laravel\\framework\\src\\Illuminate\\Foundation\\Http\\Middleware\\InvokeDeferredCallbacks.php(22): Illuminate\\Pipeline\\Pipeline->Illuminate\\Pipeline\\{closure}(Object(Illuminate\\Http\\Request))
#44 D:\\praktikum_laravel\\laravelPraktikum\\vendor\\laravel\\framework\\src\\Illuminate\\Pipeline\\Pipeline.php(208): Illuminate\\Foundation\\Http\\Middleware\\InvokeDeferredCallbacks->handle(Object(Illuminate\\Http\\Request), Object(Closure))
#45 D:\\praktikum_laravel\\laravelPraktikum\\vendor\\laravel\\framework\\src\\Illuminate\\Http\\Middleware\\ValidatePathEncoding.php(26): Illuminate\\Pipeline\\Pipeline->Illuminate\\Pipeline\\{closure}(Object(Illuminate\\Http\\Request))
#46 D:\\praktikum_laravel\\laravelPraktikum\\vendor\\laravel\\framework\\src\\Illuminate\\Pipeline\\Pipeline.php(208): Illuminate\\Http\\Middleware\\ValidatePathEncoding->handle(Object(Illuminate\\Http\\Request), Object(Closure))
#47 D:\\praktikum_laravel\\laravelPraktikum\\vendor\\laravel\\framework\\src\\Illuminate\\Pipeline\\Pipeline.php(126): Illuminate\\Pipeline\\Pipeline->Illuminate\\Pipeline\\{closure}(Object(Illuminate\\Http\\Request))
#48 D:\\praktikum_laravel\\laravelPraktikum\\vendor\\laravel\\framework\\src\\Illuminate\\Foundation\\Http\\Kernel.php(175): Illuminate\\Pipeline\\Pipeline->then(Object(Closure))
#49 D:\\praktikum_laravel\\laravelPraktikum\\vendor\\laravel\\framework\\src\\Illuminate\\Foundation\\Http\\Kernel.php(144): Illuminate\\Foundation\\Http\\Kernel->sendRequestThroughRouter(Object(Illuminate\\Http\\Request))
#50 D:\\praktikum_laravel\\laravelPraktikum\\vendor\\laravel\\framework\\src\\Illuminate\\Foundation\\Application.php(1219): Illuminate\\Foundation\\Http\\Kernel->handle(Object(Illuminate\\Http\\Request))
#51 D:\\praktikum_laravel\\laravelPraktikum\\public\\index.php(20): Illuminate\\Foundation\\Application->handleRequest(Object(Illuminate\\Http\\Request))
#52 D:\\praktikum_laravel\\laravelPraktikum\\vendor\\laravel\\framework\\src\\Illuminate\\Foundation\\resources\\server.php(23): require_once('D:\\\\praktikum_la...')
#53 {main}

[previous exception] [object] (PDOException(code: 1049): SQLSTATE[HY000] [1049] Unknown database 'laravelpraktikum' at D:\\praktikum_laravel\\laravelPraktikum\\vendor\\laravel\\framework\\src\\Illuminate\\Database\\Connectors\\Connector.php:66)
[stacktrace]
#0 D:\\praktikum_laravel\\laravelPraktikum\\vendor\\laravel\\framework\\src\\Illuminate\\Database\\Connectors\\Connector.php(66): PDO->__construct('mysql:host=127....', 'root', Object(SensitiveParameterValue), Array)
#1 D:\\praktikum_laravel\\laravelPraktikum\\vendor\\laravel\\framework\\src\\Illuminate\\Database\\Connectors\\Connector.php(44): Illuminate\\Database\\Connectors\\Connector->createPdoConnection('mysql:host=127....', 'root', Object(SensitiveParameterValue), Array)
#2 D:\\praktikum_laravel\\laravelPraktikum\\vendor\\laravel\\framework\\src\\Illuminate\\Database\\Connectors\\MySqlConnector.php(24): Illuminate\\Database\\Connectors\\Connector->createConnection('mysql:host=127....', Array, Array)
#3 D:\\praktikum_laravel\\laravelPraktikum\\vendor\\laravel\\framework\\src\\Illuminate\\Database\\Connectors\\ConnectionFactory.php(184): Illuminate\\Database\\Connectors\\MySqlConnector->connect(Array)
#4 [internal function]: Illuminate\\Database\\Connectors\\ConnectionFactory->Illuminate\\Database\\Connectors\\{closure}()
#5 D:\\praktikum_laravel\\laravelPraktikum\\vendor\\laravel\\framework\\src\\Illuminate\\Database\\Connection.php(1228): call_user_func(Object(Closure))
#6 D:\\praktikum_laravel\\laravelPraktikum\\vendor\\laravel\\framework\\src\\Illuminate\\Database\\Connection.php(509): Illuminate\\Database\\Connection->getPdo()
#7 D:\\praktikum_laravel\\laravelPraktikum\\vendor\\laravel\\framework\\src\\Illuminate\\Database\\Connection.php(404): Illuminate\\Database\\Connection->getPdoForSelect(false)
#8 D:\\praktikum_laravel\\laravelPraktikum\\vendor\\laravel\\framework\\src\\Illuminate\\Database\\Connection.php(809): Illuminate\\Database\\Connection->Illuminate\\Database\\{closure}('select * from `...', Array)
#9 D:\\praktikum_laravel\\laravelPraktikum\\vendor\\laravel\\framework\\src\\Illuminate\\Database\\Connection.php(776): Illuminate\\Database\\Connection->runQueryCallback('select * from `...', Array, Object(Closure))
#10 D:\\praktikum_laravel\\laravelPraktikum\\vendor\\laravel\\framework\\src\\Illuminate\\Database\\Connection.php(395): Illuminate\\Database\\Connection->run('select * from `...', Array, Object(Closure))
#11 D:\\praktikum_laravel\\laravelPraktikum\\vendor\\laravel\\framework\\src\\Illuminate\\Database\\Query\\Builder.php(3120): Illuminate\\Database\\Connection->select('select * from `...', Array, false)
#12 D:\\praktikum_laravel\\laravelPraktikum\\vendor\\laravel\\framework\\src\\Illuminate\\Database\\Query\\Builder.php(3105): Illuminate\\Database\\Query\\Builder->runSelect()
#13 D:\\praktikum_laravel\\laravelPraktikum\\vendor\\laravel\\framework\\src\\Illuminate\\Database\\Query\\Builder.php(3695): Illuminate\\Database\\Query\\Builder->Illuminate\\Database\\Query\\{closure}()
#14 D:\\praktikum_laravel\\laravelPraktikum\\vendor\\laravel\\framework\\src\\Illuminate\\Database\\Query\\Builder.php(3104): Illuminate\\Database\\Query\\Builder->onceWithColumns(Array, Object(Closure))
#15 D:\\praktikum_laravel\\laravelPraktikum\\vendor\\laravel\\framework\\src\\Illuminate\\Database\\Concerns\\BuildsQueries.php(366): Illuminate\\Database\\Query\\Builder->get(Array)
#16 D:\\praktikum_laravel\\laravelPraktikum\\vendor\\laravel\\framework\\src\\Illuminate\\Database\\Query\\Builder.php(3027): Illuminate\\Database\\Query\\Builder->first(Array)
#17 D:\\praktikum_laravel\\laravelPraktikum\\vendor\\laravel\\framework\\src\\Illuminate\\Session\\DatabaseSessionHandler.php(96): Illuminate\\Database\\Query\\Builder->find('4V5gFAPOhUKJKDP...')
#18 D:\\praktikum_laravel\\laravelPraktikum\\vendor\\laravel\\framework\\src\\Illuminate\\Session\\Store.php(116): Illuminate\\Session\\DatabaseSessionHandler->read('4V5gFAPOhUKJKDP...')
#19 D:\\praktikum_laravel\\laravelPraktikum\\vendor\\laravel\\framework\\src\\Illuminate\\Session\\Store.php(104): Illuminate\\Session\\Store->readFromHandler()
#20 D:\\praktikum_laravel\\laravelPraktikum\\vendor\\laravel\\framework\\src\\Illuminate\\Session\\Store.php(88): Illuminate\\Session\\Store->loadSession()
#21 D:\\praktikum_laravel\\laravelPraktikum\\vendor\\laravel\\framework\\src\\Illuminate\\Session\\Middleware\\StartSession.php(146): Illuminate\\Session\\Store->start()
#22 D:\\praktikum_laravel\\laravelPraktikum\\vendor\\laravel\\framework\\src\\Illuminate\\Support\\helpers.php(399): Illuminate\\Session\\Middleware\\StartSession->Illuminate\\Session\\Middleware\\{closure}(Object(Illuminate\\Session\\Store))
#23 D:\\praktikum_laravel\\laravelPraktikum\\vendor\\laravel\\framework\\src\\Illuminate\\Session\\Middleware\\StartSession.php(143): tap(Object(Illuminate\\Session\\Store), Object(Closure))
#24 D:\\praktikum_laravel\\laravelPraktikum\\vendor\\laravel\\framework\\src\\Illuminate\\Session\\Middleware\\StartSession.php(115): Illuminate\\Session\\Middleware\\StartSession->startSession(Object(Illuminate\\Http\\Request), Object(Illuminate\\Session\\Store))
#25 D:\\praktikum_laravel\\laravelPraktikum\\vendor\\laravel\\framework\\src\\Illuminate\\Session\\Middleware\\StartSession.php(63): Illuminate\\Session\\Middleware\\StartSession->handleStatefulRequest(Object(Illuminate\\Http\\Request), Object(Illuminate\\Session\\Store), Object(Closure))
#26 D:\\praktikum_laravel\\laravelPraktikum\\vendor\\laravel\\framework\\src\\Illuminate\\Pipeline\\Pipeline.php(208): Illuminate\\Session\\Middleware\\StartSession->handle(Object(Illuminate\\Http\\Request), Object(Closure))
#27 D:\\praktikum_laravel\\laravelPraktikum\\vendor\\laravel\\framework\\src\\Illuminate\\Cookie\\Middleware\\AddQueuedCookiesToResponse.php(36): Illuminate\\Pipeline\\Pipeline->Illuminate\\Pipeline\\{closure}(Object(Illuminate\\Http\\Request))
#28 D:\\praktikum_laravel\\laravelPraktikum\\vendor\\laravel\\framework\\src\\Illuminate\\Pipeline\\Pipeline.php(208): Illuminate\\Cookie\\Middleware\\AddQueuedCookiesToResponse->handle(Object(Illuminate\\Http\\Request), Object(Closure))
#29 D:\\praktikum_laravel\\laravelPraktikum\\vendor\\laravel\\framework\\src\\Illuminate\\Cookie\\Middleware\\EncryptCookies.php(74): Illuminate\\Pipeline\\Pipeline->Illuminate\\Pipeline\\{closure}(Object(Illuminate\\Http\\Request))
#30 D:\\praktikum_laravel\\laravelPraktikum\\vendor\\laravel\\framework\\src\\Illuminate\\Pipeline\\Pipeline.php(208): Illuminate\\Cookie\\Middleware\\EncryptCookies->handle(Object(Illuminate\\Http\\Request), Object(Closure))
#31 D:\\praktikum_laravel\\laravelPraktikum\\vendor\\laravel\\framework\\src\\Illuminate\\Pipeline\\Pipeline.php(126): Illuminate\\Pipeline\\Pipeline->Illuminate\\Pipeline\\{closure}(Object(Illuminate\\Http\\Request))
#32 D:\\praktikum_laravel\\laravelPraktikum\\vendor\\laravel\\framework\\src\\Illuminate\\Routing\\Router.php(807): Illuminate\\Pipeline\\Pipeline->then(Object(Closure))
#33 D:\\praktikum_laravel\\laravelPraktikum\\vendor\\laravel\\framework\\src\\Illuminate\\Routing\\Router.php(786): Illuminate\\Routing\\Router->runRouteWithinStack(Object(Illuminate\\Routing\\Route), Object(Illuminate\\Http\\Request))
#34 D:\\praktikum_laravel\\laravelPraktikum\\vendor\\laravel\\framework\\src\\Illuminate\\Routing\\Router.php(750): Illuminate\\Routing\\Router->runRoute(Object(Illuminate\\Http\\Request), Object(Illuminate\\Routing\\Route))
#35 D:\\praktikum_laravel\\laravelPraktikum\\vendor\\laravel\\framework\\src\\Illuminate\\Routing\\Router.php(739): Illuminate\\Routing\\Router->dispatchToRoute(Object(Illuminate\\Http\\Request))
#36 D:\\praktikum_laravel\\laravelPraktikum\\vendor\\laravel\\framework\\src\\Illuminate\\Foundation\\Http\\Kernel.php(200): Illuminate\\Routing\\Router->dispatch(Object(Illuminate\\Http\\Request))
#37 D:\\praktikum_laravel\\laravelPraktikum\\vendor\\laravel\\framework\\src\\Illuminate\\Pipeline\\Pipeline.php(169): Illuminate\\Foundation\\Http\\Kernel->Illuminate\\Foundation\\Http\\{closure}(Object(Illuminate\\Http\\Request))
#38 D:\\praktikum_laravel\\laravelPraktikum\\vendor\\laravel\\framework\\src\\Illuminate\\Foundation\\Http\\Middleware\\TransformsRequest.php(21): Illuminate\\Pipeline\\Pipeline->Illuminate\\Pipeline\\{closure}(Object(Illuminate\\Http\\Request))
#39 D:\\praktikum_laravel\\laravelPraktikum\\vendor\\laravel\\framework\\src\\Illuminate\\Foundation\\Http\\Middleware\\ConvertEmptyStringsToNull.php(31): Illuminate\\Foundation\\Http\\Middleware\\TransformsRequest->handle(Object(Illuminate\\Http\\Request), Object(Closure))
#40 D:\\praktikum_laravel\\laravelPraktikum\\vendor\\laravel\\framework\\src\\Illuminate\\Pipeline\\Pipeline.php(208): Illuminate\\Foundation\\Http\\Middleware\\ConvertEmptyStringsToNull->handle(Object(Illuminate\\Http\\Request), Object(Closure))
#41 D:\\praktikum_laravel\\laravelPraktikum\\vendor\\laravel\\framework\\src\\Illuminate\\Foundation\\Http\\Middleware\\TransformsRequest.php(21): Illuminate\\Pipeline\\Pipeline->Illuminate\\Pipeline\\{closure}(Object(Illuminate\\Http\\Request))
#42 D:\\praktikum_laravel\\laravelPraktikum\\vendor\\laravel\\framework\\src\\Illuminate\\Foundation\\Http\\Middleware\\TrimStrings.php(51): Illuminate\\Foundation\\Http\\Middleware\\TransformsRequest->handle(Object(Illuminate\\Http\\Request), Object(Closure))
#43 D:\\praktikum_laravel\\laravelPraktikum\\vendor\\laravel\\framework\\src\\Illuminate\\Pipeline\\Pipeline.php(208): Illuminate\\Foundation\\Http\\Middleware\\TrimStrings->handle(Object(Illuminate\\Http\\Request), Object(Closure))
#44 D:\\praktikum_laravel\\laravelPraktikum\\vendor\\laravel\\framework\\src\\Illuminate\\Http\\Middleware\\ValidatePostSize.php(27): Illuminate\\Pipeline\\Pipeline->Illuminate\\Pipeline\\{closure}(Object(Illuminate\\Http\\Request))
#45 D:\\praktikum_laravel\\laravelPraktikum\\vendor\\laravel\\framework\\src\\Illuminate\\Pipeline\\Pipeline.php(208): Illuminate\\Http\\Middleware\\ValidatePostSize->handle(Object(Illuminate\\Http\\Request), Object(Closure))
#46 D:\\praktikum_laravel\\laravelPraktikum\\vendor\\laravel\\framework\\src\\Illuminate\\Foundation\\Http\\Middleware\\PreventRequestsDuringMaintenance.php(109): Illuminate\\Pipeline\\Pipeline->Illuminate\\Pipeline\\{closure}(Object(Illuminate\\Http\\Request))
#47 D:\\praktikum_laravel\\laravelPraktikum\\vendor\\laravel\\framework\\src\\Illuminate\\Pipeline\\Pipeline.php(208): Illuminate\\Foundation\\Http\\Middleware\\PreventRequestsDuringMaintenance->handle(Object(Illuminate\\Http\\Request), Object(Closure))
#48 D:\\praktikum_laravel\\laravelPraktikum\\vendor\\laravel\\framework\\src\\Illuminate\\Http\\Middleware\\HandleCors.php(48): Illuminate\\Pipeline\\Pipeline->Illuminate\\Pipeline\\{closure}(Object(Illuminate\\Http\\Request))
#49 D:\\praktikum_laravel\\laravelPraktikum\\vendor\\laravel\\framework\\src\\Illuminate\\Pipeline\\Pipeline.php(208): Illuminate\\Http\\Middleware\\HandleCors->handle(Object(Illuminate\\Http\\Request), Object(Closure))
#50 D:\\praktikum_laravel\\laravelPraktikum\\vendor\\laravel\\framework\\src\\Illuminate\\Http\\Middleware\\TrustProxies.php(58): Illuminate\\Pipeline\\Pipeline->Illuminate\\Pipeline\\{closure}(Object(Illuminate\\Http\\Request))
#51 D:\\praktikum_laravel\\laravelPraktikum\\vendor\\laravel\\framework\\src\\Illuminate\\Pipeline\\Pipeline.php(208): Illuminate\\Http\\Middleware\\TrustProxies->handle(Object(Illuminate\\Http\\Request), Object(Closure))
#52 D:\\praktikum_laravel\\laravelPraktikum\\vendor\\laravel\\framework\\src\\Illuminate\\Foundation\\Http\\Middleware\\InvokeDeferredCallbacks.php(22): Illuminate\\Pipeline\\Pipeline->Illuminate\\Pipeline\\{closure}(Object(Illuminate\\Http\\Request))
#53 D:\\praktikum_laravel\\laravelPraktikum\\vendor\\laravel\\framework\\src\\Illuminate\\Pipeline\\Pipeline.php(208): Illuminate\\Foundation\\Http\\Middleware\\InvokeDeferredCallbacks->handle(Object(Illuminate\\Http\\Request), Object(Closure))
#54 D:\\praktikum_laravel\\laravelPraktikum\\vendor\\laravel\\framework\\src\\Illuminate\\Http\\Middleware\\ValidatePathEncoding.php(26): Illuminate\\Pipeline\\Pipeline->Illuminate\\Pipeline\\{closure}(Object(Illuminate\\Http\\Request))
#55 D:\\praktikum_laravel\\laravelPraktikum\\vendor\\laravel\\framework\\src\\Illuminate\\Pipeline\\Pipeline.php(208): Illuminate\\Http\\Middleware\\ValidatePathEncoding->handle(Object(Illuminate\\Http\\Request), Object(Closure))
#56 D:\\praktikum_laravel\\laravelPraktikum\\vendor\\laravel\\framework\\src\\Illuminate\\Pipeline\\Pipeline.php(126): Illuminate\\Pipeline\\Pipeline->Illuminate\\Pipeline\\{closure}(Object(Illuminate\\Http\\Request))
#57 D:\\praktikum_laravel\\laravelPraktikum\\vendor\\laravel\\framework\\src\\Illuminate\\Foundation\\Http\\Kernel.php(175): Illuminate\\Pipeline\\Pipeline->then(Object(Closure))
#58 D:\\praktikum_laravel\\laravelPraktikum\\vendor\\laravel\\framework\\src\\Illuminate\\Foundation\\Http\\Kernel.php(144): Illuminate\\Foundation\\Http\\Kernel->sendRequestThroughRouter(Object(Illuminate\\Http\\Request))
#59 D:\\praktikum_laravel\\laravelPraktikum\\vendor\\laravel\\framework\\src\\Illuminate\\Foundation\\Application.php(1219): Illuminate\\Foundation\\Http\\Kernel->handle(Object(Illuminate\\Http\\Request))
#60 D:\\praktikum_laravel\\laravelPraktikum\\public\\index.php(20): Illuminate\\Foundation\\Application->handleRequest(Object(Illuminate\\Http\\Request))
#61 D:\\praktikum_laravel\\laravelPraktikum\\vendor\\laravel\\framework\\src\\Illuminate\\Foundation\\resources\\server.php(23): require_once('D:\\\\praktikum_la...')
#62 {main}
"} 
[2025-05-14 05:19:57] local.ERROR: SQLSTATE[HY000] [2002] No connection could be made because the target machine actively refused it (Connection: mysql, SQL: select * from `sessions` where `id` = TtBRPQKMl5YjMypKcjFadfXwyBLfRkBUXMgVsziy limit 1) {"exception":"[object] (Illuminate\\Database\\QueryException(code: 2002): SQLSTATE[HY000] [2002] No connection could be made because the target machine actively refused it (Connection: mysql, SQL: select * from `sessions` where `id` = TtBRPQKMl5YjMypKcjFadfXwyBLfRkBUXMgVsziy limit 1) at D:\\praktikum_laravel\\laravelPraktikum\\vendor\\laravel\\framework\\src\\Illuminate\\Database\\Connection.php:822)
[stacktrace]
#0 D:\\praktikum_laravel\\laravelPraktikum\\vendor\\laravel\\framework\\src\\Illuminate\\Database\\Connection.php(976): Illuminate\\Database\\Connection->runQueryCallback('select * from `...', Array, Object(Closure))
#1 D:\\praktikum_laravel\\laravelPraktikum\\vendor\\laravel\\framework\\src\\Illuminate\\Database\\Connection.php(955): Illuminate\\Database\\Connection->tryAgainIfCausedByLostConnection(Object(Illuminate\\Database\\QueryException), 'select * from `...', Array, Object(Closure))
#2 D:\\praktikum_laravel\\laravelPraktikum\\vendor\\laravel\\framework\\src\\Illuminate\\Database\\Connection.php(778): Illuminate\\Database\\Connection->handleQueryException(Object(Illuminate\\Database\\QueryException), 'select * from `...', Array, Object(Closure))
#3 D:\\praktikum_laravel\\laravelPraktikum\\vendor\\laravel\\framework\\src\\Illuminate\\Database\\Connection.php(395): Illuminate\\Database\\Connection->run('select * from `...', Array, Object(Closure))
#4 D:\\praktikum_laravel\\laravelPraktikum\\vendor\\laravel\\framework\\src\\Illuminate\\Database\\Query\\Builder.php(3120): Illuminate\\Database\\Connection->select('select * from `...', Array, false)
#5 D:\\praktikum_laravel\\laravelPraktikum\\vendor\\laravel\\framework\\src\\Illuminate\\Database\\Query\\Builder.php(3105): Illuminate\\Database\\Query\\Builder->runSelect()
#6 D:\\praktikum_laravel\\laravelPraktikum\\vendor\\laravel\\framework\\src\\Illuminate\\Database\\Query\\Builder.php(3695): Illuminate\\Database\\Query\\Builder->Illuminate\\Database\\Query\\{closure}()
#7 D:\\praktikum_laravel\\laravelPraktikum\\vendor\\laravel\\framework\\src\\Illuminate\\Database\\Query\\Builder.php(3104): Illuminate\\Database\\Query\\Builder->onceWithColumns(Array, Object(Closure))
#8 D:\\praktikum_laravel\\laravelPraktikum\\vendor\\laravel\\framework\\src\\Illuminate\\Database\\Concerns\\BuildsQueries.php(366): Illuminate\\Database\\Query\\Builder->get(Array)
#9 D:\\praktikum_laravel\\laravelPraktikum\\vendor\\laravel\\framework\\src\\Illuminate\\Database\\Query\\Builder.php(3027): Illuminate\\Database\\Query\\Builder->first(Array)
#10 D:\\praktikum_laravel\\laravelPraktikum\\vendor\\laravel\\framework\\src\\Illuminate\\Session\\DatabaseSessionHandler.php(96): Illuminate\\Database\\Query\\Builder->find('TtBRPQKMl5YjMyp...')
#11 D:\\praktikum_laravel\\laravelPraktikum\\vendor\\laravel\\framework\\src\\Illuminate\\Session\\Store.php(116): Illuminate\\Session\\DatabaseSessionHandler->read('TtBRPQKMl5YjMyp...')
#12 D:\\praktikum_laravel\\laravelPraktikum\\vendor\\laravel\\framework\\src\\Illuminate\\Session\\Store.php(104): Illuminate\\Session\\Store->readFromHandler()
#13 D:\\praktikum_laravel\\laravelPraktikum\\vendor\\laravel\\framework\\src\\Illuminate\\Session\\Store.php(88): Illuminate\\Session\\Store->loadSession()
#14 D:\\praktikum_laravel\\laravelPraktikum\\vendor\\laravel\\framework\\src\\Illuminate\\Session\\Middleware\\StartSession.php(146): Illuminate\\Session\\Store->start()
#15 D:\\praktikum_laravel\\laravelPraktikum\\vendor\\laravel\\framework\\src\\Illuminate\\Support\\helpers.php(399): Illuminate\\Session\\Middleware\\StartSession->Illuminate\\Session\\Middleware\\{closure}(Object(Illuminate\\Session\\Store))
#16 D:\\praktikum_laravel\\laravelPraktikum\\vendor\\laravel\\framework\\src\\Illuminate\\Session\\Middleware\\StartSession.php(143): tap(Object(Illuminate\\Session\\Store), Object(Closure))
#17 D:\\praktikum_laravel\\laravelPraktikum\\vendor\\laravel\\framework\\src\\Illuminate\\Session\\Middleware\\StartSession.php(115): Illuminate\\Session\\Middleware\\StartSession->startSession(Object(Illuminate\\Http\\Request), Object(Illuminate\\Session\\Store))
#18 D:\\praktikum_laravel\\laravelPraktikum\\vendor\\laravel\\framework\\src\\Illuminate\\Session\\Middleware\\StartSession.php(63): Illuminate\\Session\\Middleware\\StartSession->handleStatefulRequest(Object(Illuminate\\Http\\Request), Object(Illuminate\\Session\\Store), Object(Closure))
#19 D:\\praktikum_laravel\\laravelPraktikum\\vendor\\laravel\\framework\\src\\Illuminate\\Pipeline\\Pipeline.php(208): Illuminate\\Session\\Middleware\\StartSession->handle(Object(Illuminate\\Http\\Request), Object(Closure))
#20 D:\\praktikum_laravel\\laravelPraktikum\\vendor\\laravel\\framework\\src\\Illuminate\\Cookie\\Middleware\\AddQueuedCookiesToResponse.php(36): Illuminate\\Pipeline\\Pipeline->Illuminate\\Pipeline\\{closure}(Object(Illuminate\\Http\\Request))
#21 D:\\praktikum_laravel\\laravelPraktikum\\vendor\\laravel\\framework\\src\\Illuminate\\Pipeline\\Pipeline.php(208): Illuminate\\Cookie\\Middleware\\AddQueuedCookiesToResponse->handle(Object(Illuminate\\Http\\Request), Object(Closure))
#22 D:\\praktikum_laravel\\laravelPraktikum\\vendor\\laravel\\framework\\src\\Illuminate\\Cookie\\Middleware\\EncryptCookies.php(74): Illuminate\\Pipeline\\Pipeline->Illuminate\\Pipeline\\{closure}(Object(Illuminate\\Http\\Request))
#23 D:\\praktikum_laravel\\laravelPraktikum\\vendor\\laravel\\framework\\src\\Illuminate\\Pipeline\\Pipeline.php(208): Illuminate\\Cookie\\Middleware\\EncryptCookies->handle(Object(Illuminate\\Http\\Request), Object(Closure))
#24 D:\\praktikum_laravel\\laravelPraktikum\\vendor\\laravel\\framework\\src\\Illuminate\\Pipeline\\Pipeline.php(126): Illuminate\\Pipeline\\Pipeline->Illuminate\\Pipeline\\{closure}(Object(Illuminate\\Http\\Request))
#25 D:\\praktikum_laravel\\laravelPraktikum\\vendor\\laravel\\framework\\src\\Illuminate\\Routing\\Router.php(807): Illuminate\\Pipeline\\Pipeline->then(Object(Closure))
#26 D:\\praktikum_laravel\\laravelPraktikum\\vendor\\laravel\\framework\\src\\Illuminate\\Routing\\Router.php(786): Illuminate\\Routing\\Router->runRouteWithinStack(Object(Illuminate\\Routing\\Route), Object(Illuminate\\Http\\Request))
#27 D:\\praktikum_laravel\\laravelPraktikum\\vendor\\laravel\\framework\\src\\Illuminate\\Routing\\Router.php(750): Illuminate\\Routing\\Router->runRoute(Object(Illuminate\\Http\\Request), Object(Illuminate\\Routing\\Route))
#28 D:\\praktikum_laravel\\laravelPraktikum\\vendor\\laravel\\framework\\src\\Illuminate\\Routing\\Router.php(739): Illuminate\\Routing\\Router->dispatchToRoute(Object(Illuminate\\Http\\Request))
#29 D:\\praktikum_laravel\\laravelPraktikum\\vendor\\laravel\\framework\\src\\Illuminate\\Foundation\\Http\\Kernel.php(200): Illuminate\\Routing\\Router->dispatch(Object(Illuminate\\Http\\Request))
#30 D:\\praktikum_laravel\\laravelPraktikum\\vendor\\laravel\\framework\\src\\Illuminate\\Pipeline\\Pipeline.php(169): Illuminate\\Foundation\\Http\\Kernel->Illuminate\\Foundation\\Http\\{closure}(Object(Illuminate\\Http\\Request))
#31 D:\\praktikum_laravel\\laravelPraktikum\\vendor\\laravel\\framework\\src\\Illuminate\\Foundation\\Http\\Middleware\\TransformsRequest.php(21): Illuminate\\Pipeline\\Pipeline->Illuminate\\Pipeline\\{closure}(Object(Illuminate\\Http\\Request))
#32 D:\\praktikum_laravel\\laravelPraktikum\\vendor\\laravel\\framework\\src\\Illuminate\\Foundation\\Http\\Middleware\\ConvertEmptyStringsToNull.php(31): Illuminate\\Foundation\\Http\\Middleware\\TransformsRequest->handle(Object(Illuminate\\Http\\Request), Object(Closure))
#33 D:\\praktikum_laravel\\laravelPraktikum\\vendor\\laravel\\framework\\src\\Illuminate\\Pipeline\\Pipeline.php(208): Illuminate\\Foundation\\Http\\Middleware\\ConvertEmptyStringsToNull->handle(Object(Illuminate\\Http\\Request), Object(Closure))
#34 D:\\praktikum_laravel\\laravelPraktikum\\vendor\\laravel\\framework\\src\\Illuminate\\Foundation\\Http\\Middleware\\TransformsRequest.php(21): Illuminate\\Pipeline\\Pipeline->Illuminate\\Pipeline\\{closure}(Object(Illuminate\\Http\\Request))
#35 D:\\praktikum_laravel\\laravelPraktikum\\vendor\\laravel\\framework\\src\\Illuminate\\Foundation\\Http\\Middleware\\TrimStrings.php(51): Illuminate\\Foundation\\Http\\Middleware\\TransformsRequest->handle(Object(Illuminate\\Http\\Request), Object(Closure))
#36 D:\\praktikum_laravel\\laravelPraktikum\\vendor\\laravel\\framework\\src\\Illuminate\\Pipeline\\Pipeline.php(208): Illuminate\\Foundation\\Http\\Middleware\\TrimStrings->handle(Object(Illuminate\\Http\\Request), Object(Closure))
#37 D:\\praktikum_laravel\\laravelPraktikum\\vendor\\laravel\\framework\\src\\Illuminate\\Http\\Middleware\\ValidatePostSize.php(27): Illuminate\\Pipeline\\Pipeline->Illuminate\\Pipeline\\{closure}(Object(Illuminate\\Http\\Request))
#38 D:\\praktikum_laravel\\laravelPraktikum\\vendor\\laravel\\framework\\src\\Illuminate\\Pipeline\\Pipeline.php(208): Illuminate\\Http\\Middleware\\ValidatePostSize->handle(Object(Illuminate\\Http\\Request), Object(Closure))
#39 D:\\praktikum_laravel\\laravelPraktikum\\vendor\\laravel\\framework\\src\\Illuminate\\Foundation\\Http\\Middleware\\PreventRequestsDuringMaintenance.php(109): Illuminate\\Pipeline\\Pipeline->Illuminate\\Pipeline\\{closure}(Object(Illuminate\\Http\\Request))
#40 D:\\praktikum_laravel\\laravelPraktikum\\vendor\\laravel\\framework\\src\\Illuminate\\Pipeline\\Pipeline.php(208): Illuminate\\Foundation\\Http\\Middleware\\PreventRequestsDuringMaintenance->handle(Object(Illuminate\\Http\\Request), Object(Closure))
#41 D:\\praktikum_laravel\\laravelPraktikum\\vendor\\laravel\\framework\\src\\Illuminate\\Http\\Middleware\\HandleCors.php(48): Illuminate\\Pipeline\\Pipeline->Illuminate\\Pipeline\\{closure}(Object(Illuminate\\Http\\Request))
#42 D:\\praktikum_laravel\\laravelPraktikum\\vendor\\laravel\\framework\\src\\Illuminate\\Pipeline\\Pipeline.php(208): Illuminate\\Http\\Middleware\\HandleCors->handle(Object(Illuminate\\Http\\Request), Object(Closure))
#43 D:\\praktikum_laravel\\laravelPraktikum\\vendor\\laravel\\framework\\src\\Illuminate\\Http\\Middleware\\TrustProxies.php(58): Illuminate\\Pipeline\\Pipeline->Illuminate\\Pipeline\\{closure}(Object(Illuminate\\Http\\Request))
#44 D:\\praktikum_laravel\\laravelPraktikum\\vendor\\laravel\\framework\\src\\Illuminate\\Pipeline\\Pipeline.php(208): Illuminate\\Http\\Middleware\\TrustProxies->handle(Object(Illuminate\\Http\\Request), Object(Closure))
#45 D:\\praktikum_laravel\\laravelPraktikum\\vendor\\laravel\\framework\\src\\Illuminate\\Foundation\\Http\\Middleware\\InvokeDeferredCallbacks.php(22): Illuminate\\Pipeline\\Pipeline->Illuminate\\Pipeline\\{closure}(Object(Illuminate\\Http\\Request))
#46 D:\\praktikum_laravel\\laravelPraktikum\\vendor\\laravel\\framework\\src\\Illuminate\\Pipeline\\Pipeline.php(208): Illuminate\\Foundation\\Http\\Middleware\\InvokeDeferredCallbacks->handle(Object(Illuminate\\Http\\Request), Object(Closure))
#47 D:\\praktikum_laravel\\laravelPraktikum\\vendor\\laravel\\framework\\src\\Illuminate\\Http\\Middleware\\ValidatePathEncoding.php(26): Illuminate\\Pipeline\\Pipeline->Illuminate\\Pipeline\\{closure}(Object(Illuminate\\Http\\Request))
#48 D:\\praktikum_laravel\\laravelPraktikum\\vendor\\laravel\\framework\\src\\Illuminate\\Pipeline\\Pipeline.php(208): Illuminate\\Http\\Middleware\\ValidatePathEncoding->handle(Object(Illuminate\\Http\\Request), Object(Closure))
#49 D:\\praktikum_laravel\\laravelPraktikum\\vendor\\laravel\\framework\\src\\Illuminate\\Pipeline\\Pipeline.php(126): Illuminate\\Pipeline\\Pipeline->Illuminate\\Pipeline\\{closure}(Object(Illuminate\\Http\\Request))
#50 D:\\praktikum_laravel\\laravelPraktikum\\vendor\\laravel\\framework\\src\\Illuminate\\Foundation\\Http\\Kernel.php(175): Illuminate\\Pipeline\\Pipeline->then(Object(Closure))
#51 D:\\praktikum_laravel\\laravelPraktikum\\vendor\\laravel\\framework\\src\\Illuminate\\Foundation\\Http\\Kernel.php(144): Illuminate\\Foundation\\Http\\Kernel->sendRequestThroughRouter(Object(Illuminate\\Http\\Request))
#52 D:\\praktikum_laravel\\laravelPraktikum\\vendor\\laravel\\framework\\src\\Illuminate\\Foundation\\Application.php(1219): Illuminate\\Foundation\\Http\\Kernel->handle(Object(Illuminate\\Http\\Request))
#53 D:\\praktikum_laravel\\laravelPraktikum\\public\\index.php(20): Illuminate\\Foundation\\Application->handleRequest(Object(Illuminate\\Http\\Request))
#54 D:\\praktikum_laravel\\laravelPraktikum\\vendor\\laravel\\framework\\src\\Illuminate\\Foundation\\resources\\server.php(23): require_once('D:\\\\praktikum_la...')
#55 {main}

[previous exception] [object] (PDOException(code: 2002): SQLSTATE[HY000] [2002] No connection could be made because the target machine actively refused it at D:\\praktikum_laravel\\laravelPraktikum\\vendor\\laravel\\framework\\src\\Illuminate\\Database\\Connectors\\Connector.php:66)
[stacktrace]
#0 D:\\praktikum_laravel\\laravelPraktikum\\vendor\\laravel\\framework\\src\\Illuminate\\Database\\Connectors\\Connector.php(66): PDO->__construct('mysql:host=127....', 'root', Object(SensitiveParameterValue), Array)
#1 D:\\praktikum_laravel\\laravelPraktikum\\vendor\\laravel\\framework\\src\\Illuminate\\Database\\Connectors\\Connector.php(85): Illuminate\\Database\\Connectors\\Connector->createPdoConnection('mysql:host=127....', 'root', Object(SensitiveParameterValue), Array)
#2 D:\\praktikum_laravel\\laravelPraktikum\\vendor\\laravel\\framework\\src\\Illuminate\\Database\\Connectors\\Connector.php(48): Illuminate\\Database\\Connectors\\Connector->tryAgainIfCausedByLostConnection(Object(PDOException), 'mysql:host=127....', 'root', Object(SensitiveParameterValue), Array)
#3 D:\\praktikum_laravel\\laravelPraktikum\\vendor\\laravel\\framework\\src\\Illuminate\\Database\\Connectors\\MySqlConnector.php(24): Illuminate\\Database\\Connectors\\Connector->createConnection('mysql:host=127....', Array, Array)
#4 D:\\praktikum_laravel\\laravelPraktikum\\vendor\\laravel\\framework\\src\\Illuminate\\Database\\Connectors\\ConnectionFactory.php(184): Illuminate\\Database\\Connectors\\MySqlConnector->connect(Array)
#5 [internal function]: Illuminate\\Database\\Connectors\\ConnectionFactory->Illuminate\\Database\\Connectors\\{closure}()
#6 D:\\praktikum_laravel\\laravelPraktikum\\vendor\\laravel\\framework\\src\\Illuminate\\Database\\Connection.php(1228): call_user_func(Object(Closure))
#7 D:\\praktikum_laravel\\laravelPraktikum\\vendor\\laravel\\framework\\src\\Illuminate\\Database\\Connection.php(509): Illuminate\\Database\\Connection->getPdo()
#8 D:\\praktikum_laravel\\laravelPraktikum\\vendor\\laravel\\framework\\src\\Illuminate\\Database\\Connection.php(404): Illuminate\\Database\\Connection->getPdoForSelect(false)
#9 D:\\praktikum_laravel\\laravelPraktikum\\vendor\\laravel\\framework\\src\\Illuminate\\Database\\Connection.php(809): Illuminate\\Database\\Connection->Illuminate\\Database\\{closure}('select * from `...', Array)
#10 D:\\praktikum_laravel\\laravelPraktikum\\vendor\\laravel\\framework\\src\\Illuminate\\Database\\Connection.php(976): Illuminate\\Database\\Connection->runQueryCallback('select * from `...', Array, Object(Closure))
#11 D:\\praktikum_laravel\\laravelPraktikum\\vendor\\laravel\\framework\\src\\Illuminate\\Database\\Connection.php(955): Illuminate\\Database\\Connection->tryAgainIfCausedByLostConnection(Object(Illuminate\\Database\\QueryException), 'select * from `...', Array, Object(Closure))
#12 D:\\praktikum_laravel\\laravelPraktikum\\vendor\\laravel\\framework\\src\\Illuminate\\Database\\Connection.php(778): Illuminate\\Database\\Connection->handleQueryException(Object(Illuminate\\Database\\QueryException), 'select * from `...', Array, Object(Closure))
#13 D:\\praktikum_laravel\\laravelPraktikum\\vendor\\laravel\\framework\\src\\Illuminate\\Database\\Connection.php(395): Illuminate\\Database\\Connection->run('select * from `...', Array, Object(Closure))
#14 D:\\praktikum_laravel\\laravelPraktikum\\vendor\\laravel\\framework\\src\\Illuminate\\Database\\Query\\Builder.php(3120): Illuminate\\Database\\Connection->select('select * from `...', Array, false)
#15 D:\\praktikum_laravel\\laravelPraktikum\\vendor\\laravel\\framework\\src\\Illuminate\\Database\\Query\\Builder.php(3105): Illuminate\\Database\\Query\\Builder->runSelect()
#16 D:\\praktikum_laravel\\laravelPraktikum\\vendor\\laravel\\framework\\src\\Illuminate\\Database\\Query\\Builder.php(3695): Illuminate\\Database\\Query\\Builder->Illuminate\\Database\\Query\\{closure}()
#17 D:\\praktikum_laravel\\laravelPraktikum\\vendor\\laravel\\framework\\src\\Illuminate\\Database\\Query\\Builder.php(3104): Illuminate\\Database\\Query\\Builder->onceWithColumns(Array, Object(Closure))
#18 D:\\praktikum_laravel\\laravelPraktikum\\vendor\\laravel\\framework\\src\\Illuminate\\Database\\Concerns\\BuildsQueries.php(366): Illuminate\\Database\\Query\\Builder->get(Array)
#19 D:\\praktikum_laravel\\laravelPraktikum\\vendor\\laravel\\framework\\src\\Illuminate\\Database\\Query\\Builder.php(3027): Illuminate\\Database\\Query\\Builder->first(Array)
#20 D:\\praktikum_laravel\\laravelPraktikum\\vendor\\laravel\\framework\\src\\Illuminate\\Session\\DatabaseSessionHandler.php(96): Illuminate\\Database\\Query\\Builder->find('TtBRPQKMl5YjMyp...')
#21 D:\\praktikum_laravel\\laravelPraktikum\\vendor\\laravel\\framework\\src\\Illuminate\\Session\\Store.php(116): Illuminate\\Session\\DatabaseSessionHandler->read('TtBRPQKMl5YjMyp...')
#22 D:\\praktikum_laravel\\laravelPraktikum\\vendor\\laravel\\framework\\src\\Illuminate\\Session\\Store.php(104): Illuminate\\Session\\Store->readFromHandler()
#23 D:\\praktikum_laravel\\laravelPraktikum\\vendor\\laravel\\framework\\src\\Illuminate\\Session\\Store.php(88): Illuminate\\Session\\Store->loadSession()
#24 D:\\praktikum_laravel\\laravelPraktikum\\vendor\\laravel\\framework\\src\\Illuminate\\Session\\Middleware\\StartSession.php(146): Illuminate\\Session\\Store->start()
#25 D:\\praktikum_laravel\\laravelPraktikum\\vendor\\laravel\\framework\\src\\Illuminate\\Support\\helpers.php(399): Illuminate\\Session\\Middleware\\StartSession->Illuminate\\Session\\Middleware\\{closure}(Object(Illuminate\\Session\\Store))
#26 D:\\praktikum_laravel\\laravelPraktikum\\vendor\\laravel\\framework\\src\\Illuminate\\Session\\Middleware\\StartSession.php(143): tap(Object(Illuminate\\Session\\Store), Object(Closure))
#27 D:\\praktikum_laravel\\laravelPraktikum\\vendor\\laravel\\framework\\src\\Illuminate\\Session\\Middleware\\StartSession.php(115): Illuminate\\Session\\Middleware\\StartSession->startSession(Object(Illuminate\\Http\\Request), Object(Illuminate\\Session\\Store))
#28 D:\\praktikum_laravel\\laravelPraktikum\\vendor\\laravel\\framework\\src\\Illuminate\\Session\\Middleware\\StartSession.php(63): Illuminate\\Session\\Middleware\\StartSession->handleStatefulRequest(Object(Illuminate\\Http\\Request), Object(Illuminate\\Session\\Store), Object(Closure))
#29 D:\\praktikum_laravel\\laravelPraktikum\\vendor\\laravel\\framework\\src\\Illuminate\\Pipeline\\Pipeline.php(208): Illuminate\\Session\\Middleware\\StartSession->handle(Object(Illuminate\\Http\\Request), Object(Closure))
#30 D:\\praktikum_laravel\\laravelPraktikum\\vendor\\laravel\\framework\\src\\Illuminate\\Cookie\\Middleware\\AddQueuedCookiesToResponse.php(36): Illuminate\\Pipeline\\Pipeline->Illuminate\\Pipeline\\{closure}(Object(Illuminate\\Http\\Request))
#31 D:\\praktikum_laravel\\laravelPraktikum\\vendor\\laravel\\framework\\src\\Illuminate\\Pipeline\\Pipeline.php(208): Illuminate\\Cookie\\Middleware\\AddQueuedCookiesToResponse->handle(Object(Illuminate\\Http\\Request), Object(Closure))
#32 D:\\praktikum_laravel\\laravelPraktikum\\vendor\\laravel\\framework\\src\\Illuminate\\Cookie\\Middleware\\EncryptCookies.php(74): Illuminate\\Pipeline\\Pipeline->Illuminate\\Pipeline\\{closure}(Object(Illuminate\\Http\\Request))
#33 D:\\praktikum_laravel\\laravelPraktikum\\vendor\\laravel\\framework\\src\\Illuminate\\Pipeline\\Pipeline.php(208): Illuminate\\Cookie\\Middleware\\EncryptCookies->handle(Object(Illuminate\\Http\\Request), Object(Closure))
#34 D:\\praktikum_laravel\\laravelPraktikum\\vendor\\laravel\\framework\\src\\Illuminate\\Pipeline\\Pipeline.php(126): Illuminate\\Pipeline\\Pipeline->Illuminate\\Pipeline\\{closure}(Object(Illuminate\\Http\\Request))
#35 D:\\praktikum_laravel\\laravelPraktikum\\vendor\\laravel\\framework\\src\\Illuminate\\Routing\\Router.php(807): Illuminate\\Pipeline\\Pipeline->then(Object(Closure))
#36 D:\\praktikum_laravel\\laravelPraktikum\\vendor\\laravel\\framework\\src\\Illuminate\\Routing\\Router.php(786): Illuminate\\Routing\\Router->runRouteWithinStack(Object(Illuminate\\Routing\\Route), Object(Illuminate\\Http\\Request))
#37 D:\\praktikum_laravel\\laravelPraktikum\\vendor\\laravel\\framework\\src\\Illuminate\\Routing\\Router.php(750): Illuminate\\Routing\\Router->runRoute(Object(Illuminate\\Http\\Request), Object(Illuminate\\Routing\\Route))
#38 D:\\praktikum_laravel\\laravelPraktikum\\vendor\\laravel\\framework\\src\\Illuminate\\Routing\\Router.php(739): Illuminate\\Routing\\Router->dispatchToRoute(Object(Illuminate\\Http\\Request))
#39 D:\\praktikum_laravel\\laravelPraktikum\\vendor\\laravel\\framework\\src\\Illuminate\\Foundation\\Http\\Kernel.php(200): Illuminate\\Routing\\Router->dispatch(Object(Illuminate\\Http\\Request))
#40 D:\\praktikum_laravel\\laravelPraktikum\\vendor\\laravel\\framework\\src\\Illuminate\\Pipeline\\Pipeline.php(169): Illuminate\\Foundation\\Http\\Kernel->Illuminate\\Foundation\\Http\\{closure}(Object(Illuminate\\Http\\Request))
#41 D:\\praktikum_laravel\\laravelPraktikum\\vendor\\laravel\\framework\\src\\Illuminate\\Foundation\\Http\\Middleware\\TransformsRequest.php(21): Illuminate\\Pipeline\\Pipeline->Illuminate\\Pipeline\\{closure}(Object(Illuminate\\Http\\Request))
#42 D:\\praktikum_laravel\\laravelPraktikum\\vendor\\laravel\\framework\\src\\Illuminate\\Foundation\\Http\\Middleware\\ConvertEmptyStringsToNull.php(31): Illuminate\\Foundation\\Http\\Middleware\\TransformsRequest->handle(Object(Illuminate\\Http\\Request), Object(Closure))
#43 D:\\praktikum_laravel\\laravelPraktikum\\vendor\\laravel\\framework\\src\\Illuminate\\Pipeline\\Pipeline.php(208): Illuminate\\Foundation\\Http\\Middleware\\ConvertEmptyStringsToNull->handle(Object(Illuminate\\Http\\Request), Object(Closure))
#44 D:\\praktikum_laravel\\laravelPraktikum\\vendor\\laravel\\framework\\src\\Illuminate\\Foundation\\Http\\Middleware\\TransformsRequest.php(21): Illuminate\\Pipeline\\Pipeline->Illuminate\\Pipeline\\{closure}(Object(Illuminate\\Http\\Request))
#45 D:\\praktikum_laravel\\laravelPraktikum\\vendor\\laravel\\framework\\src\\Illuminate\\Foundation\\Http\\Middleware\\TrimStrings.php(51): Illuminate\\Foundation\\Http\\Middleware\\TransformsRequest->handle(Object(Illuminate\\Http\\Request), Object(Closure))
#46 D:\\praktikum_laravel\\laravelPraktikum\\vendor\\laravel\\framework\\src\\Illuminate\\Pipeline\\Pipeline.php(208): Illuminate\\Foundation\\Http\\Middleware\\TrimStrings->handle(Object(Illuminate\\Http\\Request), Object(Closure))
#47 D:\\praktikum_laravel\\laravelPraktikum\\vendor\\laravel\\framework\\src\\Illuminate\\Http\\Middleware\\ValidatePostSize.php(27): Illuminate\\Pipeline\\Pipeline->Illuminate\\Pipeline\\{closure}(Object(Illuminate\\Http\\Request))
#48 D:\\praktikum_laravel\\laravelPraktikum\\vendor\\laravel\\framework\\src\\Illuminate\\Pipeline\\Pipeline.php(208): Illuminate\\Http\\Middleware\\ValidatePostSize->handle(Object(Illuminate\\Http\\Request), Object(Closure))
#49 D:\\praktikum_laravel\\laravelPraktikum\\vendor\\laravel\\framework\\src\\Illuminate\\Foundation\\Http\\Middleware\\PreventRequestsDuringMaintenance.php(109): Illuminate\\Pipeline\\Pipeline->Illuminate\\Pipeline\\{closure}(Object(Illuminate\\Http\\Request))
#50 D:\\praktikum_laravel\\laravelPraktikum\\vendor\\laravel\\framework\\src\\Illuminate\\Pipeline\\Pipeline.php(208): Illuminate\\Foundation\\Http\\Middleware\\PreventRequestsDuringMaintenance->handle(Object(Illuminate\\Http\\Request), Object(Closure))
#51 D:\\praktikum_laravel\\laravelPraktikum\\vendor\\laravel\\framework\\src\\Illuminate\\Http\\Middleware\\HandleCors.php(48): Illuminate\\Pipeline\\Pipeline->Illuminate\\Pipeline\\{closure}(Object(Illuminate\\Http\\Request))
#52 D:\\praktikum_laravel\\laravelPraktikum\\vendor\\laravel\\framework\\src\\Illuminate\\Pipeline\\Pipeline.php(208): Illuminate\\Http\\Middleware\\HandleCors->handle(Object(Illuminate\\Http\\Request), Object(Closure))
#53 D:\\praktikum_laravel\\laravelPraktikum\\vendor\\laravel\\framework\\src\\Illuminate\\Http\\Middleware\\TrustProxies.php(58): Illuminate\\Pipeline\\Pipeline->Illuminate\\Pipeline\\{closure}(Object(Illuminate\\Http\\Request))
#54 D:\\praktikum_laravel\\laravelPraktikum\\vendor\\laravel\\framework\\src\\Illuminate\\Pipeline\\Pipeline.php(208): Illuminate\\Http\\Middleware\\TrustProxies->handle(Object(Illuminate\\Http\\Request), Object(Closure))
#55 D:\\praktikum_laravel\\laravelPraktikum\\vendor\\laravel\\framework\\src\\Illuminate\\Foundation\\Http\\Middleware\\InvokeDeferredCallbacks.php(22): Illuminate\\Pipeline\\Pipeline->Illuminate\\Pipeline\\{closure}(Object(Illuminate\\Http\\Request))
#56 D:\\praktikum_laravel\\laravelPraktikum\\vendor\\laravel\\framework\\src\\Illuminate\\Pipeline\\Pipeline.php(208): Illuminate\\Foundation\\Http\\Middleware\\InvokeDeferredCallbacks->handle(Object(Illuminate\\Http\\Request), Object(Closure))
#57 D:\\praktikum_laravel\\laravelPraktikum\\vendor\\laravel\\framework\\src\\Illuminate\\Http\\Middleware\\ValidatePathEncoding.php(26): Illuminate\\Pipeline\\Pipeline->Illuminate\\Pipeline\\{closure}(Object(Illuminate\\Http\\Request))
#58 D:\\praktikum_laravel\\laravelPraktikum\\vendor\\laravel\\framework\\src\\Illuminate\\Pipeline\\Pipeline.php(208): Illuminate\\Http\\Middleware\\ValidatePathEncoding->handle(Object(Illuminate\\Http\\Request), Object(Closure))
#59 D:\\praktikum_laravel\\laravelPraktikum\\vendor\\laravel\\framework\\src\\Illuminate\\Pipeline\\Pipeline.php(126): Illuminate\\Pipeline\\Pipeline->Illuminate\\Pipeline\\{closure}(Object(Illuminate\\Http\\Request))
#60 D:\\praktikum_laravel\\laravelPraktikum\\vendor\\laravel\\framework\\src\\Illuminate\\Foundation\\Http\\Kernel.php(175): Illuminate\\Pipeline\\Pipeline->then(Object(Closure))
#61 D:\\praktikum_laravel\\laravelPraktikum\\vendor\\laravel\\framework\\src\\Illuminate\\Foundation\\Http\\Kernel.php(144): Illuminate\\Foundation\\Http\\Kernel->sendRequestThroughRouter(Object(Illuminate\\Http\\Request))
#62 D:\\praktikum_laravel\\laravelPraktikum\\vendor\\laravel\\framework\\src\\Illuminate\\Foundation\\Application.php(1219): Illuminate\\Foundation\\Http\\Kernel->handle(Object(Illuminate\\Http\\Request))
#63 D:\\praktikum_laravel\\laravelPraktikum\\public\\index.php(20): Illuminate\\Foundation\\Application->handleRequest(Object(Illuminate\\Http\\Request))
#64 D:\\praktikum_laravel\\laravelPraktikum\\vendor\\laravel\\framework\\src\\Illuminate\\Foundation\\resources\\server.php(23): require_once('D:\\\\praktikum_la...')
#65 {main}
"} 
[2025-05-14 05:30:48] local.ERROR: SQLSTATE[HY000] [2002] No connection could be made because the target machine actively refused it (Connection: mysql, SQL: select * from `sessions` where `id` = h4VUCjgCjNDm2sFGdj5e0PgR0T0WNz5n0oyH3m04 limit 1) {"exception":"[object] (Illuminate\\Database\\QueryException(code: 2002): SQLSTATE[HY000] [2002] No connection could be made because the target machine actively refused it (Connection: mysql, SQL: select * from `sessions` where `id` = h4VUCjgCjNDm2sFGdj5e0PgR0T0WNz5n0oyH3m04 limit 1) at D:\\praktikum_laravel\\laravelPraktikum\\vendor\\laravel\\framework\\src\\Illuminate\\Database\\Connection.php:822)
[stacktrace]
#0 D:\\praktikum_laravel\\laravelPraktikum\\vendor\\laravel\\framework\\src\\Illuminate\\Database\\Connection.php(976): Illuminate\\Database\\Connection->runQueryCallback('select * from `...', Array, Object(Closure))
#1 D:\\praktikum_laravel\\laravelPraktikum\\vendor\\laravel\\framework\\src\\Illuminate\\Database\\Connection.php(955): Illuminate\\Database\\Connection->tryAgainIfCausedByLostConnection(Object(Illuminate\\Database\\QueryException), 'select * from `...', Array, Object(Closure))
#2 D:\\praktikum_laravel\\laravelPraktikum\\vendor\\laravel\\framework\\src\\Illuminate\\Database\\Connection.php(778): Illuminate\\Database\\Connection->handleQueryException(Object(Illuminate\\Database\\QueryException), 'select * from `...', Array, Object(Closure))
#3 D:\\praktikum_laravel\\laravelPraktikum\\vendor\\laravel\\framework\\src\\Illuminate\\Database\\Connection.php(395): Illuminate\\Database\\Connection->run('select * from `...', Array, Object(Closure))
#4 D:\\praktikum_laravel\\laravelPraktikum\\vendor\\laravel\\framework\\src\\Illuminate\\Database\\Query\\Builder.php(3120): Illuminate\\Database\\Connection->select('select * from `...', Array, false)
#5 D:\\praktikum_laravel\\laravelPraktikum\\vendor\\laravel\\framework\\src\\Illuminate\\Database\\Query\\Builder.php(3105): Illuminate\\Database\\Query\\Builder->runSelect()
#6 D:\\praktikum_laravel\\laravelPraktikum\\vendor\\laravel\\framework\\src\\Illuminate\\Database\\Query\\Builder.php(3695): Illuminate\\Database\\Query\\Builder->Illuminate\\Database\\Query\\{closure}()
#7 D:\\praktikum_laravel\\laravelPraktikum\\vendor\\laravel\\framework\\src\\Illuminate\\Database\\Query\\Builder.php(3104): Illuminate\\Database\\Query\\Builder->onceWithColumns(Array, Object(Closure))
#8 D:\\praktikum_laravel\\laravelPraktikum\\vendor\\laravel\\framework\\src\\Illuminate\\Database\\Concerns\\BuildsQueries.php(366): Illuminate\\Database\\Query\\Builder->get(Array)
#9 D:\\praktikum_laravel\\laravelPraktikum\\vendor\\laravel\\framework\\src\\Illuminate\\Database\\Query\\Builder.php(3027): Illuminate\\Database\\Query\\Builder->first(Array)
#10 D:\\praktikum_laravel\\laravelPraktikum\\vendor\\laravel\\framework\\src\\Illuminate\\Session\\DatabaseSessionHandler.php(96): Illuminate\\Database\\Query\\Builder->find('h4VUCjgCjNDm2sF...')
#11 D:\\praktikum_laravel\\laravelPraktikum\\vendor\\laravel\\framework\\src\\Illuminate\\Session\\Store.php(116): Illuminate\\Session\\DatabaseSessionHandler->read('h4VUCjgCjNDm2sF...')
#12 D:\\praktikum_laravel\\laravelPraktikum\\vendor\\laravel\\framework\\src\\Illuminate\\Session\\Store.php(104): Illuminate\\Session\\Store->readFromHandler()
#13 D:\\praktikum_laravel\\laravelPraktikum\\vendor\\laravel\\framework\\src\\Illuminate\\Session\\Store.php(88): Illuminate\\Session\\Store->loadSession()
#14 D:\\praktikum_laravel\\laravelPraktikum\\vendor\\laravel\\framework\\src\\Illuminate\\Session\\Middleware\\StartSession.php(146): Illuminate\\Session\\Store->start()
#15 D:\\praktikum_laravel\\laravelPraktikum\\vendor\\laravel\\framework\\src\\Illuminate\\Support\\helpers.php(399): Illuminate\\Session\\Middleware\\StartSession->Illuminate\\Session\\Middleware\\{closure}(Object(Illuminate\\Session\\Store))
#16 D:\\praktikum_laravel\\laravelPraktikum\\vendor\\laravel\\framework\\src\\Illuminate\\Session\\Middleware\\StartSession.php(143): tap(Object(Illuminate\\Session\\Store), Object(Closure))
#17 D:\\praktikum_laravel\\laravelPraktikum\\vendor\\laravel\\framework\\src\\Illuminate\\Session\\Middleware\\StartSession.php(115): Illuminate\\Session\\Middleware\\StartSession->startSession(Object(Illuminate\\Http\\Request), Object(Illuminate\\Session\\Store))
#18 D:\\praktikum_laravel\\laravelPraktikum\\vendor\\laravel\\framework\\src\\Illuminate\\Session\\Middleware\\StartSession.php(63): Illuminate\\Session\\Middleware\\StartSession->handleStatefulRequest(Object(Illuminate\\Http\\Request), Object(Illuminate\\Session\\Store), Object(Closure))
#19 D:\\praktikum_laravel\\laravelPraktikum\\vendor\\laravel\\framework\\src\\Illuminate\\Pipeline\\Pipeline.php(208): Illuminate\\Session\\Middleware\\StartSession->handle(Object(Illuminate\\Http\\Request), Object(Closure))
#20 D:\\praktikum_laravel\\laravelPraktikum\\vendor\\laravel\\framework\\src\\Illuminate\\Cookie\\Middleware\\AddQueuedCookiesToResponse.php(36): Illuminate\\Pipeline\\Pipeline->Illuminate\\Pipeline\\{closure}(Object(Illuminate\\Http\\Request))
#21 D:\\praktikum_laravel\\laravelPraktikum\\vendor\\laravel\\framework\\src\\Illuminate\\Pipeline\\Pipeline.php(208): Illuminate\\Cookie\\Middleware\\AddQueuedCookiesToResponse->handle(Object(Illuminate\\Http\\Request), Object(Closure))
#22 D:\\praktikum_laravel\\laravelPraktikum\\vendor\\laravel\\framework\\src\\Illuminate\\Cookie\\Middleware\\EncryptCookies.php(74): Illuminate\\Pipeline\\Pipeline->Illuminate\\Pipeline\\{closure}(Object(Illuminate\\Http\\Request))
#23 D:\\praktikum_laravel\\laravelPraktikum\\vendor\\laravel\\framework\\src\\Illuminate\\Pipeline\\Pipeline.php(208): Illuminate\\Cookie\\Middleware\\EncryptCookies->handle(Object(Illuminate\\Http\\Request), Object(Closure))
#24 D:\\praktikum_laravel\\laravelPraktikum\\vendor\\laravel\\framework\\src\\Illuminate\\Pipeline\\Pipeline.php(126): Illuminate\\Pipeline\\Pipeline->Illuminate\\Pipeline\\{closure}(Object(Illuminate\\Http\\Request))
#25 D:\\praktikum_laravel\\laravelPraktikum\\vendor\\laravel\\framework\\src\\Illuminate\\Routing\\Router.php(807): Illuminate\\Pipeline\\Pipeline->then(Object(Closure))
#26 D:\\praktikum_laravel\\laravelPraktikum\\vendor\\laravel\\framework\\src\\Illuminate\\Routing\\Router.php(786): Illuminate\\Routing\\Router->runRouteWithinStack(Object(Illuminate\\Routing\\Route), Object(Illuminate\\Http\\Request))
#27 D:\\praktikum_laravel\\laravelPraktikum\\vendor\\laravel\\framework\\src\\Illuminate\\Routing\\Router.php(750): Illuminate\\Routing\\Router->runRoute(Object(Illuminate\\Http\\Request), Object(Illuminate\\Routing\\Route))
#28 D:\\praktikum_laravel\\laravelPraktikum\\vendor\\laravel\\framework\\src\\Illuminate\\Routing\\Router.php(739): Illuminate\\Routing\\Router->dispatchToRoute(Object(Illuminate\\Http\\Request))
#29 D:\\praktikum_laravel\\laravelPraktikum\\vendor\\laravel\\framework\\src\\Illuminate\\Foundation\\Http\\Kernel.php(200): Illuminate\\Routing\\Router->dispatch(Object(Illuminate\\Http\\Request))
#30 D:\\praktikum_laravel\\laravelPraktikum\\vendor\\laravel\\framework\\src\\Illuminate\\Pipeline\\Pipeline.php(169): Illuminate\\Foundation\\Http\\Kernel->Illuminate\\Foundation\\Http\\{closure}(Object(Illuminate\\Http\\Request))
#31 D:\\praktikum_laravel\\laravelPraktikum\\vendor\\laravel\\framework\\src\\Illuminate\\Foundation\\Http\\Middleware\\TransformsRequest.php(21): Illuminate\\Pipeline\\Pipeline->Illuminate\\Pipeline\\{closure}(Object(Illuminate\\Http\\Request))
#32 D:\\praktikum_laravel\\laravelPraktikum\\vendor\\laravel\\framework\\src\\Illuminate\\Foundation\\Http\\Middleware\\ConvertEmptyStringsToNull.php(31): Illuminate\\Foundation\\Http\\Middleware\\TransformsRequest->handle(Object(Illuminate\\Http\\Request), Object(Closure))
#33 D:\\praktikum_laravel\\laravelPraktikum\\vendor\\laravel\\framework\\src\\Illuminate\\Pipeline\\Pipeline.php(208): Illuminate\\Foundation\\Http\\Middleware\\ConvertEmptyStringsToNull->handle(Object(Illuminate\\Http\\Request), Object(Closure))
#34 D:\\praktikum_laravel\\laravelPraktikum\\vendor\\laravel\\framework\\src\\Illuminate\\Foundation\\Http\\Middleware\\TransformsRequest.php(21): Illuminate\\Pipeline\\Pipeline->Illuminate\\Pipeline\\{closure}(Object(Illuminate\\Http\\Request))
#35 D:\\praktikum_laravel\\laravelPraktikum\\vendor\\laravel\\framework\\src\\Illuminate\\Foundation\\Http\\Middleware\\TrimStrings.php(51): Illuminate\\Foundation\\Http\\Middleware\\TransformsRequest->handle(Object(Illuminate\\Http\\Request), Object(Closure))
#36 D:\\praktikum_laravel\\laravelPraktikum\\vendor\\laravel\\framework\\src\\Illuminate\\Pipeline\\Pipeline.php(208): Illuminate\\Foundation\\Http\\Middleware\\TrimStrings->handle(Object(Illuminate\\Http\\Request), Object(Closure))
#37 D:\\praktikum_laravel\\laravelPraktikum\\vendor\\laravel\\framework\\src\\Illuminate\\Http\\Middleware\\ValidatePostSize.php(27): Illuminate\\Pipeline\\Pipeline->Illuminate\\Pipeline\\{closure}(Object(Illuminate\\Http\\Request))
#38 D:\\praktikum_laravel\\laravelPraktikum\\vendor\\laravel\\framework\\src\\Illuminate\\Pipeline\\Pipeline.php(208): Illuminate\\Http\\Middleware\\ValidatePostSize->handle(Object(Illuminate\\Http\\Request), Object(Closure))
#39 D:\\praktikum_laravel\\laravelPraktikum\\vendor\\laravel\\framework\\src\\Illuminate\\Foundation\\Http\\Middleware\\PreventRequestsDuringMaintenance.php(109): Illuminate\\Pipeline\\Pipeline->Illuminate\\Pipeline\\{closure}(Object(Illuminate\\Http\\Request))
#40 D:\\praktikum_laravel\\laravelPraktikum\\vendor\\laravel\\framework\\src\\Illuminate\\Pipeline\\Pipeline.php(208): Illuminate\\Foundation\\Http\\Middleware\\PreventRequestsDuringMaintenance->handle(Object(Illuminate\\Http\\Request), Object(Closure))
#41 D:\\praktikum_laravel\\laravelPraktikum\\vendor\\laravel\\framework\\src\\Illuminate\\Http\\Middleware\\HandleCors.php(48): Illuminate\\Pipeline\\Pipeline->Illuminate\\Pipeline\\{closure}(Object(Illuminate\\Http\\Request))
#42 D:\\praktikum_laravel\\laravelPraktikum\\vendor\\laravel\\framework\\src\\Illuminate\\Pipeline\\Pipeline.php(208): Illuminate\\Http\\Middleware\\HandleCors->handle(Object(Illuminate\\Http\\Request), Object(Closure))
#43 D:\\praktikum_laravel\\laravelPraktikum\\vendor\\laravel\\framework\\src\\Illuminate\\Http\\Middleware\\TrustProxies.php(58): Illuminate\\Pipeline\\Pipeline->Illuminate\\Pipeline\\{closure}(Object(Illuminate\\Http\\Request))
#44 D:\\praktikum_laravel\\laravelPraktikum\\vendor\\laravel\\framework\\src\\Illuminate\\Pipeline\\Pipeline.php(208): Illuminate\\Http\\Middleware\\TrustProxies->handle(Object(Illuminate\\Http\\Request), Object(Closure))
#45 D:\\praktikum_laravel\\laravelPraktikum\\vendor\\laravel\\framework\\src\\Illuminate\\Foundation\\Http\\Middleware\\InvokeDeferredCallbacks.php(22): Illuminate\\Pipeline\\Pipeline->Illuminate\\Pipeline\\{closure}(Object(Illuminate\\Http\\Request))
#46 D:\\praktikum_laravel\\laravelPraktikum\\vendor\\laravel\\framework\\src\\Illuminate\\Pipeline\\Pipeline.php(208): Illuminate\\Foundation\\Http\\Middleware\\InvokeDeferredCallbacks->handle(Object(Illuminate\\Http\\Request), Object(Closure))
#47 D:\\praktikum_laravel\\laravelPraktikum\\vendor\\laravel\\framework\\src\\Illuminate\\Http\\Middleware\\ValidatePathEncoding.php(26): Illuminate\\Pipeline\\Pipeline->Illuminate\\Pipeline\\{closure}(Object(Illuminate\\Http\\Request))
#48 D:\\praktikum_laravel\\laravelPraktikum\\vendor\\laravel\\framework\\src\\Illuminate\\Pipeline\\Pipeline.php(208): Illuminate\\Http\\Middleware\\ValidatePathEncoding->handle(Object(Illuminate\\Http\\Request), Object(Closure))
#49 D:\\praktikum_laravel\\laravelPraktikum\\vendor\\laravel\\framework\\src\\Illuminate\\Pipeline\\Pipeline.php(126): Illuminate\\Pipeline\\Pipeline->Illuminate\\Pipeline\\{closure}(Object(Illuminate\\Http\\Request))
#50 D:\\praktikum_laravel\\laravelPraktikum\\vendor\\laravel\\framework\\src\\Illuminate\\Foundation\\Http\\Kernel.php(175): Illuminate\\Pipeline\\Pipeline->then(Object(Closure))
#51 D:\\praktikum_laravel\\laravelPraktikum\\vendor\\laravel\\framework\\src\\Illuminate\\Foundation\\Http\\Kernel.php(144): Illuminate\\Foundation\\Http\\Kernel->sendRequestThroughRouter(Object(Illuminate\\Http\\Request))
#52 D:\\praktikum_laravel\\laravelPraktikum\\vendor\\laravel\\framework\\src\\Illuminate\\Foundation\\Application.php(1219): Illuminate\\Foundation\\Http\\Kernel->handle(Object(Illuminate\\Http\\Request))
#53 D:\\praktikum_laravel\\laravelPraktikum\\public\\index.php(20): Illuminate\\Foundation\\Application->handleRequest(Object(Illuminate\\Http\\Request))
#54 D:\\praktikum_laravel\\laravelPraktikum\\vendor\\laravel\\framework\\src\\Illuminate\\Foundation\\resources\\server.php(23): require_once('D:\\\\praktikum_la...')
#55 {main}

[previous exception] [object] (PDOException(code: 2002): SQLSTATE[HY000] [2002] No connection could be made because the target machine actively refused it at D:\\praktikum_laravel\\laravelPraktikum\\vendor\\laravel\\framework\\src\\Illuminate\\Database\\Connectors\\Connector.php:66)
[stacktrace]
#0 D:\\praktikum_laravel\\laravelPraktikum\\vendor\\laravel\\framework\\src\\Illuminate\\Database\\Connectors\\Connector.php(66): PDO->__construct('mysql:host=127....', 'root', Object(SensitiveParameterValue), Array)
#1 D:\\praktikum_laravel\\laravelPraktikum\\vendor\\laravel\\framework\\src\\Illuminate\\Database\\Connectors\\Connector.php(85): Illuminate\\Database\\Connectors\\Connector->createPdoConnection('mysql:host=127....', 'root', Object(SensitiveParameterValue), Array)
#2 D:\\praktikum_laravel\\laravelPraktikum\\vendor\\laravel\\framework\\src\\Illuminate\\Database\\Connectors\\Connector.php(48): Illuminate\\Database\\Connectors\\Connector->tryAgainIfCausedByLostConnection(Object(PDOException), 'mysql:host=127....', 'root', Object(SensitiveParameterValue), Array)
#3 D:\\praktikum_laravel\\laravelPraktikum\\vendor\\laravel\\framework\\src\\Illuminate\\Database\\Connectors\\MySqlConnector.php(24): Illuminate\\Database\\Connectors\\Connector->createConnection('mysql:host=127....', Array, Array)
#4 D:\\praktikum_laravel\\laravelPraktikum\\vendor\\laravel\\framework\\src\\Illuminate\\Database\\Connectors\\ConnectionFactory.php(184): Illuminate\\Database\\Connectors\\MySqlConnector->connect(Array)
#5 [internal function]: Illuminate\\Database\\Connectors\\ConnectionFactory->Illuminate\\Database\\Connectors\\{closure}()
#6 D:\\praktikum_laravel\\laravelPraktikum\\vendor\\laravel\\framework\\src\\Illuminate\\Database\\Connection.php(1228): call_user_func(Object(Closure))
#7 D:\\praktikum_laravel\\laravelPraktikum\\vendor\\laravel\\framework\\src\\Illuminate\\Database\\Connection.php(509): Illuminate\\Database\\Connection->getPdo()
#8 D:\\praktikum_laravel\\laravelPraktikum\\vendor\\laravel\\framework\\src\\Illuminate\\Database\\Connection.php(404): Illuminate\\Database\\Connection->getPdoForSelect(false)
#9 D:\\praktikum_laravel\\laravelPraktikum\\vendor\\laravel\\framework\\src\\Illuminate\\Database\\Connection.php(809): Illuminate\\Database\\Connection->Illuminate\\Database\\{closure}('select * from `...', Array)
#10 D:\\praktikum_laravel\\laravelPraktikum\\vendor\\laravel\\framework\\src\\Illuminate\\Database\\Connection.php(976): Illuminate\\Database\\Connection->runQueryCallback('select * from `...', Array, Object(Closure))
#11 D:\\praktikum_laravel\\laravelPraktikum\\vendor\\laravel\\framework\\src\\Illuminate\\Database\\Connection.php(955): Illuminate\\Database\\Connection->tryAgainIfCausedByLostConnection(Object(Illuminate\\Database\\QueryException), 'select * from `...', Array, Object(Closure))
#12 D:\\praktikum_laravel\\laravelPraktikum\\vendor\\laravel\\framework\\src\\Illuminate\\Database\\Connection.php(778): Illuminate\\Database\\Connection->handleQueryException(Object(Illuminate\\Database\\QueryException), 'select * from `...', Array, Object(Closure))
#13 D:\\praktikum_laravel\\laravelPraktikum\\vendor\\laravel\\framework\\src\\Illuminate\\Database\\Connection.php(395): Illuminate\\Database\\Connection->run('select * from `...', Array, Object(Closure))
#14 D:\\praktikum_laravel\\laravelPraktikum\\vendor\\laravel\\framework\\src\\Illuminate\\Database\\Query\\Builder.php(3120): Illuminate\\Database\\Connection->select('select * from `...', Array, false)
#15 D:\\praktikum_laravel\\laravelPraktikum\\vendor\\laravel\\framework\\src\\Illuminate\\Database\\Query\\Builder.php(3105): Illuminate\\Database\\Query\\Builder->runSelect()
#16 D:\\praktikum_laravel\\laravelPraktikum\\vendor\\laravel\\framework\\src\\Illuminate\\Database\\Query\\Builder.php(3695): Illuminate\\Database\\Query\\Builder->Illuminate\\Database\\Query\\{closure}()
#17 D:\\praktikum_laravel\\laravelPraktikum\\vendor\\laravel\\framework\\src\\Illuminate\\Database\\Query\\Builder.php(3104): Illuminate\\Database\\Query\\Builder->onceWithColumns(Array, Object(Closure))
#18 D:\\praktikum_laravel\\laravelPraktikum\\vendor\\laravel\\framework\\src\\Illuminate\\Database\\Concerns\\BuildsQueries.php(366): Illuminate\\Database\\Query\\Builder->get(Array)
#19 D:\\praktikum_laravel\\laravelPraktikum\\vendor\\laravel\\framework\\src\\Illuminate\\Database\\Query\\Builder.php(3027): Illuminate\\Database\\Query\\Builder->first(Array)
#20 D:\\praktikum_laravel\\laravelPraktikum\\vendor\\laravel\\framework\\src\\Illuminate\\Session\\DatabaseSessionHandler.php(96): Illuminate\\Database\\Query\\Builder->find('h4VUCjgCjNDm2sF...')
#21 D:\\praktikum_laravel\\laravelPraktikum\\vendor\\laravel\\framework\\src\\Illuminate\\Session\\Store.php(116): Illuminate\\Session\\DatabaseSessionHandler->read('h4VUCjgCjNDm2sF...')
#22 D:\\praktikum_laravel\\laravelPraktikum\\vendor\\laravel\\framework\\src\\Illuminate\\Session\\Store.php(104): Illuminate\\Session\\Store->readFromHandler()
#23 D:\\praktikum_laravel\\laravelPraktikum\\vendor\\laravel\\framework\\src\\Illuminate\\Session\\Store.php(88): Illuminate\\Session\\Store->loadSession()
#24 D:\\praktikum_laravel\\laravelPraktikum\\vendor\\laravel\\framework\\src\\Illuminate\\Session\\Middleware\\StartSession.php(146): Illuminate\\Session\\Store->start()
#25 D:\\praktikum_laravel\\laravelPraktikum\\vendor\\laravel\\framework\\src\\Illuminate\\Support\\helpers.php(399): Illuminate\\Session\\Middleware\\StartSession->Illuminate\\Session\\Middleware\\{closure}(Object(Illuminate\\Session\\Store))
#26 D:\\praktikum_laravel\\laravelPraktikum\\vendor\\laravel\\framework\\src\\Illuminate\\Session\\Middleware\\StartSession.php(143): tap(Object(Illuminate\\Session\\Store), Object(Closure))
#27 D:\\praktikum_laravel\\laravelPraktikum\\vendor\\laravel\\framework\\src\\Illuminate\\Session\\Middleware\\StartSession.php(115): Illuminate\\Session\\Middleware\\StartSession->startSession(Object(Illuminate\\Http\\Request), Object(Illuminate\\Session\\Store))
#28 D:\\praktikum_laravel\\laravelPraktikum\\vendor\\laravel\\framework\\src\\Illuminate\\Session\\Middleware\\StartSession.php(63): Illuminate\\Session\\Middleware\\StartSession->handleStatefulRequest(Object(Illuminate\\Http\\Request), Object(Illuminate\\Session\\Store), Object(Closure))
#29 D:\\praktikum_laravel\\laravelPraktikum\\vendor\\laravel\\framework\\src\\Illuminate\\Pipeline\\Pipeline.php(208): Illuminate\\Session\\Middleware\\StartSession->handle(Object(Illuminate\\Http\\Request), Object(Closure))
#30 D:\\praktikum_laravel\\laravelPraktikum\\vendor\\laravel\\framework\\src\\Illuminate\\Cookie\\Middleware\\AddQueuedCookiesToResponse.php(36): Illuminate\\Pipeline\\Pipeline->Illuminate\\Pipeline\\{closure}(Object(Illuminate\\Http\\Request))
#31 D:\\praktikum_laravel\\laravelPraktikum\\vendor\\laravel\\framework\\src\\Illuminate\\Pipeline\\Pipeline.php(208): Illuminate\\Cookie\\Middleware\\AddQueuedCookiesToResponse->handle(Object(Illuminate\\Http\\Request), Object(Closure))
#32 D:\\praktikum_laravel\\laravelPraktikum\\vendor\\laravel\\framework\\src\\Illuminate\\Cookie\\Middleware\\EncryptCookies.php(74): Illuminate\\Pipeline\\Pipeline->Illuminate\\Pipeline\\{closure}(Object(Illuminate\\Http\\Request))
#33 D:\\praktikum_laravel\\laravelPraktikum\\vendor\\laravel\\framework\\src\\Illuminate\\Pipeline\\Pipeline.php(208): Illuminate\\Cookie\\Middleware\\EncryptCookies->handle(Object(Illuminate\\Http\\Request), Object(Closure))
#34 D:\\praktikum_laravel\\laravelPraktikum\\vendor\\laravel\\framework\\src\\Illuminate\\Pipeline\\Pipeline.php(126): Illuminate\\Pipeline\\Pipeline->Illuminate\\Pipeline\\{closure}(Object(Illuminate\\Http\\Request))
#35 D:\\praktikum_laravel\\laravelPraktikum\\vendor\\laravel\\framework\\src\\Illuminate\\Routing\\Router.php(807): Illuminate\\Pipeline\\Pipeline->then(Object(Closure))
#36 D:\\praktikum_laravel\\laravelPraktikum\\vendor\\laravel\\framework\\src\\Illuminate\\Routing\\Router.php(786): Illuminate\\Routing\\Router->runRouteWithinStack(Object(Illuminate\\Routing\\Route), Object(Illuminate\\Http\\Request))
#37 D:\\praktikum_laravel\\laravelPraktikum\\vendor\\laravel\\framework\\src\\Illuminate\\Routing\\Router.php(750): Illuminate\\Routing\\Router->runRoute(Object(Illuminate\\Http\\Request), Object(Illuminate\\Routing\\Route))
#38 D:\\praktikum_laravel\\laravelPraktikum\\vendor\\laravel\\framework\\src\\Illuminate\\Routing\\Router.php(739): Illuminate\\Routing\\Router->dispatchToRoute(Object(Illuminate\\Http\\Request))
#39 D:\\praktikum_laravel\\laravelPraktikum\\vendor\\laravel\\framework\\src\\Illuminate\\Foundation\\Http\\Kernel.php(200): Illuminate\\Routing\\Router->dispatch(Object(Illuminate\\Http\\Request))
#40 D:\\praktikum_laravel\\laravelPraktikum\\vendor\\laravel\\framework\\src\\Illuminate\\Pipeline\\Pipeline.php(169): Illuminate\\Foundation\\Http\\Kernel->Illuminate\\Foundation\\Http\\{closure}(Object(Illuminate\\Http\\Request))
#41 D:\\praktikum_laravel\\laravelPraktikum\\vendor\\laravel\\framework\\src\\Illuminate\\Foundation\\Http\\Middleware\\TransformsRequest.php(21): Illuminate\\Pipeline\\Pipeline->Illuminate\\Pipeline\\{closure}(Object(Illuminate\\Http\\Request))
#42 D:\\praktikum_laravel\\laravelPraktikum\\vendor\\laravel\\framework\\src\\Illuminate\\Foundation\\Http\\Middleware\\ConvertEmptyStringsToNull.php(31): Illuminate\\Foundation\\Http\\Middleware\\TransformsRequest->handle(Object(Illuminate\\Http\\Request), Object(Closure))
#43 D:\\praktikum_laravel\\laravelPraktikum\\vendor\\laravel\\framework\\src\\Illuminate\\Pipeline\\Pipeline.php(208): Illuminate\\Foundation\\Http\\Middleware\\ConvertEmptyStringsToNull->handle(Object(Illuminate\\Http\\Request), Object(Closure))
#44 D:\\praktikum_laravel\\laravelPraktikum\\vendor\\laravel\\framework\\src\\Illuminate\\Foundation\\Http\\Middleware\\TransformsRequest.php(21): Illuminate\\Pipeline\\Pipeline->Illuminate\\Pipeline\\{closure}(Object(Illuminate\\Http\\Request))
#45 D:\\praktikum_laravel\\laravelPraktikum\\vendor\\laravel\\framework\\src\\Illuminate\\Foundation\\Http\\Middleware\\TrimStrings.php(51): Illuminate\\Foundation\\Http\\Middleware\\TransformsRequest->handle(Object(Illuminate\\Http\\Request), Object(Closure))
#46 D:\\praktikum_laravel\\laravelPraktikum\\vendor\\laravel\\framework\\src\\Illuminate\\Pipeline\\Pipeline.php(208): Illuminate\\Foundation\\Http\\Middleware\\TrimStrings->handle(Object(Illuminate\\Http\\Request), Object(Closure))
#47 D:\\praktikum_laravel\\laravelPraktikum\\vendor\\laravel\\framework\\src\\Illuminate\\Http\\Middleware\\ValidatePostSize.php(27): Illuminate\\Pipeline\\Pipeline->Illuminate\\Pipeline\\{closure}(Object(Illuminate\\Http\\Request))
#48 D:\\praktikum_laravel\\laravelPraktikum\\vendor\\laravel\\framework\\src\\Illuminate\\Pipeline\\Pipeline.php(208): Illuminate\\Http\\Middleware\\ValidatePostSize->handle(Object(Illuminate\\Http\\Request), Object(Closure))
#49 D:\\praktikum_laravel\\laravelPraktikum\\vendor\\laravel\\framework\\src\\Illuminate\\Foundation\\Http\\Middleware\\PreventRequestsDuringMaintenance.php(109): Illuminate\\Pipeline\\Pipeline->Illuminate\\Pipeline\\{closure}(Object(Illuminate\\Http\\Request))
#50 D:\\praktikum_laravel\\laravelPraktikum\\vendor\\laravel\\framework\\src\\Illuminate\\Pipeline\\Pipeline.php(208): Illuminate\\Foundation\\Http\\Middleware\\PreventRequestsDuringMaintenance->handle(Object(Illuminate\\Http\\Request), Object(Closure))
#51 D:\\praktikum_laravel\\laravelPraktikum\\vendor\\laravel\\framework\\src\\Illuminate\\Http\\Middleware\\HandleCors.php(48): Illuminate\\Pipeline\\Pipeline->Illuminate\\Pipeline\\{closure}(Object(Illuminate\\Http\\Request))
#52 D:\\praktikum_laravel\\laravelPraktikum\\vendor\\laravel\\framework\\src\\Illuminate\\Pipeline\\Pipeline.php(208): Illuminate\\Http\\Middleware\\HandleCors->handle(Object(Illuminate\\Http\\Request), Object(Closure))
#53 D:\\praktikum_laravel\\laravelPraktikum\\vendor\\laravel\\framework\\src\\Illuminate\\Http\\Middleware\\TrustProxies.php(58): Illuminate\\Pipeline\\Pipeline->Illuminate\\Pipeline\\{closure}(Object(Illuminate\\Http\\Request))
#54 D:\\praktikum_laravel\\laravelPraktikum\\vendor\\laravel\\framework\\src\\Illuminate\\Pipeline\\Pipeline.php(208): Illuminate\\Http\\Middleware\\TrustProxies->handle(Object(Illuminate\\Http\\Request), Object(Closure))
#55 D:\\praktikum_laravel\\laravelPraktikum\\vendor\\laravel\\framework\\src\\Illuminate\\Foundation\\Http\\Middleware\\InvokeDeferredCallbacks.php(22): Illuminate\\Pipeline\\Pipeline->Illuminate\\Pipeline\\{closure}(Object(Illuminate\\Http\\Request))
#56 D:\\praktikum_laravel\\laravelPraktikum\\vendor\\laravel\\framework\\src\\Illuminate\\Pipeline\\Pipeline.php(208): Illuminate\\Foundation\\Http\\Middleware\\InvokeDeferredCallbacks->handle(Object(Illuminate\\Http\\Request), Object(Closure))
#57 D:\\praktikum_laravel\\laravelPraktikum\\vendor\\laravel\\framework\\src\\Illuminate\\Http\\Middleware\\ValidatePathEncoding.php(26): Illuminate\\Pipeline\\Pipeline->Illuminate\\Pipeline\\{closure}(Object(Illuminate\\Http\\Request))
#58 D:\\praktikum_laravel\\laravelPraktikum\\vendor\\laravel\\framework\\src\\Illuminate\\Pipeline\\Pipeline.php(208): Illuminate\\Http\\Middleware\\ValidatePathEncoding->handle(Object(Illuminate\\Http\\Request), Object(Closure))
#59 D:\\praktikum_laravel\\laravelPraktikum\\vendor\\laravel\\framework\\src\\Illuminate\\Pipeline\\Pipeline.php(126): Illuminate\\Pipeline\\Pipeline->Illuminate\\Pipeline\\{closure}(Object(Illuminate\\Http\\Request))
#60 D:\\praktikum_laravel\\laravelPraktikum\\vendor\\laravel\\framework\\src\\Illuminate\\Foundation\\Http\\Kernel.php(175): Illuminate\\Pipeline\\Pipeline->then(Object(Closure))
#61 D:\\praktikum_laravel\\laravelPraktikum\\vendor\\laravel\\framework\\src\\Illuminate\\Foundation\\Http\\Kernel.php(144): Illuminate\\Foundation\\Http\\Kernel->sendRequestThroughRouter(Object(Illuminate\\Http\\Request))
#62 D:\\praktikum_laravel\\laravelPraktikum\\vendor\\laravel\\framework\\src\\Illuminate\\Foundation\\Application.php(1219): Illuminate\\Foundation\\Http\\Kernel->handle(Object(Illuminate\\Http\\Request))
#63 D:\\praktikum_laravel\\laravelPraktikum\\public\\index.php(20): Illuminate\\Foundation\\Application->handleRequest(Object(Illuminate\\Http\\Request))
#64 D:\\praktikum_laravel\\laravelPraktikum\\vendor\\laravel\\framework\\src\\Illuminate\\Foundation\\resources\\server.php(23): require_once('D:\\\\praktikum_la...')
#65 {main}
"} 
[2025-05-14 05:31:55] local.ERROR: SQLSTATE[HY000] [2002] No connection could be made because the target machine actively refused it (Connection: mysql, SQL: select * from `sessions` where `id` = E7VpYMhxlKScmN85WJbwD9j9RyMxBjF0p0ZZAvCB limit 1) {"exception":"[object] (Illuminate\\Database\\QueryException(code: 2002): SQLSTATE[HY000] [2002] No connection could be made because the target machine actively refused it (Connection: mysql, SQL: select * from `sessions` where `id` = E7VpYMhxlKScmN85WJbwD9j9RyMxBjF0p0ZZAvCB limit 1) at D:\\praktikum_laravel\\laravelPraktikum\\vendor\\laravel\\framework\\src\\Illuminate\\Database\\Connection.php:822)
[stacktrace]
#0 D:\\praktikum_laravel\\laravelPraktikum\\vendor\\laravel\\framework\\src\\Illuminate\\Database\\Connection.php(976): Illuminate\\Database\\Connection->runQueryCallback('select * from `...', Array, Object(Closure))
#1 D:\\praktikum_laravel\\laravelPraktikum\\vendor\\laravel\\framework\\src\\Illuminate\\Database\\Connection.php(955): Illuminate\\Database\\Connection->tryAgainIfCausedByLostConnection(Object(Illuminate\\Database\\QueryException), 'select * from `...', Array, Object(Closure))
#2 D:\\praktikum_laravel\\laravelPraktikum\\vendor\\laravel\\framework\\src\\Illuminate\\Database\\Connection.php(778): Illuminate\\Database\\Connection->handleQueryException(Object(Illuminate\\Database\\QueryException), 'select * from `...', Array, Object(Closure))
#3 D:\\praktikum_laravel\\laravelPraktikum\\vendor\\laravel\\framework\\src\\Illuminate\\Database\\Connection.php(395): Illuminate\\Database\\Connection->run('select * from `...', Array, Object(Closure))
#4 D:\\praktikum_laravel\\laravelPraktikum\\vendor\\laravel\\framework\\src\\Illuminate\\Database\\Query\\Builder.php(3120): Illuminate\\Database\\Connection->select('select * from `...', Array, false)
#5 D:\\praktikum_laravel\\laravelPraktikum\\vendor\\laravel\\framework\\src\\Illuminate\\Database\\Query\\Builder.php(3105): Illuminate\\Database\\Query\\Builder->runSelect()
#6 D:\\praktikum_laravel\\laravelPraktikum\\vendor\\laravel\\framework\\src\\Illuminate\\Database\\Query\\Builder.php(3695): Illuminate\\Database\\Query\\Builder->Illuminate\\Database\\Query\\{closure}()
#7 D:\\praktikum_laravel\\laravelPraktikum\\vendor\\laravel\\framework\\src\\Illuminate\\Database\\Query\\Builder.php(3104): Illuminate\\Database\\Query\\Builder->onceWithColumns(Array, Object(Closure))
#8 D:\\praktikum_laravel\\laravelPraktikum\\vendor\\laravel\\framework\\src\\Illuminate\\Database\\Concerns\\BuildsQueries.php(366): Illuminate\\Database\\Query\\Builder->get(Array)
#9 D:\\praktikum_laravel\\laravelPraktikum\\vendor\\laravel\\framework\\src\\Illuminate\\Database\\Query\\Builder.php(3027): Illuminate\\Database\\Query\\Builder->first(Array)
#10 D:\\praktikum_laravel\\laravelPraktikum\\vendor\\laravel\\framework\\src\\Illuminate\\Session\\DatabaseSessionHandler.php(96): Illuminate\\Database\\Query\\Builder->find('E7VpYMhxlKScmN8...')
#11 D:\\praktikum_laravel\\laravelPraktikum\\vendor\\laravel\\framework\\src\\Illuminate\\Session\\Store.php(116): Illuminate\\Session\\DatabaseSessionHandler->read('E7VpYMhxlKScmN8...')
#12 D:\\praktikum_laravel\\laravelPraktikum\\vendor\\laravel\\framework\\src\\Illuminate\\Session\\Store.php(104): Illuminate\\Session\\Store->readFromHandler()
#13 D:\\praktikum_laravel\\laravelPraktikum\\vendor\\laravel\\framework\\src\\Illuminate\\Session\\Store.php(88): Illuminate\\Session\\Store->loadSession()
#14 D:\\praktikum_laravel\\laravelPraktikum\\vendor\\laravel\\framework\\src\\Illuminate\\Session\\Middleware\\StartSession.php(146): Illuminate\\Session\\Store->start()
#15 D:\\praktikum_laravel\\laravelPraktikum\\vendor\\laravel\\framework\\src\\Illuminate\\Support\\helpers.php(399): Illuminate\\Session\\Middleware\\StartSession->Illuminate\\Session\\Middleware\\{closure}(Object(Illuminate\\Session\\Store))
#16 D:\\praktikum_laravel\\laravelPraktikum\\vendor\\laravel\\framework\\src\\Illuminate\\Session\\Middleware\\StartSession.php(143): tap(Object(Illuminate\\Session\\Store), Object(Closure))
#17 D:\\praktikum_laravel\\laravelPraktikum\\vendor\\laravel\\framework\\src\\Illuminate\\Session\\Middleware\\StartSession.php(115): Illuminate\\Session\\Middleware\\StartSession->startSession(Object(Illuminate\\Http\\Request), Object(Illuminate\\Session\\Store))
#18 D:\\praktikum_laravel\\laravelPraktikum\\vendor\\laravel\\framework\\src\\Illuminate\\Session\\Middleware\\StartSession.php(63): Illuminate\\Session\\Middleware\\StartSession->handleStatefulRequest(Object(Illuminate\\Http\\Request), Object(Illuminate\\Session\\Store), Object(Closure))
#19 D:\\praktikum_laravel\\laravelPraktikum\\vendor\\laravel\\framework\\src\\Illuminate\\Pipeline\\Pipeline.php(208): Illuminate\\Session\\Middleware\\StartSession->handle(Object(Illuminate\\Http\\Request), Object(Closure))
#20 D:\\praktikum_laravel\\laravelPraktikum\\vendor\\laravel\\framework\\src\\Illuminate\\Cookie\\Middleware\\AddQueuedCookiesToResponse.php(36): Illuminate\\Pipeline\\Pipeline->Illuminate\\Pipeline\\{closure}(Object(Illuminate\\Http\\Request))
#21 D:\\praktikum_laravel\\laravelPraktikum\\vendor\\laravel\\framework\\src\\Illuminate\\Pipeline\\Pipeline.php(208): Illuminate\\Cookie\\Middleware\\AddQueuedCookiesToResponse->handle(Object(Illuminate\\Http\\Request), Object(Closure))
#22 D:\\praktikum_laravel\\laravelPraktikum\\vendor\\laravel\\framework\\src\\Illuminate\\Cookie\\Middleware\\EncryptCookies.php(74): Illuminate\\Pipeline\\Pipeline->Illuminate\\Pipeline\\{closure}(Object(Illuminate\\Http\\Request))
#23 D:\\praktikum_laravel\\laravelPraktikum\\vendor\\laravel\\framework\\src\\Illuminate\\Pipeline\\Pipeline.php(208): Illuminate\\Cookie\\Middleware\\EncryptCookies->handle(Object(Illuminate\\Http\\Request), Object(Closure))
#24 D:\\praktikum_laravel\\laravelPraktikum\\vendor\\laravel\\framework\\src\\Illuminate\\Pipeline\\Pipeline.php(126): Illuminate\\Pipeline\\Pipeline->Illuminate\\Pipeline\\{closure}(Object(Illuminate\\Http\\Request))
#25 D:\\praktikum_laravel\\laravelPraktikum\\vendor\\laravel\\framework\\src\\Illuminate\\Routing\\Router.php(807): Illuminate\\Pipeline\\Pipeline->then(Object(Closure))
#26 D:\\praktikum_laravel\\laravelPraktikum\\vendor\\laravel\\framework\\src\\Illuminate\\Routing\\Router.php(786): Illuminate\\Routing\\Router->runRouteWithinStack(Object(Illuminate\\Routing\\Route), Object(Illuminate\\Http\\Request))
#27 D:\\praktikum_laravel\\laravelPraktikum\\vendor\\laravel\\framework\\src\\Illuminate\\Routing\\Router.php(750): Illuminate\\Routing\\Router->runRoute(Object(Illuminate\\Http\\Request), Object(Illuminate\\Routing\\Route))
#28 D:\\praktikum_laravel\\laravelPraktikum\\vendor\\laravel\\framework\\src\\Illuminate\\Routing\\Router.php(739): Illuminate\\Routing\\Router->dispatchToRoute(Object(Illuminate\\Http\\Request))
#29 D:\\praktikum_laravel\\laravelPraktikum\\vendor\\laravel\\framework\\src\\Illuminate\\Foundation\\Http\\Kernel.php(200): Illuminate\\Routing\\Router->dispatch(Object(Illuminate\\Http\\Request))
#30 D:\\praktikum_laravel\\laravelPraktikum\\vendor\\laravel\\framework\\src\\Illuminate\\Pipeline\\Pipeline.php(169): Illuminate\\Foundation\\Http\\Kernel->Illuminate\\Foundation\\Http\\{closure}(Object(Illuminate\\Http\\Request))
#31 D:\\praktikum_laravel\\laravelPraktikum\\vendor\\laravel\\framework\\src\\Illuminate\\Foundation\\Http\\Middleware\\TransformsRequest.php(21): Illuminate\\Pipeline\\Pipeline->Illuminate\\Pipeline\\{closure}(Object(Illuminate\\Http\\Request))
#32 D:\\praktikum_laravel\\laravelPraktikum\\vendor\\laravel\\framework\\src\\Illuminate\\Foundation\\Http\\Middleware\\ConvertEmptyStringsToNull.php(31): Illuminate\\Foundation\\Http\\Middleware\\TransformsRequest->handle(Object(Illuminate\\Http\\Request), Object(Closure))
#33 D:\\praktikum_laravel\\laravelPraktikum\\vendor\\laravel\\framework\\src\\Illuminate\\Pipeline\\Pipeline.php(208): Illuminate\\Foundation\\Http\\Middleware\\ConvertEmptyStringsToNull->handle(Object(Illuminate\\Http\\Request), Object(Closure))
#34 D:\\praktikum_laravel\\laravelPraktikum\\vendor\\laravel\\framework\\src\\Illuminate\\Foundation\\Http\\Middleware\\TransformsRequest.php(21): Illuminate\\Pipeline\\Pipeline->Illuminate\\Pipeline\\{closure}(Object(Illuminate\\Http\\Request))
#35 D:\\praktikum_laravel\\laravelPraktikum\\vendor\\laravel\\framework\\src\\Illuminate\\Foundation\\Http\\Middleware\\TrimStrings.php(51): Illuminate\\Foundation\\Http\\Middleware\\TransformsRequest->handle(Object(Illuminate\\Http\\Request), Object(Closure))
#36 D:\\praktikum_laravel\\laravelPraktikum\\vendor\\laravel\\framework\\src\\Illuminate\\Pipeline\\Pipeline.php(208): Illuminate\\Foundation\\Http\\Middleware\\TrimStrings->handle(Object(Illuminate\\Http\\Request), Object(Closure))
#37 D:\\praktikum_laravel\\laravelPraktikum\\vendor\\laravel\\framework\\src\\Illuminate\\Http\\Middleware\\ValidatePostSize.php(27): Illuminate\\Pipeline\\Pipeline->Illuminate\\Pipeline\\{closure}(Object(Illuminate\\Http\\Request))
#38 D:\\praktikum_laravel\\laravelPraktikum\\vendor\\laravel\\framework\\src\\Illuminate\\Pipeline\\Pipeline.php(208): Illuminate\\Http\\Middleware\\ValidatePostSize->handle(Object(Illuminate\\Http\\Request), Object(Closure))
#39 D:\\praktikum_laravel\\laravelPraktikum\\vendor\\laravel\\framework\\src\\Illuminate\\Foundation\\Http\\Middleware\\PreventRequestsDuringMaintenance.php(109): Illuminate\\Pipeline\\Pipeline->Illuminate\\Pipeline\\{closure}(Object(Illuminate\\Http\\Request))
#40 D:\\praktikum_laravel\\laravelPraktikum\\vendor\\laravel\\framework\\src\\Illuminate\\Pipeline\\Pipeline.php(208): Illuminate\\Foundation\\Http\\Middleware\\PreventRequestsDuringMaintenance->handle(Object(Illuminate\\Http\\Request), Object(Closure))
#41 D:\\praktikum_laravel\\laravelPraktikum\\vendor\\laravel\\framework\\src\\Illuminate\\Http\\Middleware\\HandleCors.php(48): Illuminate\\Pipeline\\Pipeline->Illuminate\\Pipeline\\{closure}(Object(Illuminate\\Http\\Request))
#42 D:\\praktikum_laravel\\laravelPraktikum\\vendor\\laravel\\framework\\src\\Illuminate\\Pipeline\\Pipeline.php(208): Illuminate\\Http\\Middleware\\HandleCors->handle(Object(Illuminate\\Http\\Request), Object(Closure))
#43 D:\\praktikum_laravel\\laravelPraktikum\\vendor\\laravel\\framework\\src\\Illuminate\\Http\\Middleware\\TrustProxies.php(58): Illuminate\\Pipeline\\Pipeline->Illuminate\\Pipeline\\{closure}(Object(Illuminate\\Http\\Request))
#44 D:\\praktikum_laravel\\laravelPraktikum\\vendor\\laravel\\framework\\src\\Illuminate\\Pipeline\\Pipeline.php(208): Illuminate\\Http\\Middleware\\TrustProxies->handle(Object(Illuminate\\Http\\Request), Object(Closure))
#45 D:\\praktikum_laravel\\laravelPraktikum\\vendor\\laravel\\framework\\src\\Illuminate\\Foundation\\Http\\Middleware\\InvokeDeferredCallbacks.php(22): Illuminate\\Pipeline\\Pipeline->Illuminate\\Pipeline\\{closure}(Object(Illuminate\\Http\\Request))
#46 D:\\praktikum_laravel\\laravelPraktikum\\vendor\\laravel\\framework\\src\\Illuminate\\Pipeline\\Pipeline.php(208): Illuminate\\Foundation\\Http\\Middleware\\InvokeDeferredCallbacks->handle(Object(Illuminate\\Http\\Request), Object(Closure))
#47 D:\\praktikum_laravel\\laravelPraktikum\\vendor\\laravel\\framework\\src\\Illuminate\\Http\\Middleware\\ValidatePathEncoding.php(26): Illuminate\\Pipeline\\Pipeline->Illuminate\\Pipeline\\{closure}(Object(Illuminate\\Http\\Request))
#48 D:\\praktikum_laravel\\laravelPraktikum\\vendor\\laravel\\framework\\src\\Illuminate\\Pipeline\\Pipeline.php(208): Illuminate\\Http\\Middleware\\ValidatePathEncoding->handle(Object(Illuminate\\Http\\Request), Object(Closure))
#49 D:\\praktikum_laravel\\laravelPraktikum\\vendor\\laravel\\framework\\src\\Illuminate\\Pipeline\\Pipeline.php(126): Illuminate\\Pipeline\\Pipeline->Illuminate\\Pipeline\\{closure}(Object(Illuminate\\Http\\Request))
#50 D:\\praktikum_laravel\\laravelPraktikum\\vendor\\laravel\\framework\\src\\Illuminate\\Foundation\\Http\\Kernel.php(175): Illuminate\\Pipeline\\Pipeline->then(Object(Closure))
#51 D:\\praktikum_laravel\\laravelPraktikum\\vendor\\laravel\\framework\\src\\Illuminate\\Foundation\\Http\\Kernel.php(144): Illuminate\\Foundation\\Http\\Kernel->sendRequestThroughRouter(Object(Illuminate\\Http\\Request))
#52 D:\\praktikum_laravel\\laravelPraktikum\\vendor\\laravel\\framework\\src\\Illuminate\\Foundation\\Application.php(1219): Illuminate\\Foundation\\Http\\Kernel->handle(Object(Illuminate\\Http\\Request))
#53 D:\\praktikum_laravel\\laravelPraktikum\\public\\index.php(20): Illuminate\\Foundation\\Application->handleRequest(Object(Illuminate\\Http\\Request))
#54 D:\\praktikum_laravel\\laravelPraktikum\\vendor\\laravel\\framework\\src\\Illuminate\\Foundation\\resources\\server.php(23): require_once('D:\\\\praktikum_la...')
#55 {main}

[previous exception] [object] (PDOException(code: 2002): SQLSTATE[HY000] [2002] No connection could be made because the target machine actively refused it at D:\\praktikum_laravel\\laravelPraktikum\\vendor\\laravel\\framework\\src\\Illuminate\\Database\\Connectors\\Connector.php:66)
[stacktrace]
#0 D:\\praktikum_laravel\\laravelPraktikum\\vendor\\laravel\\framework\\src\\Illuminate\\Database\\Connectors\\Connector.php(66): PDO->__construct('mysql:host=127....', 'root', Object(SensitiveParameterValue), Array)
#1 D:\\praktikum_laravel\\laravelPraktikum\\vendor\\laravel\\framework\\src\\Illuminate\\Database\\Connectors\\Connector.php(85): Illuminate\\Database\\Connectors\\Connector->createPdoConnection('mysql:host=127....', 'root', Object(SensitiveParameterValue), Array)
#2 D:\\praktikum_laravel\\laravelPraktikum\\vendor\\laravel\\framework\\src\\Illuminate\\Database\\Connectors\\Connector.php(48): Illuminate\\Database\\Connectors\\Connector->tryAgainIfCausedByLostConnection(Object(PDOException), 'mysql:host=127....', 'root', Object(SensitiveParameterValue), Array)
#3 D:\\praktikum_laravel\\laravelPraktikum\\vendor\\laravel\\framework\\src\\Illuminate\\Database\\Connectors\\MySqlConnector.php(24): Illuminate\\Database\\Connectors\\Connector->createConnection('mysql:host=127....', Array, Array)
#4 D:\\praktikum_laravel\\laravelPraktikum\\vendor\\laravel\\framework\\src\\Illuminate\\Database\\Connectors\\ConnectionFactory.php(184): Illuminate\\Database\\Connectors\\MySqlConnector->connect(Array)
#5 [internal function]: Illuminate\\Database\\Connectors\\ConnectionFactory->Illuminate\\Database\\Connectors\\{closure}()
#6 D:\\praktikum_laravel\\laravelPraktikum\\vendor\\laravel\\framework\\src\\Illuminate\\Database\\Connection.php(1228): call_user_func(Object(Closure))
#7 D:\\praktikum_laravel\\laravelPraktikum\\vendor\\laravel\\framework\\src\\Illuminate\\Database\\Connection.php(509): Illuminate\\Database\\Connection->getPdo()
#8 D:\\praktikum_laravel\\laravelPraktikum\\vendor\\laravel\\framework\\src\\Illuminate\\Database\\Connection.php(404): Illuminate\\Database\\Connection->getPdoForSelect(false)
#9 D:\\praktikum_laravel\\laravelPraktikum\\vendor\\laravel\\framework\\src\\Illuminate\\Database\\Connection.php(809): Illuminate\\Database\\Connection->Illuminate\\Database\\{closure}('select * from `...', Array)
#10 D:\\praktikum_laravel\\laravelPraktikum\\vendor\\laravel\\framework\\src\\Illuminate\\Database\\Connection.php(976): Illuminate\\Database\\Connection->runQueryCallback('select * from `...', Array, Object(Closure))
#11 D:\\praktikum_laravel\\laravelPraktikum\\vendor\\laravel\\framework\\src\\Illuminate\\Database\\Connection.php(955): Illuminate\\Database\\Connection->tryAgainIfCausedByLostConnection(Object(Illuminate\\Database\\QueryException), 'select * from `...', Array, Object(Closure))
#12 D:\\praktikum_laravel\\laravelPraktikum\\vendor\\laravel\\framework\\src\\Illuminate\\Database\\Connection.php(778): Illuminate\\Database\\Connection->handleQueryException(Object(Illuminate\\Database\\QueryException), 'select * from `...', Array, Object(Closure))
#13 D:\\praktikum_laravel\\laravelPraktikum\\vendor\\laravel\\framework\\src\\Illuminate\\Database\\Connection.php(395): Illuminate\\Database\\Connection->run('select * from `...', Array, Object(Closure))
#14 D:\\praktikum_laravel\\laravelPraktikum\\vendor\\laravel\\framework\\src\\Illuminate\\Database\\Query\\Builder.php(3120): Illuminate\\Database\\Connection->select('select * from `...', Array, false)
#15 D:\\praktikum_laravel\\laravelPraktikum\\vendor\\laravel\\framework\\src\\Illuminate\\Database\\Query\\Builder.php(3105): Illuminate\\Database\\Query\\Builder->runSelect()
#16 D:\\praktikum_laravel\\laravelPraktikum\\vendor\\laravel\\framework\\src\\Illuminate\\Database\\Query\\Builder.php(3695): Illuminate\\Database\\Query\\Builder->Illuminate\\Database\\Query\\{closure}()
#17 D:\\praktikum_laravel\\laravelPraktikum\\vendor\\laravel\\framework\\src\\Illuminate\\Database\\Query\\Builder.php(3104): Illuminate\\Database\\Query\\Builder->onceWithColumns(Array, Object(Closure))
#18 D:\\praktikum_laravel\\laravelPraktikum\\vendor\\laravel\\framework\\src\\Illuminate\\Database\\Concerns\\BuildsQueries.php(366): Illuminate\\Database\\Query\\Builder->get(Array)
#19 D:\\praktikum_laravel\\laravelPraktikum\\vendor\\laravel\\framework\\src\\Illuminate\\Database\\Query\\Builder.php(3027): Illuminate\\Database\\Query\\Builder->first(Array)
#20 D:\\praktikum_laravel\\laravelPraktikum\\vendor\\laravel\\framework\\src\\Illuminate\\Session\\DatabaseSessionHandler.php(96): Illuminate\\Database\\Query\\Builder->find('E7VpYMhxlKScmN8...')
#21 D:\\praktikum_laravel\\laravelPraktikum\\vendor\\laravel\\framework\\src\\Illuminate\\Session\\Store.php(116): Illuminate\\Session\\DatabaseSessionHandler->read('E7VpYMhxlKScmN8...')
#22 D:\\praktikum_laravel\\laravelPraktikum\\vendor\\laravel\\framework\\src\\Illuminate\\Session\\Store.php(104): Illuminate\\Session\\Store->readFromHandler()
#23 D:\\praktikum_laravel\\laravelPraktikum\\vendor\\laravel\\framework\\src\\Illuminate\\Session\\Store.php(88): Illuminate\\Session\\Store->loadSession()
#24 D:\\praktikum_laravel\\laravelPraktikum\\vendor\\laravel\\framework\\src\\Illuminate\\Session\\Middleware\\StartSession.php(146): Illuminate\\Session\\Store->start()
#25 D:\\praktikum_laravel\\laravelPraktikum\\vendor\\laravel\\framework\\src\\Illuminate\\Support\\helpers.php(399): Illuminate\\Session\\Middleware\\StartSession->Illuminate\\Session\\Middleware\\{closure}(Object(Illuminate\\Session\\Store))
#26 D:\\praktikum_laravel\\laravelPraktikum\\vendor\\laravel\\framework\\src\\Illuminate\\Session\\Middleware\\StartSession.php(143): tap(Object(Illuminate\\Session\\Store), Object(Closure))
#27 D:\\praktikum_laravel\\laravelPraktikum\\vendor\\laravel\\framework\\src\\Illuminate\\Session\\Middleware\\StartSession.php(115): Illuminate\\Session\\Middleware\\StartSession->startSession(Object(Illuminate\\Http\\Request), Object(Illuminate\\Session\\Store))
#28 D:\\praktikum_laravel\\laravelPraktikum\\vendor\\laravel\\framework\\src\\Illuminate\\Session\\Middleware\\StartSession.php(63): Illuminate\\Session\\Middleware\\StartSession->handleStatefulRequest(Object(Illuminate\\Http\\Request), Object(Illuminate\\Session\\Store), Object(Closure))
#29 D:\\praktikum_laravel\\laravelPraktikum\\vendor\\laravel\\framework\\src\\Illuminate\\Pipeline\\Pipeline.php(208): Illuminate\\Session\\Middleware\\StartSession->handle(Object(Illuminate\\Http\\Request), Object(Closure))
#30 D:\\praktikum_laravel\\laravelPraktikum\\vendor\\laravel\\framework\\src\\Illuminate\\Cookie\\Middleware\\AddQueuedCookiesToResponse.php(36): Illuminate\\Pipeline\\Pipeline->Illuminate\\Pipeline\\{closure}(Object(Illuminate\\Http\\Request))
#31 D:\\praktikum_laravel\\laravelPraktikum\\vendor\\laravel\\framework\\src\\Illuminate\\Pipeline\\Pipeline.php(208): Illuminate\\Cookie\\Middleware\\AddQueuedCookiesToResponse->handle(Object(Illuminate\\Http\\Request), Object(Closure))
#32 D:\\praktikum_laravel\\laravelPraktikum\\vendor\\laravel\\framework\\src\\Illuminate\\Cookie\\Middleware\\EncryptCookies.php(74): Illuminate\\Pipeline\\Pipeline->Illuminate\\Pipeline\\{closure}(Object(Illuminate\\Http\\Request))
#33 D:\\praktikum_laravel\\laravelPraktikum\\vendor\\laravel\\framework\\src\\Illuminate\\Pipeline\\Pipeline.php(208): Illuminate\\Cookie\\Middleware\\EncryptCookies->handle(Object(Illuminate\\Http\\Request), Object(Closure))
#34 D:\\praktikum_laravel\\laravelPraktikum\\vendor\\laravel\\framework\\src\\Illuminate\\Pipeline\\Pipeline.php(126): Illuminate\\Pipeline\\Pipeline->Illuminate\\Pipeline\\{closure}(Object(Illuminate\\Http\\Request))
#35 D:\\praktikum_laravel\\laravelPraktikum\\vendor\\laravel\\framework\\src\\Illuminate\\Routing\\Router.php(807): Illuminate\\Pipeline\\Pipeline->then(Object(Closure))
#36 D:\\praktikum_laravel\\laravelPraktikum\\vendor\\laravel\\framework\\src\\Illuminate\\Routing\\Router.php(786): Illuminate\\Routing\\Router->runRouteWithinStack(Object(Illuminate\\Routing\\Route), Object(Illuminate\\Http\\Request))
#37 D:\\praktikum_laravel\\laravelPraktikum\\vendor\\laravel\\framework\\src\\Illuminate\\Routing\\Router.php(750): Illuminate\\Routing\\Router->runRoute(Object(Illuminate\\Http\\Request), Object(Illuminate\\Routing\\Route))
#38 D:\\praktikum_laravel\\laravelPraktikum\\vendor\\laravel\\framework\\src\\Illuminate\\Routing\\Router.php(739): Illuminate\\Routing\\Router->dispatchToRoute(Object(Illuminate\\Http\\Request))
#39 D:\\praktikum_laravel\\laravelPraktikum\\vendor\\laravel\\framework\\src\\Illuminate\\Foundation\\Http\\Kernel.php(200): Illuminate\\Routing\\Router->dispatch(Object(Illuminate\\Http\\Request))
#40 D:\\praktikum_laravel\\laravelPraktikum\\vendor\\laravel\\framework\\src\\Illuminate\\Pipeline\\Pipeline.php(169): Illuminate\\Foundation\\Http\\Kernel->Illuminate\\Foundation\\Http\\{closure}(Object(Illuminate\\Http\\Request))
#41 D:\\praktikum_laravel\\laravelPraktikum\\vendor\\laravel\\framework\\src\\Illuminate\\Foundation\\Http\\Middleware\\TransformsRequest.php(21): Illuminate\\Pipeline\\Pipeline->Illuminate\\Pipeline\\{closure}(Object(Illuminate\\Http\\Request))
#42 D:\\praktikum_laravel\\laravelPraktikum\\vendor\\laravel\\framework\\src\\Illuminate\\Foundation\\Http\\Middleware\\ConvertEmptyStringsToNull.php(31): Illuminate\\Foundation\\Http\\Middleware\\TransformsRequest->handle(Object(Illuminate\\Http\\Request), Object(Closure))
#43 D:\\praktikum_laravel\\laravelPraktikum\\vendor\\laravel\\framework\\src\\Illuminate\\Pipeline\\Pipeline.php(208): Illuminate\\Foundation\\Http\\Middleware\\ConvertEmptyStringsToNull->handle(Object(Illuminate\\Http\\Request), Object(Closure))
#44 D:\\praktikum_laravel\\laravelPraktikum\\vendor\\laravel\\framework\\src\\Illuminate\\Foundation\\Http\\Middleware\\TransformsRequest.php(21): Illuminate\\Pipeline\\Pipeline->Illuminate\\Pipeline\\{closure}(Object(Illuminate\\Http\\Request))
#45 D:\\praktikum_laravel\\laravelPraktikum\\vendor\\laravel\\framework\\src\\Illuminate\\Foundation\\Http\\Middleware\\TrimStrings.php(51): Illuminate\\Foundation\\Http\\Middleware\\TransformsRequest->handle(Object(Illuminate\\Http\\Request), Object(Closure))
#46 D:\\praktikum_laravel\\laravelPraktikum\\vendor\\laravel\\framework\\src\\Illuminate\\Pipeline\\Pipeline.php(208): Illuminate\\Foundation\\Http\\Middleware\\TrimStrings->handle(Object(Illuminate\\Http\\Request), Object(Closure))
#47 D:\\praktikum_laravel\\laravelPraktikum\\vendor\\laravel\\framework\\src\\Illuminate\\Http\\Middleware\\ValidatePostSize.php(27): Illuminate\\Pipeline\\Pipeline->Illuminate\\Pipeline\\{closure}(Object(Illuminate\\Http\\Request))
#48 D:\\praktikum_laravel\\laravelPraktikum\\vendor\\laravel\\framework\\src\\Illuminate\\Pipeline\\Pipeline.php(208): Illuminate\\Http\\Middleware\\ValidatePostSize->handle(Object(Illuminate\\Http\\Request), Object(Closure))
#49 D:\\praktikum_laravel\\laravelPraktikum\\vendor\\laravel\\framework\\src\\Illuminate\\Foundation\\Http\\Middleware\\PreventRequestsDuringMaintenance.php(109): Illuminate\\Pipeline\\Pipeline->Illuminate\\Pipeline\\{closure}(Object(Illuminate\\Http\\Request))
#50 D:\\praktikum_laravel\\laravelPraktikum\\vendor\\laravel\\framework\\src\\Illuminate\\Pipeline\\Pipeline.php(208): Illuminate\\Foundation\\Http\\Middleware\\PreventRequestsDuringMaintenance->handle(Object(Illuminate\\Http\\Request), Object(Closure))
#51 D:\\praktikum_laravel\\laravelPraktikum\\vendor\\laravel\\framework\\src\\Illuminate\\Http\\Middleware\\HandleCors.php(48): Illuminate\\Pipeline\\Pipeline->Illuminate\\Pipeline\\{closure}(Object(Illuminate\\Http\\Request))
#52 D:\\praktikum_laravel\\laravelPraktikum\\vendor\\laravel\\framework\\src\\Illuminate\\Pipeline\\Pipeline.php(208): Illuminate\\Http\\Middleware\\HandleCors->handle(Object(Illuminate\\Http\\Request), Object(Closure))
#53 D:\\praktikum_laravel\\laravelPraktikum\\vendor\\laravel\\framework\\src\\Illuminate\\Http\\Middleware\\TrustProxies.php(58): Illuminate\\Pipeline\\Pipeline->Illuminate\\Pipeline\\{closure}(Object(Illuminate\\Http\\Request))
#54 D:\\praktikum_laravel\\laravelPraktikum\\vendor\\laravel\\framework\\src\\Illuminate\\Pipeline\\Pipeline.php(208): Illuminate\\Http\\Middleware\\TrustProxies->handle(Object(Illuminate\\Http\\Request), Object(Closure))
#55 D:\\praktikum_laravel\\laravelPraktikum\\vendor\\laravel\\framework\\src\\Illuminate\\Foundation\\Http\\Middleware\\InvokeDeferredCallbacks.php(22): Illuminate\\Pipeline\\Pipeline->Illuminate\\Pipeline\\{closure}(Object(Illuminate\\Http\\Request))
#56 D:\\praktikum_laravel\\laravelPraktikum\\vendor\\laravel\\framework\\src\\Illuminate\\Pipeline\\Pipeline.php(208): Illuminate\\Foundation\\Http\\Middleware\\InvokeDeferredCallbacks->handle(Object(Illuminate\\Http\\Request), Object(Closure))
#57 D:\\praktikum_laravel\\laravelPraktikum\\vendor\\laravel\\framework\\src\\Illuminate\\Http\\Middleware\\ValidatePathEncoding.php(26): Illuminate\\Pipeline\\Pipeline->Illuminate\\Pipeline\\{closure}(Object(Illuminate\\Http\\Request))
#58 D:\\praktikum_laravel\\laravelPraktikum\\vendor\\laravel\\framework\\src\\Illuminate\\Pipeline\\Pipeline.php(208): Illuminate\\Http\\Middleware\\ValidatePathEncoding->handle(Object(Illuminate\\Http\\Request), Object(Closure))
#59 D:\\praktikum_laravel\\laravelPraktikum\\vendor\\laravel\\framework\\src\\Illuminate\\Pipeline\\Pipeline.php(126): Illuminate\\Pipeline\\Pipeline->Illuminate\\Pipeline\\{closure}(Object(Illuminate\\Http\\Request))
#60 D:\\praktikum_laravel\\laravelPraktikum\\vendor\\laravel\\framework\\src\\Illuminate\\Foundation\\Http\\Kernel.php(175): Illuminate\\Pipeline\\Pipeline->then(Object(Closure))
#61 D:\\praktikum_laravel\\laravelPraktikum\\vendor\\laravel\\framework\\src\\Illuminate\\Foundation\\Http\\Kernel.php(144): Illuminate\\Foundation\\Http\\Kernel->sendRequestThroughRouter(Object(Illuminate\\Http\\Request))
#62 D:\\praktikum_laravel\\laravelPraktikum\\vendor\\laravel\\framework\\src\\Illuminate\\Foundation\\Application.php(1219): Illuminate\\Foundation\\Http\\Kernel->handle(Object(Illuminate\\Http\\Request))
#63 D:\\praktikum_laravel\\laravelPraktikum\\public\\index.php(20): Illuminate\\Foundation\\Application->handleRequest(Object(Illuminate\\Http\\Request))
#64 D:\\praktikum_laravel\\laravelPraktikum\\vendor\\laravel\\framework\\src\\Illuminate\\Foundation\\resources\\server.php(23): require_once('D:\\\\praktikum_la...')
#65 {main}
"} 
[2025-05-14 05:31:56] local.ERROR: include(D:\praktikum_laravel\laravelPraktikum\vendor\composer/../../app/Http/Controllers/Controller.php): Failed to open stream: No such file or directory {"exception":"[object] (ErrorException(code: 0): include(D:\\praktikum_laravel\\laravelPraktikum\\vendor\\composer/../../app/Http/Controllers/Controller.php): Failed to open stream: No such file or directory at D:\\praktikum_laravel\\laravelPraktikum\\vendor\\composer\\ClassLoader.php:576)
[stacktrace]
#0 D:\\praktikum_laravel\\laravelPraktikum\\vendor\\laravel\\framework\\src\\Illuminate\\Foundation\\Bootstrap\\HandleExceptions.php(256): Illuminate\\Foundation\\Bootstrap\\HandleExceptions->handleError(2, 'include(D:\\\\prak...', 'D:\\\\praktikum_la...', 576)
#1 D:\\praktikum_laravel\\laravelPraktikum\\vendor\\composer\\ClassLoader.php(576): Illuminate\\Foundation\\Bootstrap\\HandleExceptions->Illuminate\\Foundation\\Bootstrap\\{closure}(2, 'include(D:\\\\prak...', 'D:\\\\praktikum_la...', 576)
#2 D:\\praktikum_laravel\\laravelPraktikum\\vendor\\composer\\ClassLoader.php(576): include('D:\\\\praktikum_la...')
#3 D:\\praktikum_laravel\\laravelPraktikum\\vendor\\composer\\ClassLoader.php(427): Composer\\Autoload\\{closure}('D:\\\\praktikum_la...')
#4 D:\\praktikum_laravel\\laravelPraktikum\\app\\Http\\Controllers\\biodataController.php(7): Composer\\Autoload\\ClassLoader->loadClass('App\\\\Http\\\\Contro...')
#5 D:\\praktikum_laravel\\laravelPraktikum\\vendor\\composer\\ClassLoader.php(576): include('D:\\\\praktikum_la...')
#6 D:\\praktikum_laravel\\laravelPraktikum\\vendor\\composer\\ClassLoader.php(427): Composer\\Autoload\\{closure}('D:\\\\praktikum_la...')
#7 [internal function]: Composer\\Autoload\\ClassLoader->loadClass('App\\\\Http\\\\Contro...')
#8 D:\\praktikum_laravel\\laravelPraktikum\\vendor\\laravel\\framework\\src\\Illuminate\\Routing\\Route.php(1119): is_a('App\\\\Http\\\\Contro...', 'Illuminate\\\\Rout...', true)
#9 D:\\praktikum_laravel\\laravelPraktikum\\vendor\\laravel\\framework\\src\\Illuminate\\Routing\\Route.php(1056): Illuminate\\Routing\\Route->controllerMiddleware()
#10 D:\\praktikum_laravel\\laravelPraktikum\\vendor\\laravel\\framework\\src\\Illuminate\\Routing\\Router.php(820): Illuminate\\Routing\\Route->gatherMiddleware()
#11 D:\\praktikum_laravel\\laravelPraktikum\\vendor\\laravel\\framework\\src\\Illuminate\\Routing\\Router.php(802): Illuminate\\Routing\\Router->gatherRouteMiddleware(Object(Illuminate\\Routing\\Route))
#12 D:\\praktikum_laravel\\laravelPraktikum\\vendor\\laravel\\framework\\src\\Illuminate\\Routing\\Router.php(786): Illuminate\\Routing\\Router->runRouteWithinStack(Object(Illuminate\\Routing\\Route), Object(Illuminate\\Http\\Request))
#13 D:\\praktikum_laravel\\laravelPraktikum\\vendor\\laravel\\framework\\src\\Illuminate\\Routing\\Router.php(750): Illuminate\\Routing\\Router->runRoute(Object(Illuminate\\Http\\Request), Object(Illuminate\\Routing\\Route))
#14 D:\\praktikum_laravel\\laravelPraktikum\\vendor\\laravel\\framework\\src\\Illuminate\\Routing\\Router.php(739): Illuminate\\Routing\\Router->dispatchToRoute(Object(Illuminate\\Http\\Request))
#15 D:\\praktikum_laravel\\laravelPraktikum\\vendor\\laravel\\framework\\src\\Illuminate\\Foundation\\Http\\Kernel.php(200): Illuminate\\Routing\\Router->dispatch(Object(Illuminate\\Http\\Request))
#16 D:\\praktikum_laravel\\laravelPraktikum\\vendor\\laravel\\framework\\src\\Illuminate\\Pipeline\\Pipeline.php(169): Illuminate\\Foundation\\Http\\Kernel->Illuminate\\Foundation\\Http\\{closure}(Object(Illuminate\\Http\\Request))
#17 D:\\praktikum_laravel\\laravelPraktikum\\vendor\\laravel\\framework\\src\\Illuminate\\Foundation\\Http\\Middleware\\TransformsRequest.php(21): Illuminate\\Pipeline\\Pipeline->Illuminate\\Pipeline\\{closure}(Object(Illuminate\\Http\\Request))
#18 D:\\praktikum_laravel\\laravelPraktikum\\vendor\\laravel\\framework\\src\\Illuminate\\Foundation\\Http\\Middleware\\ConvertEmptyStringsToNull.php(31): Illuminate\\Foundation\\Http\\Middleware\\TransformsRequest->handle(Object(Illuminate\\Http\\Request), Object(Closure))
#19 D:\\praktikum_laravel\\laravelPraktikum\\vendor\\laravel\\framework\\src\\Illuminate\\Pipeline\\Pipeline.php(208): Illuminate\\Foundation\\Http\\Middleware\\ConvertEmptyStringsToNull->handle(Object(Illuminate\\Http\\Request), Object(Closure))
#20 D:\\praktikum_laravel\\laravelPraktikum\\vendor\\laravel\\framework\\src\\Illuminate\\Foundation\\Http\\Middleware\\TransformsRequest.php(21): Illuminate\\Pipeline\\Pipeline->Illuminate\\Pipeline\\{closure}(Object(Illuminate\\Http\\Request))
#21 D:\\praktikum_laravel\\laravelPraktikum\\vendor\\laravel\\framework\\src\\Illuminate\\Foundation\\Http\\Middleware\\TrimStrings.php(51): Illuminate\\Foundation\\Http\\Middleware\\TransformsRequest->handle(Object(Illuminate\\Http\\Request), Object(Closure))
#22 D:\\praktikum_laravel\\laravelPraktikum\\vendor\\laravel\\framework\\src\\Illuminate\\Pipeline\\Pipeline.php(208): Illuminate\\Foundation\\Http\\Middleware\\TrimStrings->handle(Object(Illuminate\\Http\\Request), Object(Closure))
#23 D:\\praktikum_laravel\\laravelPraktikum\\vendor\\laravel\\framework\\src\\Illuminate\\Http\\Middleware\\ValidatePostSize.php(27): Illuminate\\Pipeline\\Pipeline->Illuminate\\Pipeline\\{closure}(Object(Illuminate\\Http\\Request))
#24 D:\\praktikum_laravel\\laravelPraktikum\\vendor\\laravel\\framework\\src\\Illuminate\\Pipeline\\Pipeline.php(208): Illuminate\\Http\\Middleware\\ValidatePostSize->handle(Object(Illuminate\\Http\\Request), Object(Closure))
#25 D:\\praktikum_laravel\\laravelPraktikum\\vendor\\laravel\\framework\\src\\Illuminate\\Foundation\\Http\\Middleware\\PreventRequestsDuringMaintenance.php(109): Illuminate\\Pipeline\\Pipeline->Illuminate\\Pipeline\\{closure}(Object(Illuminate\\Http\\Request))
#26 D:\\praktikum_laravel\\laravelPraktikum\\vendor\\laravel\\framework\\src\\Illuminate\\Pipeline\\Pipeline.php(208): Illuminate\\Foundation\\Http\\Middleware\\PreventRequestsDuringMaintenance->handle(Object(Illuminate\\Http\\Request), Object(Closure))
#27 D:\\praktikum_laravel\\laravelPraktikum\\vendor\\laravel\\framework\\src\\Illuminate\\Http\\Middleware\\HandleCors.php(48): Illuminate\\Pipeline\\Pipeline->Illuminate\\Pipeline\\{closure}(Object(Illuminate\\Http\\Request))
#28 D:\\praktikum_laravel\\laravelPraktikum\\vendor\\laravel\\framework\\src\\Illuminate\\Pipeline\\Pipeline.php(208): Illuminate\\Http\\Middleware\\HandleCors->handle(Object(Illuminate\\Http\\Request), Object(Closure))
#29 D:\\praktikum_laravel\\laravelPraktikum\\vendor\\laravel\\framework\\src\\Illuminate\\Http\\Middleware\\TrustProxies.php(58): Illuminate\\Pipeline\\Pipeline->Illuminate\\Pipeline\\{closure}(Object(Illuminate\\Http\\Request))
#30 D:\\praktikum_laravel\\laravelPraktikum\\vendor\\laravel\\framework\\src\\Illuminate\\Pipeline\\Pipeline.php(208): Illuminate\\Http\\Middleware\\TrustProxies->handle(Object(Illuminate\\Http\\Request), Object(Closure))
#31 D:\\praktikum_laravel\\laravelPraktikum\\vendor\\laravel\\framework\\src\\Illuminate\\Foundation\\Http\\Middleware\\InvokeDeferredCallbacks.php(22): Illuminate\\Pipeline\\Pipeline->Illuminate\\Pipeline\\{closure}(Object(Illuminate\\Http\\Request))
#32 D:\\praktikum_laravel\\laravelPraktikum\\vendor\\laravel\\framework\\src\\Illuminate\\Pipeline\\Pipeline.php(208): Illuminate\\Foundation\\Http\\Middleware\\InvokeDeferredCallbacks->handle(Object(Illuminate\\Http\\Request), Object(Closure))
#33 D:\\praktikum_laravel\\laravelPraktikum\\vendor\\laravel\\framework\\src\\Illuminate\\Http\\Middleware\\ValidatePathEncoding.php(26): Illuminate\\Pipeline\\Pipeline->Illuminate\\Pipeline\\{closure}(Object(Illuminate\\Http\\Request))
#34 D:\\praktikum_laravel\\laravelPraktikum\\vendor\\laravel\\framework\\src\\Illuminate\\Pipeline\\Pipeline.php(208): Illuminate\\Http\\Middleware\\ValidatePathEncoding->handle(Object(Illuminate\\Http\\Request), Object(Closure))
#35 D:\\praktikum_laravel\\laravelPraktikum\\vendor\\laravel\\framework\\src\\Illuminate\\Pipeline\\Pipeline.php(126): Illuminate\\Pipeline\\Pipeline->Illuminate\\Pipeline\\{closure}(Object(Illuminate\\Http\\Request))
#36 D:\\praktikum_laravel\\laravelPraktikum\\vendor\\laravel\\framework\\src\\Illuminate\\Foundation\\Http\\Kernel.php(175): Illuminate\\Pipeline\\Pipeline->then(Object(Closure))
#37 D:\\praktikum_laravel\\laravelPraktikum\\vendor\\laravel\\framework\\src\\Illuminate\\Foundation\\Http\\Kernel.php(144): Illuminate\\Foundation\\Http\\Kernel->sendRequestThroughRouter(Object(Illuminate\\Http\\Request))
#38 D:\\praktikum_laravel\\laravelPraktikum\\vendor\\laravel\\framework\\src\\Illuminate\\Foundation\\Application.php(1219): Illuminate\\Foundation\\Http\\Kernel->handle(Object(Illuminate\\Http\\Request))
#39 D:\\praktikum_laravel\\laravelPraktikum\\public\\index.php(20): Illuminate\\Foundation\\Application->handleRequest(Object(Illuminate\\Http\\Request))
#40 D:\\praktikum_laravel\\laravelPraktikum\\vendor\\laravel\\framework\\src\\Illuminate\\Foundation\\resources\\server.php(23): require_once('D:\\\\praktikum_la...')
#41 {main}
"} 
[2025-05-14 05:32:39] local.ERROR: include(D:\praktikum_laravel\laravelPraktikum\vendor\composer/../../app/Http/Controllers/Controller.php): Failed to open stream: No such file or directory {"exception":"[object] (ErrorException(code: 0): include(D:\\praktikum_laravel\\laravelPraktikum\\vendor\\composer/../../app/Http/Controllers/Controller.php): Failed to open stream: No such file or directory at D:\\praktikum_laravel\\laravelPraktikum\\vendor\\composer\\ClassLoader.php:576)
[stacktrace]
#0 D:\\praktikum_laravel\\laravelPraktikum\\vendor\\laravel\\framework\\src\\Illuminate\\Foundation\\Bootstrap\\HandleExceptions.php(256): Illuminate\\Foundation\\Bootstrap\\HandleExceptions->handleError(2, 'include(D:\\\\prak...', 'D:\\\\praktikum_la...', 576)
#1 D:\\praktikum_laravel\\laravelPraktikum\\vendor\\composer\\ClassLoader.php(576): Illuminate\\Foundation\\Bootstrap\\HandleExceptions->Illuminate\\Foundation\\Bootstrap\\{closure}(2, 'include(D:\\\\prak...', 'D:\\\\praktikum_la...', 576)
#2 D:\\praktikum_laravel\\laravelPraktikum\\vendor\\composer\\ClassLoader.php(576): include('D:\\\\praktikum_la...')
#3 D:\\praktikum_laravel\\laravelPraktikum\\vendor\\composer\\ClassLoader.php(427): Composer\\Autoload\\{closure}('D:\\\\praktikum_la...')
#4 D:\\praktikum_laravel\\laravelPraktikum\\app\\Http\\Controllers\\biodataController.php(7): Composer\\Autoload\\ClassLoader->loadClass('App\\\\Http\\\\Contro...')
#5 D:\\praktikum_laravel\\laravelPraktikum\\vendor\\composer\\ClassLoader.php(576): include('D:\\\\praktikum_la...')
#6 D:\\praktikum_laravel\\laravelPraktikum\\vendor\\composer\\ClassLoader.php(427): Composer\\Autoload\\{closure}('D:\\\\praktikum_la...')
#7 [internal function]: Composer\\Autoload\\ClassLoader->loadClass('App\\\\Http\\\\Contro...')
#8 D:\\praktikum_laravel\\laravelPraktikum\\vendor\\laravel\\framework\\src\\Illuminate\\Routing\\Route.php(1119): is_a('App\\\\Http\\\\Contro...', 'Illuminate\\\\Rout...', true)
#9 D:\\praktikum_laravel\\laravelPraktikum\\vendor\\laravel\\framework\\src\\Illuminate\\Routing\\Route.php(1056): Illuminate\\Routing\\Route->controllerMiddleware()
#10 D:\\praktikum_laravel\\laravelPraktikum\\vendor\\laravel\\framework\\src\\Illuminate\\Routing\\Router.php(820): Illuminate\\Routing\\Route->gatherMiddleware()
#11 D:\\praktikum_laravel\\laravelPraktikum\\vendor\\laravel\\framework\\src\\Illuminate\\Routing\\Router.php(802): Illuminate\\Routing\\Router->gatherRouteMiddleware(Object(Illuminate\\Routing\\Route))
#12 D:\\praktikum_laravel\\laravelPraktikum\\vendor\\laravel\\framework\\src\\Illuminate\\Routing\\Router.php(786): Illuminate\\Routing\\Router->runRouteWithinStack(Object(Illuminate\\Routing\\Route), Object(Illuminate\\Http\\Request))
#13 D:\\praktikum_laravel\\laravelPraktikum\\vendor\\laravel\\framework\\src\\Illuminate\\Routing\\Router.php(750): Illuminate\\Routing\\Router->runRoute(Object(Illuminate\\Http\\Request), Object(Illuminate\\Routing\\Route))
#14 D:\\praktikum_laravel\\laravelPraktikum\\vendor\\laravel\\framework\\src\\Illuminate\\Routing\\Router.php(739): Illuminate\\Routing\\Router->dispatchToRoute(Object(Illuminate\\Http\\Request))
#15 D:\\praktikum_laravel\\laravelPraktikum\\vendor\\laravel\\framework\\src\\Illuminate\\Foundation\\Http\\Kernel.php(200): Illuminate\\Routing\\Router->dispatch(Object(Illuminate\\Http\\Request))
#16 D:\\praktikum_laravel\\laravelPraktikum\\vendor\\laravel\\framework\\src\\Illuminate\\Pipeline\\Pipeline.php(169): Illuminate\\Foundation\\Http\\Kernel->Illuminate\\Foundation\\Http\\{closure}(Object(Illuminate\\Http\\Request))
#17 D:\\praktikum_laravel\\laravelPraktikum\\vendor\\laravel\\framework\\src\\Illuminate\\Foundation\\Http\\Middleware\\TransformsRequest.php(21): Illuminate\\Pipeline\\Pipeline->Illuminate\\Pipeline\\{closure}(Object(Illuminate\\Http\\Request))
#18 D:\\praktikum_laravel\\laravelPraktikum\\vendor\\laravel\\framework\\src\\Illuminate\\Foundation\\Http\\Middleware\\ConvertEmptyStringsToNull.php(31): Illuminate\\Foundation\\Http\\Middleware\\TransformsRequest->handle(Object(Illuminate\\Http\\Request), Object(Closure))
#19 D:\\praktikum_laravel\\laravelPraktikum\\vendor\\laravel\\framework\\src\\Illuminate\\Pipeline\\Pipeline.php(208): Illuminate\\Foundation\\Http\\Middleware\\ConvertEmptyStringsToNull->handle(Object(Illuminate\\Http\\Request), Object(Closure))
#20 D:\\praktikum_laravel\\laravelPraktikum\\vendor\\laravel\\framework\\src\\Illuminate\\Foundation\\Http\\Middleware\\TransformsRequest.php(21): Illuminate\\Pipeline\\Pipeline->Illuminate\\Pipeline\\{closure}(Object(Illuminate\\Http\\Request))
#21 D:\\praktikum_laravel\\laravelPraktikum\\vendor\\laravel\\framework\\src\\Illuminate\\Foundation\\Http\\Middleware\\TrimStrings.php(51): Illuminate\\Foundation\\Http\\Middleware\\TransformsRequest->handle(Object(Illuminate\\Http\\Request), Object(Closure))
#22 D:\\praktikum_laravel\\laravelPraktikum\\vendor\\laravel\\framework\\src\\Illuminate\\Pipeline\\Pipeline.php(208): Illuminate\\Foundation\\Http\\Middleware\\TrimStrings->handle(Object(Illuminate\\Http\\Request), Object(Closure))
#23 D:\\praktikum_laravel\\laravelPraktikum\\vendor\\laravel\\framework\\src\\Illuminate\\Http\\Middleware\\ValidatePostSize.php(27): Illuminate\\Pipeline\\Pipeline->Illuminate\\Pipeline\\{closure}(Object(Illuminate\\Http\\Request))
#24 D:\\praktikum_laravel\\laravelPraktikum\\vendor\\laravel\\framework\\src\\Illuminate\\Pipeline\\Pipeline.php(208): Illuminate\\Http\\Middleware\\ValidatePostSize->handle(Object(Illuminate\\Http\\Request), Object(Closure))
#25 D:\\praktikum_laravel\\laravelPraktikum\\vendor\\laravel\\framework\\src\\Illuminate\\Foundation\\Http\\Middleware\\PreventRequestsDuringMaintenance.php(109): Illuminate\\Pipeline\\Pipeline->Illuminate\\Pipeline\\{closure}(Object(Illuminate\\Http\\Request))
#26 D:\\praktikum_laravel\\laravelPraktikum\\vendor\\laravel\\framework\\src\\Illuminate\\Pipeline\\Pipeline.php(208): Illuminate\\Foundation\\Http\\Middleware\\PreventRequestsDuringMaintenance->handle(Object(Illuminate\\Http\\Request), Object(Closure))
#27 D:\\praktikum_laravel\\laravelPraktikum\\vendor\\laravel\\framework\\src\\Illuminate\\Http\\Middleware\\HandleCors.php(48): Illuminate\\Pipeline\\Pipeline->Illuminate\\Pipeline\\{closure}(Object(Illuminate\\Http\\Request))
#28 D:\\praktikum_laravel\\laravelPraktikum\\vendor\\laravel\\framework\\src\\Illuminate\\Pipeline\\Pipeline.php(208): Illuminate\\Http\\Middleware\\HandleCors->handle(Object(Illuminate\\Http\\Request), Object(Closure))
#29 D:\\praktikum_laravel\\laravelPraktikum\\vendor\\laravel\\framework\\src\\Illuminate\\Http\\Middleware\\TrustProxies.php(58): Illuminate\\Pipeline\\Pipeline->Illuminate\\Pipeline\\{closure}(Object(Illuminate\\Http\\Request))
#30 D:\\praktikum_laravel\\laravelPraktikum\\vendor\\laravel\\framework\\src\\Illuminate\\Pipeline\\Pipeline.php(208): Illuminate\\Http\\Middleware\\TrustProxies->handle(Object(Illuminate\\Http\\Request), Object(Closure))
#31 D:\\praktikum_laravel\\laravelPraktikum\\vendor\\laravel\\framework\\src\\Illuminate\\Foundation\\Http\\Middleware\\InvokeDeferredCallbacks.php(22): Illuminate\\Pipeline\\Pipeline->Illuminate\\Pipeline\\{closure}(Object(Illuminate\\Http\\Request))
#32 D:\\praktikum_laravel\\laravelPraktikum\\vendor\\laravel\\framework\\src\\Illuminate\\Pipeline\\Pipeline.php(208): Illuminate\\Foundation\\Http\\Middleware\\InvokeDeferredCallbacks->handle(Object(Illuminate\\Http\\Request), Object(Closure))
#33 D:\\praktikum_laravel\\laravelPraktikum\\vendor\\laravel\\framework\\src\\Illuminate\\Http\\Middleware\\ValidatePathEncoding.php(26): Illuminate\\Pipeline\\Pipeline->Illuminate\\Pipeline\\{closure}(Object(Illuminate\\Http\\Request))
#34 D:\\praktikum_laravel\\laravelPraktikum\\vendor\\laravel\\framework\\src\\Illuminate\\Pipeline\\Pipeline.php(208): Illuminate\\Http\\Middleware\\ValidatePathEncoding->handle(Object(Illuminate\\Http\\Request), Object(Closure))
#35 D:\\praktikum_laravel\\laravelPraktikum\\vendor\\laravel\\framework\\src\\Illuminate\\Pipeline\\Pipeline.php(126): Illuminate\\Pipeline\\Pipeline->Illuminate\\Pipeline\\{closure}(Object(Illuminate\\Http\\Request))
#36 D:\\praktikum_laravel\\laravelPraktikum\\vendor\\laravel\\framework\\src\\Illuminate\\Foundation\\Http\\Kernel.php(175): Illuminate\\Pipeline\\Pipeline->then(Object(Closure))
#37 D:\\praktikum_laravel\\laravelPraktikum\\vendor\\laravel\\framework\\src\\Illuminate\\Foundation\\Http\\Kernel.php(144): Illuminate\\Foundation\\Http\\Kernel->sendRequestThroughRouter(Object(Illuminate\\Http\\Request))
#38 D:\\praktikum_laravel\\laravelPraktikum\\vendor\\laravel\\framework\\src\\Illuminate\\Foundation\\Application.php(1219): Illuminate\\Foundation\\Http\\Kernel->handle(Object(Illuminate\\Http\\Request))
#39 D:\\praktikum_laravel\\laravelPraktikum\\public\\index.php(20): Illuminate\\Foundation\\Application->handleRequest(Object(Illuminate\\Http\\Request))
#40 D:\\praktikum_laravel\\laravelPraktikum\\vendor\\laravel\\framework\\src\\Illuminate\\Foundation\\resources\\server.php(23): require_once('D:\\\\praktikum_la...')
#41 {main}
"} 
[2025-05-14 05:33:26] local.ERROR: SQLSTATE[HY000] [2002] No connection could be made because the target machine actively refused it (Connection: mysql, SQL: select * from `sessions` where `id` = YSDTdKCD221EUKMpP65GwEho9R14nfIaty8bs7V8 limit 1) {"exception":"[object] (Illuminate\\Database\\QueryException(code: 2002): SQLSTATE[HY000] [2002] No connection could be made because the target machine actively refused it (Connection: mysql, SQL: select * from `sessions` where `id` = YSDTdKCD221EUKMpP65GwEho9R14nfIaty8bs7V8 limit 1) at D:\\praktikum_laravel\\laravelPraktikum\\vendor\\laravel\\framework\\src\\Illuminate\\Database\\Connection.php:822)
[stacktrace]
#0 D:\\praktikum_laravel\\laravelPraktikum\\vendor\\laravel\\framework\\src\\Illuminate\\Database\\Connection.php(976): Illuminate\\Database\\Connection->runQueryCallback('select * from `...', Array, Object(Closure))
#1 D:\\praktikum_laravel\\laravelPraktikum\\vendor\\laravel\\framework\\src\\Illuminate\\Database\\Connection.php(955): Illuminate\\Database\\Connection->tryAgainIfCausedByLostConnection(Object(Illuminate\\Database\\QueryException), 'select * from `...', Array, Object(Closure))
#2 D:\\praktikum_laravel\\laravelPraktikum\\vendor\\laravel\\framework\\src\\Illuminate\\Database\\Connection.php(778): Illuminate\\Database\\Connection->handleQueryException(Object(Illuminate\\Database\\QueryException), 'select * from `...', Array, Object(Closure))
#3 D:\\praktikum_laravel\\laravelPraktikum\\vendor\\laravel\\framework\\src\\Illuminate\\Database\\Connection.php(395): Illuminate\\Database\\Connection->run('select * from `...', Array, Object(Closure))
#4 D:\\praktikum_laravel\\laravelPraktikum\\vendor\\laravel\\framework\\src\\Illuminate\\Database\\Query\\Builder.php(3120): Illuminate\\Database\\Connection->select('select * from `...', Array, false)
#5 D:\\praktikum_laravel\\laravelPraktikum\\vendor\\laravel\\framework\\src\\Illuminate\\Database\\Query\\Builder.php(3105): Illuminate\\Database\\Query\\Builder->runSelect()
#6 D:\\praktikum_laravel\\laravelPraktikum\\vendor\\laravel\\framework\\src\\Illuminate\\Database\\Query\\Builder.php(3695): Illuminate\\Database\\Query\\Builder->Illuminate\\Database\\Query\\{closure}()
#7 D:\\praktikum_laravel\\laravelPraktikum\\vendor\\laravel\\framework\\src\\Illuminate\\Database\\Query\\Builder.php(3104): Illuminate\\Database\\Query\\Builder->onceWithColumns(Array, Object(Closure))
#8 D:\\praktikum_laravel\\laravelPraktikum\\vendor\\laravel\\framework\\src\\Illuminate\\Database\\Concerns\\BuildsQueries.php(366): Illuminate\\Database\\Query\\Builder->get(Array)
#9 D:\\praktikum_laravel\\laravelPraktikum\\vendor\\laravel\\framework\\src\\Illuminate\\Database\\Query\\Builder.php(3027): Illuminate\\Database\\Query\\Builder->first(Array)
#10 D:\\praktikum_laravel\\laravelPraktikum\\vendor\\laravel\\framework\\src\\Illuminate\\Session\\DatabaseSessionHandler.php(96): Illuminate\\Database\\Query\\Builder->find('YSDTdKCD221EUKM...')
#11 D:\\praktikum_laravel\\laravelPraktikum\\vendor\\laravel\\framework\\src\\Illuminate\\Session\\Store.php(116): Illuminate\\Session\\DatabaseSessionHandler->read('YSDTdKCD221EUKM...')
#12 D:\\praktikum_laravel\\laravelPraktikum\\vendor\\laravel\\framework\\src\\Illuminate\\Session\\Store.php(104): Illuminate\\Session\\Store->readFromHandler()
#13 D:\\praktikum_laravel\\laravelPraktikum\\vendor\\laravel\\framework\\src\\Illuminate\\Session\\Store.php(88): Illuminate\\Session\\Store->loadSession()
#14 D:\\praktikum_laravel\\laravelPraktikum\\vendor\\laravel\\framework\\src\\Illuminate\\Session\\Middleware\\StartSession.php(146): Illuminate\\Session\\Store->start()
#15 D:\\praktikum_laravel\\laravelPraktikum\\vendor\\laravel\\framework\\src\\Illuminate\\Support\\helpers.php(399): Illuminate\\Session\\Middleware\\StartSession->Illuminate\\Session\\Middleware\\{closure}(Object(Illuminate\\Session\\Store))
#16 D:\\praktikum_laravel\\laravelPraktikum\\vendor\\laravel\\framework\\src\\Illuminate\\Session\\Middleware\\StartSession.php(143): tap(Object(Illuminate\\Session\\Store), Object(Closure))
#17 D:\\praktikum_laravel\\laravelPraktikum\\vendor\\laravel\\framework\\src\\Illuminate\\Session\\Middleware\\StartSession.php(115): Illuminate\\Session\\Middleware\\StartSession->startSession(Object(Illuminate\\Http\\Request), Object(Illuminate\\Session\\Store))
#18 D:\\praktikum_laravel\\laravelPraktikum\\vendor\\laravel\\framework\\src\\Illuminate\\Session\\Middleware\\StartSession.php(63): Illuminate\\Session\\Middleware\\StartSession->handleStatefulRequest(Object(Illuminate\\Http\\Request), Object(Illuminate\\Session\\Store), Object(Closure))
#19 D:\\praktikum_laravel\\laravelPraktikum\\vendor\\laravel\\framework\\src\\Illuminate\\Pipeline\\Pipeline.php(208): Illuminate\\Session\\Middleware\\StartSession->handle(Object(Illuminate\\Http\\Request), Object(Closure))
#20 D:\\praktikum_laravel\\laravelPraktikum\\vendor\\laravel\\framework\\src\\Illuminate\\Cookie\\Middleware\\AddQueuedCookiesToResponse.php(36): Illuminate\\Pipeline\\Pipeline->Illuminate\\Pipeline\\{closure}(Object(Illuminate\\Http\\Request))
#21 D:\\praktikum_laravel\\laravelPraktikum\\vendor\\laravel\\framework\\src\\Illuminate\\Pipeline\\Pipeline.php(208): Illuminate\\Cookie\\Middleware\\AddQueuedCookiesToResponse->handle(Object(Illuminate\\Http\\Request), Object(Closure))
#22 D:\\praktikum_laravel\\laravelPraktikum\\vendor\\laravel\\framework\\src\\Illuminate\\Cookie\\Middleware\\EncryptCookies.php(74): Illuminate\\Pipeline\\Pipeline->Illuminate\\Pipeline\\{closure}(Object(Illuminate\\Http\\Request))
#23 D:\\praktikum_laravel\\laravelPraktikum\\vendor\\laravel\\framework\\src\\Illuminate\\Pipeline\\Pipeline.php(208): Illuminate\\Cookie\\Middleware\\EncryptCookies->handle(Object(Illuminate\\Http\\Request), Object(Closure))
#24 D:\\praktikum_laravel\\laravelPraktikum\\vendor\\laravel\\framework\\src\\Illuminate\\Pipeline\\Pipeline.php(126): Illuminate\\Pipeline\\Pipeline->Illuminate\\Pipeline\\{closure}(Object(Illuminate\\Http\\Request))
#25 D:\\praktikum_laravel\\laravelPraktikum\\vendor\\laravel\\framework\\src\\Illuminate\\Routing\\Router.php(807): Illuminate\\Pipeline\\Pipeline->then(Object(Closure))
#26 D:\\praktikum_laravel\\laravelPraktikum\\vendor\\laravel\\framework\\src\\Illuminate\\Routing\\Router.php(786): Illuminate\\Routing\\Router->runRouteWithinStack(Object(Illuminate\\Routing\\Route), Object(Illuminate\\Http\\Request))
#27 D:\\praktikum_laravel\\laravelPraktikum\\vendor\\laravel\\framework\\src\\Illuminate\\Routing\\Router.php(750): Illuminate\\Routing\\Router->runRoute(Object(Illuminate\\Http\\Request), Object(Illuminate\\Routing\\Route))
#28 D:\\praktikum_laravel\\laravelPraktikum\\vendor\\laravel\\framework\\src\\Illuminate\\Routing\\Router.php(739): Illuminate\\Routing\\Router->dispatchToRoute(Object(Illuminate\\Http\\Request))
#29 D:\\praktikum_laravel\\laravelPraktikum\\vendor\\laravel\\framework\\src\\Illuminate\\Foundation\\Http\\Kernel.php(200): Illuminate\\Routing\\Router->dispatch(Object(Illuminate\\Http\\Request))
#30 D:\\praktikum_laravel\\laravelPraktikum\\vendor\\laravel\\framework\\src\\Illuminate\\Pipeline\\Pipeline.php(169): Illuminate\\Foundation\\Http\\Kernel->Illuminate\\Foundation\\Http\\{closure}(Object(Illuminate\\Http\\Request))
#31 D:\\praktikum_laravel\\laravelPraktikum\\vendor\\laravel\\framework\\src\\Illuminate\\Foundation\\Http\\Middleware\\TransformsRequest.php(21): Illuminate\\Pipeline\\Pipeline->Illuminate\\Pipeline\\{closure}(Object(Illuminate\\Http\\Request))
#32 D:\\praktikum_laravel\\laravelPraktikum\\vendor\\laravel\\framework\\src\\Illuminate\\Foundation\\Http\\Middleware\\ConvertEmptyStringsToNull.php(31): Illuminate\\Foundation\\Http\\Middleware\\TransformsRequest->handle(Object(Illuminate\\Http\\Request), Object(Closure))
#33 D:\\praktikum_laravel\\laravelPraktikum\\vendor\\laravel\\framework\\src\\Illuminate\\Pipeline\\Pipeline.php(208): Illuminate\\Foundation\\Http\\Middleware\\ConvertEmptyStringsToNull->handle(Object(Illuminate\\Http\\Request), Object(Closure))
#34 D:\\praktikum_laravel\\laravelPraktikum\\vendor\\laravel\\framework\\src\\Illuminate\\Foundation\\Http\\Middleware\\TransformsRequest.php(21): Illuminate\\Pipeline\\Pipeline->Illuminate\\Pipeline\\{closure}(Object(Illuminate\\Http\\Request))
#35 D:\\praktikum_laravel\\laravelPraktikum\\vendor\\laravel\\framework\\src\\Illuminate\\Foundation\\Http\\Middleware\\TrimStrings.php(51): Illuminate\\Foundation\\Http\\Middleware\\TransformsRequest->handle(Object(Illuminate\\Http\\Request), Object(Closure))
#36 D:\\praktikum_laravel\\laravelPraktikum\\vendor\\laravel\\framework\\src\\Illuminate\\Pipeline\\Pipeline.php(208): Illuminate\\Foundation\\Http\\Middleware\\TrimStrings->handle(Object(Illuminate\\Http\\Request), Object(Closure))
#37 D:\\praktikum_laravel\\laravelPraktikum\\vendor\\laravel\\framework\\src\\Illuminate\\Http\\Middleware\\ValidatePostSize.php(27): Illuminate\\Pipeline\\Pipeline->Illuminate\\Pipeline\\{closure}(Object(Illuminate\\Http\\Request))
#38 D:\\praktikum_laravel\\laravelPraktikum\\vendor\\laravel\\framework\\src\\Illuminate\\Pipeline\\Pipeline.php(208): Illuminate\\Http\\Middleware\\ValidatePostSize->handle(Object(Illuminate\\Http\\Request), Object(Closure))
#39 D:\\praktikum_laravel\\laravelPraktikum\\vendor\\laravel\\framework\\src\\Illuminate\\Foundation\\Http\\Middleware\\PreventRequestsDuringMaintenance.php(109): Illuminate\\Pipeline\\Pipeline->Illuminate\\Pipeline\\{closure}(Object(Illuminate\\Http\\Request))
#40 D:\\praktikum_laravel\\laravelPraktikum\\vendor\\laravel\\framework\\src\\Illuminate\\Pipeline\\Pipeline.php(208): Illuminate\\Foundation\\Http\\Middleware\\PreventRequestsDuringMaintenance->handle(Object(Illuminate\\Http\\Request), Object(Closure))
#41 D:\\praktikum_laravel\\laravelPraktikum\\vendor\\laravel\\framework\\src\\Illuminate\\Http\\Middleware\\HandleCors.php(48): Illuminate\\Pipeline\\Pipeline->Illuminate\\Pipeline\\{closure}(Object(Illuminate\\Http\\Request))
#42 D:\\praktikum_laravel\\laravelPraktikum\\vendor\\laravel\\framework\\src\\Illuminate\\Pipeline\\Pipeline.php(208): Illuminate\\Http\\Middleware\\HandleCors->handle(Object(Illuminate\\Http\\Request), Object(Closure))
#43 D:\\praktikum_laravel\\laravelPraktikum\\vendor\\laravel\\framework\\src\\Illuminate\\Http\\Middleware\\TrustProxies.php(58): Illuminate\\Pipeline\\Pipeline->Illuminate\\Pipeline\\{closure}(Object(Illuminate\\Http\\Request))
#44 D:\\praktikum_laravel\\laravelPraktikum\\vendor\\laravel\\framework\\src\\Illuminate\\Pipeline\\Pipeline.php(208): Illuminate\\Http\\Middleware\\TrustProxies->handle(Object(Illuminate\\Http\\Request), Object(Closure))
#45 D:\\praktikum_laravel\\laravelPraktikum\\vendor\\laravel\\framework\\src\\Illuminate\\Foundation\\Http\\Middleware\\InvokeDeferredCallbacks.php(22): Illuminate\\Pipeline\\Pipeline->Illuminate\\Pipeline\\{closure}(Object(Illuminate\\Http\\Request))
#46 D:\\praktikum_laravel\\laravelPraktikum\\vendor\\laravel\\framework\\src\\Illuminate\\Pipeline\\Pipeline.php(208): Illuminate\\Foundation\\Http\\Middleware\\InvokeDeferredCallbacks->handle(Object(Illuminate\\Http\\Request), Object(Closure))
#47 D:\\praktikum_laravel\\laravelPraktikum\\vendor\\laravel\\framework\\src\\Illuminate\\Http\\Middleware\\ValidatePathEncoding.php(26): Illuminate\\Pipeline\\Pipeline->Illuminate\\Pipeline\\{closure}(Object(Illuminate\\Http\\Request))
#48 D:\\praktikum_laravel\\laravelPraktikum\\vendor\\laravel\\framework\\src\\Illuminate\\Pipeline\\Pipeline.php(208): Illuminate\\Http\\Middleware\\ValidatePathEncoding->handle(Object(Illuminate\\Http\\Request), Object(Closure))
#49 D:\\praktikum_laravel\\laravelPraktikum\\vendor\\laravel\\framework\\src\\Illuminate\\Pipeline\\Pipeline.php(126): Illuminate\\Pipeline\\Pipeline->Illuminate\\Pipeline\\{closure}(Object(Illuminate\\Http\\Request))
#50 D:\\praktikum_laravel\\laravelPraktikum\\vendor\\laravel\\framework\\src\\Illuminate\\Foundation\\Http\\Kernel.php(175): Illuminate\\Pipeline\\Pipeline->then(Object(Closure))
#51 D:\\praktikum_laravel\\laravelPraktikum\\vendor\\laravel\\framework\\src\\Illuminate\\Foundation\\Http\\Kernel.php(144): Illuminate\\Foundation\\Http\\Kernel->sendRequestThroughRouter(Object(Illuminate\\Http\\Request))
#52 D:\\praktikum_laravel\\laravelPraktikum\\vendor\\laravel\\framework\\src\\Illuminate\\Foundation\\Application.php(1219): Illuminate\\Foundation\\Http\\Kernel->handle(Object(Illuminate\\Http\\Request))
#53 D:\\praktikum_laravel\\laravelPraktikum\\public\\index.php(20): Illuminate\\Foundation\\Application->handleRequest(Object(Illuminate\\Http\\Request))
#54 D:\\praktikum_laravel\\laravelPraktikum\\vendor\\laravel\\framework\\src\\Illuminate\\Foundation\\resources\\server.php(23): require_once('D:\\\\praktikum_la...')
#55 {main}

[previous exception] [object] (PDOException(code: 2002): SQLSTATE[HY000] [2002] No connection could be made because the target machine actively refused it at D:\\praktikum_laravel\\laravelPraktikum\\vendor\\laravel\\framework\\src\\Illuminate\\Database\\Connectors\\Connector.php:66)
[stacktrace]
#0 D:\\praktikum_laravel\\laravelPraktikum\\vendor\\laravel\\framework\\src\\Illuminate\\Database\\Connectors\\Connector.php(66): PDO->__construct('mysql:host=127....', 'root', Object(SensitiveParameterValue), Array)
#1 D:\\praktikum_laravel\\laravelPraktikum\\vendor\\laravel\\framework\\src\\Illuminate\\Database\\Connectors\\Connector.php(85): Illuminate\\Database\\Connectors\\Connector->createPdoConnection('mysql:host=127....', 'root', Object(SensitiveParameterValue), Array)
#2 D:\\praktikum_laravel\\laravelPraktikum\\vendor\\laravel\\framework\\src\\Illuminate\\Database\\Connectors\\Connector.php(48): Illuminate\\Database\\Connectors\\Connector->tryAgainIfCausedByLostConnection(Object(PDOException), 'mysql:host=127....', 'root', Object(SensitiveParameterValue), Array)
#3 D:\\praktikum_laravel\\laravelPraktikum\\vendor\\laravel\\framework\\src\\Illuminate\\Database\\Connectors\\MySqlConnector.php(24): Illuminate\\Database\\Connectors\\Connector->createConnection('mysql:host=127....', Array, Array)
#4 D:\\praktikum_laravel\\laravelPraktikum\\vendor\\laravel\\framework\\src\\Illuminate\\Database\\Connectors\\ConnectionFactory.php(184): Illuminate\\Database\\Connectors\\MySqlConnector->connect(Array)
#5 [internal function]: Illuminate\\Database\\Connectors\\ConnectionFactory->Illuminate\\Database\\Connectors\\{closure}()
#6 D:\\praktikum_laravel\\laravelPraktikum\\vendor\\laravel\\framework\\src\\Illuminate\\Database\\Connection.php(1228): call_user_func(Object(Closure))
#7 D:\\praktikum_laravel\\laravelPraktikum\\vendor\\laravel\\framework\\src\\Illuminate\\Database\\Connection.php(509): Illuminate\\Database\\Connection->getPdo()
#8 D:\\praktikum_laravel\\laravelPraktikum\\vendor\\laravel\\framework\\src\\Illuminate\\Database\\Connection.php(404): Illuminate\\Database\\Connection->getPdoForSelect(false)
#9 D:\\praktikum_laravel\\laravelPraktikum\\vendor\\laravel\\framework\\src\\Illuminate\\Database\\Connection.php(809): Illuminate\\Database\\Connection->Illuminate\\Database\\{closure}('select * from `...', Array)
#10 D:\\praktikum_laravel\\laravelPraktikum\\vendor\\laravel\\framework\\src\\Illuminate\\Database\\Connection.php(976): Illuminate\\Database\\Connection->runQueryCallback('select * from `...', Array, Object(Closure))
#11 D:\\praktikum_laravel\\laravelPraktikum\\vendor\\laravel\\framework\\src\\Illuminate\\Database\\Connection.php(955): Illuminate\\Database\\Connection->tryAgainIfCausedByLostConnection(Object(Illuminate\\Database\\QueryException), 'select * from `...', Array, Object(Closure))
#12 D:\\praktikum_laravel\\laravelPraktikum\\vendor\\laravel\\framework\\src\\Illuminate\\Database\\Connection.php(778): Illuminate\\Database\\Connection->handleQueryException(Object(Illuminate\\Database\\QueryException), 'select * from `...', Array, Object(Closure))
#13 D:\\praktikum_laravel\\laravelPraktikum\\vendor\\laravel\\framework\\src\\Illuminate\\Database\\Connection.php(395): Illuminate\\Database\\Connection->run('select * from `...', Array, Object(Closure))
#14 D:\\praktikum_laravel\\laravelPraktikum\\vendor\\laravel\\framework\\src\\Illuminate\\Database\\Query\\Builder.php(3120): Illuminate\\Database\\Connection->select('select * from `...', Array, false)
#15 D:\\praktikum_laravel\\laravelPraktikum\\vendor\\laravel\\framework\\src\\Illuminate\\Database\\Query\\Builder.php(3105): Illuminate\\Database\\Query\\Builder->runSelect()
#16 D:\\praktikum_laravel\\laravelPraktikum\\vendor\\laravel\\framework\\src\\Illuminate\\Database\\Query\\Builder.php(3695): Illuminate\\Database\\Query\\Builder->Illuminate\\Database\\Query\\{closure}()
#17 D:\\praktikum_laravel\\laravelPraktikum\\vendor\\laravel\\framework\\src\\Illuminate\\Database\\Query\\Builder.php(3104): Illuminate\\Database\\Query\\Builder->onceWithColumns(Array, Object(Closure))
#18 D:\\praktikum_laravel\\laravelPraktikum\\vendor\\laravel\\framework\\src\\Illuminate\\Database\\Concerns\\BuildsQueries.php(366): Illuminate\\Database\\Query\\Builder->get(Array)
#19 D:\\praktikum_laravel\\laravelPraktikum\\vendor\\laravel\\framework\\src\\Illuminate\\Database\\Query\\Builder.php(3027): Illuminate\\Database\\Query\\Builder->first(Array)
#20 D:\\praktikum_laravel\\laravelPraktikum\\vendor\\laravel\\framework\\src\\Illuminate\\Session\\DatabaseSessionHandler.php(96): Illuminate\\Database\\Query\\Builder->find('YSDTdKCD221EUKM...')
#21 D:\\praktikum_laravel\\laravelPraktikum\\vendor\\laravel\\framework\\src\\Illuminate\\Session\\Store.php(116): Illuminate\\Session\\DatabaseSessionHandler->read('YSDTdKCD221EUKM...')
#22 D:\\praktikum_laravel\\laravelPraktikum\\vendor\\laravel\\framework\\src\\Illuminate\\Session\\Store.php(104): Illuminate\\Session\\Store->readFromHandler()
#23 D:\\praktikum_laravel\\laravelPraktikum\\vendor\\laravel\\framework\\src\\Illuminate\\Session\\Store.php(88): Illuminate\\Session\\Store->loadSession()
#24 D:\\praktikum_laravel\\laravelPraktikum\\vendor\\laravel\\framework\\src\\Illuminate\\Session\\Middleware\\StartSession.php(146): Illuminate\\Session\\Store->start()
#25 D:\\praktikum_laravel\\laravelPraktikum\\vendor\\laravel\\framework\\src\\Illuminate\\Support\\helpers.php(399): Illuminate\\Session\\Middleware\\StartSession->Illuminate\\Session\\Middleware\\{closure}(Object(Illuminate\\Session\\Store))
#26 D:\\praktikum_laravel\\laravelPraktikum\\vendor\\laravel\\framework\\src\\Illuminate\\Session\\Middleware\\StartSession.php(143): tap(Object(Illuminate\\Session\\Store), Object(Closure))
#27 D:\\praktikum_laravel\\laravelPraktikum\\vendor\\laravel\\framework\\src\\Illuminate\\Session\\Middleware\\StartSession.php(115): Illuminate\\Session\\Middleware\\StartSession->startSession(Object(Illuminate\\Http\\Request), Object(Illuminate\\Session\\Store))
#28 D:\\praktikum_laravel\\laravelPraktikum\\vendor\\laravel\\framework\\src\\Illuminate\\Session\\Middleware\\StartSession.php(63): Illuminate\\Session\\Middleware\\StartSession->handleStatefulRequest(Object(Illuminate\\Http\\Request), Object(Illuminate\\Session\\Store), Object(Closure))
#29 D:\\praktikum_laravel\\laravelPraktikum\\vendor\\laravel\\framework\\src\\Illuminate\\Pipeline\\Pipeline.php(208): Illuminate\\Session\\Middleware\\StartSession->handle(Object(Illuminate\\Http\\Request), Object(Closure))
#30 D:\\praktikum_laravel\\laravelPraktikum\\vendor\\laravel\\framework\\src\\Illuminate\\Cookie\\Middleware\\AddQueuedCookiesToResponse.php(36): Illuminate\\Pipeline\\Pipeline->Illuminate\\Pipeline\\{closure}(Object(Illuminate\\Http\\Request))
#31 D:\\praktikum_laravel\\laravelPraktikum\\vendor\\laravel\\framework\\src\\Illuminate\\Pipeline\\Pipeline.php(208): Illuminate\\Cookie\\Middleware\\AddQueuedCookiesToResponse->handle(Object(Illuminate\\Http\\Request), Object(Closure))
#32 D:\\praktikum_laravel\\laravelPraktikum\\vendor\\laravel\\framework\\src\\Illuminate\\Cookie\\Middleware\\EncryptCookies.php(74): Illuminate\\Pipeline\\Pipeline->Illuminate\\Pipeline\\{closure}(Object(Illuminate\\Http\\Request))
#33 D:\\praktikum_laravel\\laravelPraktikum\\vendor\\laravel\\framework\\src\\Illuminate\\Pipeline\\Pipeline.php(208): Illuminate\\Cookie\\Middleware\\EncryptCookies->handle(Object(Illuminate\\Http\\Request), Object(Closure))
#34 D:\\praktikum_laravel\\laravelPraktikum\\vendor\\laravel\\framework\\src\\Illuminate\\Pipeline\\Pipeline.php(126): Illuminate\\Pipeline\\Pipeline->Illuminate\\Pipeline\\{closure}(Object(Illuminate\\Http\\Request))
#35 D:\\praktikum_laravel\\laravelPraktikum\\vendor\\laravel\\framework\\src\\Illuminate\\Routing\\Router.php(807): Illuminate\\Pipeline\\Pipeline->then(Object(Closure))
#36 D:\\praktikum_laravel\\laravelPraktikum\\vendor\\laravel\\framework\\src\\Illuminate\\Routing\\Router.php(786): Illuminate\\Routing\\Router->runRouteWithinStack(Object(Illuminate\\Routing\\Route), Object(Illuminate\\Http\\Request))
#37 D:\\praktikum_laravel\\laravelPraktikum\\vendor\\laravel\\framework\\src\\Illuminate\\Routing\\Router.php(750): Illuminate\\Routing\\Router->runRoute(Object(Illuminate\\Http\\Request), Object(Illuminate\\Routing\\Route))
#38 D:\\praktikum_laravel\\laravelPraktikum\\vendor\\laravel\\framework\\src\\Illuminate\\Routing\\Router.php(739): Illuminate\\Routing\\Router->dispatchToRoute(Object(Illuminate\\Http\\Request))
#39 D:\\praktikum_laravel\\laravelPraktikum\\vendor\\laravel\\framework\\src\\Illuminate\\Foundation\\Http\\Kernel.php(200): Illuminate\\Routing\\Router->dispatch(Object(Illuminate\\Http\\Request))
#40 D:\\praktikum_laravel\\laravelPraktikum\\vendor\\laravel\\framework\\src\\Illuminate\\Pipeline\\Pipeline.php(169): Illuminate\\Foundation\\Http\\Kernel->Illuminate\\Foundation\\Http\\{closure}(Object(Illuminate\\Http\\Request))
#41 D:\\praktikum_laravel\\laravelPraktikum\\vendor\\laravel\\framework\\src\\Illuminate\\Foundation\\Http\\Middleware\\TransformsRequest.php(21): Illuminate\\Pipeline\\Pipeline->Illuminate\\Pipeline\\{closure}(Object(Illuminate\\Http\\Request))
#42 D:\\praktikum_laravel\\laravelPraktikum\\vendor\\laravel\\framework\\src\\Illuminate\\Foundation\\Http\\Middleware\\ConvertEmptyStringsToNull.php(31): Illuminate\\Foundation\\Http\\Middleware\\TransformsRequest->handle(Object(Illuminate\\Http\\Request), Object(Closure))
#43 D:\\praktikum_laravel\\laravelPraktikum\\vendor\\laravel\\framework\\src\\Illuminate\\Pipeline\\Pipeline.php(208): Illuminate\\Foundation\\Http\\Middleware\\ConvertEmptyStringsToNull->handle(Object(Illuminate\\Http\\Request), Object(Closure))
#44 D:\\praktikum_laravel\\laravelPraktikum\\vendor\\laravel\\framework\\src\\Illuminate\\Foundation\\Http\\Middleware\\TransformsRequest.php(21): Illuminate\\Pipeline\\Pipeline->Illuminate\\Pipeline\\{closure}(Object(Illuminate\\Http\\Request))
#45 D:\\praktikum_laravel\\laravelPraktikum\\vendor\\laravel\\framework\\src\\Illuminate\\Foundation\\Http\\Middleware\\TrimStrings.php(51): Illuminate\\Foundation\\Http\\Middleware\\TransformsRequest->handle(Object(Illuminate\\Http\\Request), Object(Closure))
#46 D:\\praktikum_laravel\\laravelPraktikum\\vendor\\laravel\\framework\\src\\Illuminate\\Pipeline\\Pipeline.php(208): Illuminate\\Foundation\\Http\\Middleware\\TrimStrings->handle(Object(Illuminate\\Http\\Request), Object(Closure))
#47 D:\\praktikum_laravel\\laravelPraktikum\\vendor\\laravel\\framework\\src\\Illuminate\\Http\\Middleware\\ValidatePostSize.php(27): Illuminate\\Pipeline\\Pipeline->Illuminate\\Pipeline\\{closure}(Object(Illuminate\\Http\\Request))
#48 D:\\praktikum_laravel\\laravelPraktikum\\vendor\\laravel\\framework\\src\\Illuminate\\Pipeline\\Pipeline.php(208): Illuminate\\Http\\Middleware\\ValidatePostSize->handle(Object(Illuminate\\Http\\Request), Object(Closure))
#49 D:\\praktikum_laravel\\laravelPraktikum\\vendor\\laravel\\framework\\src\\Illuminate\\Foundation\\Http\\Middleware\\PreventRequestsDuringMaintenance.php(109): Illuminate\\Pipeline\\Pipeline->Illuminate\\Pipeline\\{closure}(Object(Illuminate\\Http\\Request))
#50 D:\\praktikum_laravel\\laravelPraktikum\\vendor\\laravel\\framework\\src\\Illuminate\\Pipeline\\Pipeline.php(208): Illuminate\\Foundation\\Http\\Middleware\\PreventRequestsDuringMaintenance->handle(Object(Illuminate\\Http\\Request), Object(Closure))
#51 D:\\praktikum_laravel\\laravelPraktikum\\vendor\\laravel\\framework\\src\\Illuminate\\Http\\Middleware\\HandleCors.php(48): Illuminate\\Pipeline\\Pipeline->Illuminate\\Pipeline\\{closure}(Object(Illuminate\\Http\\Request))
#52 D:\\praktikum_laravel\\laravelPraktikum\\vendor\\laravel\\framework\\src\\Illuminate\\Pipeline\\Pipeline.php(208): Illuminate\\Http\\Middleware\\HandleCors->handle(Object(Illuminate\\Http\\Request), Object(Closure))
#53 D:\\praktikum_laravel\\laravelPraktikum\\vendor\\laravel\\framework\\src\\Illuminate\\Http\\Middleware\\TrustProxies.php(58): Illuminate\\Pipeline\\Pipeline->Illuminate\\Pipeline\\{closure}(Object(Illuminate\\Http\\Request))
#54 D:\\praktikum_laravel\\laravelPraktikum\\vendor\\laravel\\framework\\src\\Illuminate\\Pipeline\\Pipeline.php(208): Illuminate\\Http\\Middleware\\TrustProxies->handle(Object(Illuminate\\Http\\Request), Object(Closure))
#55 D:\\praktikum_laravel\\laravelPraktikum\\vendor\\laravel\\framework\\src\\Illuminate\\Foundation\\Http\\Middleware\\InvokeDeferredCallbacks.php(22): Illuminate\\Pipeline\\Pipeline->Illuminate\\Pipeline\\{closure}(Object(Illuminate\\Http\\Request))
#56 D:\\praktikum_laravel\\laravelPraktikum\\vendor\\laravel\\framework\\src\\Illuminate\\Pipeline\\Pipeline.php(208): Illuminate\\Foundation\\Http\\Middleware\\InvokeDeferredCallbacks->handle(Object(Illuminate\\Http\\Request), Object(Closure))
#57 D:\\praktikum_laravel\\laravelPraktikum\\vendor\\laravel\\framework\\src\\Illuminate\\Http\\Middleware\\ValidatePathEncoding.php(26): Illuminate\\Pipeline\\Pipeline->Illuminate\\Pipeline\\{closure}(Object(Illuminate\\Http\\Request))
#58 D:\\praktikum_laravel\\laravelPraktikum\\vendor\\laravel\\framework\\src\\Illuminate\\Pipeline\\Pipeline.php(208): Illuminate\\Http\\Middleware\\ValidatePathEncoding->handle(Object(Illuminate\\Http\\Request), Object(Closure))
#59 D:\\praktikum_laravel\\laravelPraktikum\\vendor\\laravel\\framework\\src\\Illuminate\\Pipeline\\Pipeline.php(126): Illuminate\\Pipeline\\Pipeline->Illuminate\\Pipeline\\{closure}(Object(Illuminate\\Http\\Request))
#60 D:\\praktikum_laravel\\laravelPraktikum\\vendor\\laravel\\framework\\src\\Illuminate\\Foundation\\Http\\Kernel.php(175): Illuminate\\Pipeline\\Pipeline->then(Object(Closure))
#61 D:\\praktikum_laravel\\laravelPraktikum\\vendor\\laravel\\framework\\src\\Illuminate\\Foundation\\Http\\Kernel.php(144): Illuminate\\Foundation\\Http\\Kernel->sendRequestThroughRouter(Object(Illuminate\\Http\\Request))
#62 D:\\praktikum_laravel\\laravelPraktikum\\vendor\\laravel\\framework\\src\\Illuminate\\Foundation\\Application.php(1219): Illuminate\\Foundation\\Http\\Kernel->handle(Object(Illuminate\\Http\\Request))
#63 D:\\praktikum_laravel\\laravelPraktikum\\public\\index.php(20): Illuminate\\Foundation\\Application->handleRequest(Object(Illuminate\\Http\\Request))
#64 D:\\praktikum_laravel\\laravelPraktikum\\vendor\\laravel\\framework\\src\\Illuminate\\Foundation\\resources\\server.php(23): require_once('D:\\\\praktikum_la...')
#65 {main}
"} 
[2025-05-14 05:33:33] local.ERROR: include(D:\praktikum_laravel\laravelPraktikum\vendor\composer/../../app/Http/Controllers/Controller.php): Failed to open stream: No such file or directory {"exception":"[object] (ErrorException(code: 0): include(D:\\praktikum_laravel\\laravelPraktikum\\vendor\\composer/../../app/Http/Controllers/Controller.php): Failed to open stream: No such file or directory at D:\\praktikum_laravel\\laravelPraktikum\\vendor\\composer\\ClassLoader.php:576)
[stacktrace]
#0 D:\\praktikum_laravel\\laravelPraktikum\\vendor\\laravel\\framework\\src\\Illuminate\\Foundation\\Bootstrap\\HandleExceptions.php(256): Illuminate\\Foundation\\Bootstrap\\HandleExceptions->handleError(2, 'include(D:\\\\prak...', 'D:\\\\praktikum_la...', 576)
#1 D:\\praktikum_laravel\\laravelPraktikum\\vendor\\composer\\ClassLoader.php(576): Illuminate\\Foundation\\Bootstrap\\HandleExceptions->Illuminate\\Foundation\\Bootstrap\\{closure}(2, 'include(D:\\\\prak...', 'D:\\\\praktikum_la...', 576)
#2 D:\\praktikum_laravel\\laravelPraktikum\\vendor\\composer\\ClassLoader.php(576): include('D:\\\\praktikum_la...')
#3 D:\\praktikum_laravel\\laravelPraktikum\\vendor\\composer\\ClassLoader.php(427): Composer\\Autoload\\{closure}('D:\\\\praktikum_la...')
#4 D:\\praktikum_laravel\\laravelPraktikum\\app\\Http\\Controllers\\biodataController.php(7): Composer\\Autoload\\ClassLoader->loadClass('App\\\\Http\\\\Contro...')
#5 D:\\praktikum_laravel\\laravelPraktikum\\vendor\\composer\\ClassLoader.php(576): include('D:\\\\praktikum_la...')
#6 D:\\praktikum_laravel\\laravelPraktikum\\vendor\\composer\\ClassLoader.php(427): Composer\\Autoload\\{closure}('D:\\\\praktikum_la...')
#7 [internal function]: Composer\\Autoload\\ClassLoader->loadClass('App\\\\Http\\\\Contro...')
#8 D:\\praktikum_laravel\\laravelPraktikum\\vendor\\laravel\\framework\\src\\Illuminate\\Routing\\Route.php(1119): is_a('App\\\\Http\\\\Contro...', 'Illuminate\\\\Rout...', true)
#9 D:\\praktikum_laravel\\laravelPraktikum\\vendor\\laravel\\framework\\src\\Illuminate\\Routing\\Route.php(1056): Illuminate\\Routing\\Route->controllerMiddleware()
#10 D:\\praktikum_laravel\\laravelPraktikum\\vendor\\laravel\\framework\\src\\Illuminate\\Routing\\Router.php(820): Illuminate\\Routing\\Route->gatherMiddleware()
#11 D:\\praktikum_laravel\\laravelPraktikum\\vendor\\laravel\\framework\\src\\Illuminate\\Routing\\Router.php(802): Illuminate\\Routing\\Router->gatherRouteMiddleware(Object(Illuminate\\Routing\\Route))
#12 D:\\praktikum_laravel\\laravelPraktikum\\vendor\\laravel\\framework\\src\\Illuminate\\Routing\\Router.php(786): Illuminate\\Routing\\Router->runRouteWithinStack(Object(Illuminate\\Routing\\Route), Object(Illuminate\\Http\\Request))
#13 D:\\praktikum_laravel\\laravelPraktikum\\vendor\\laravel\\framework\\src\\Illuminate\\Routing\\Router.php(750): Illuminate\\Routing\\Router->runRoute(Object(Illuminate\\Http\\Request), Object(Illuminate\\Routing\\Route))
#14 D:\\praktikum_laravel\\laravelPraktikum\\vendor\\laravel\\framework\\src\\Illuminate\\Routing\\Router.php(739): Illuminate\\Routing\\Router->dispatchToRoute(Object(Illuminate\\Http\\Request))
#15 D:\\praktikum_laravel\\laravelPraktikum\\vendor\\laravel\\framework\\src\\Illuminate\\Foundation\\Http\\Kernel.php(200): Illuminate\\Routing\\Router->dispatch(Object(Illuminate\\Http\\Request))
#16 D:\\praktikum_laravel\\laravelPraktikum\\vendor\\laravel\\framework\\src\\Illuminate\\Pipeline\\Pipeline.php(169): Illuminate\\Foundation\\Http\\Kernel->Illuminate\\Foundation\\Http\\{closure}(Object(Illuminate\\Http\\Request))
#17 D:\\praktikum_laravel\\laravelPraktikum\\vendor\\laravel\\framework\\src\\Illuminate\\Foundation\\Http\\Middleware\\TransformsRequest.php(21): Illuminate\\Pipeline\\Pipeline->Illuminate\\Pipeline\\{closure}(Object(Illuminate\\Http\\Request))
#18 D:\\praktikum_laravel\\laravelPraktikum\\vendor\\laravel\\framework\\src\\Illuminate\\Foundation\\Http\\Middleware\\ConvertEmptyStringsToNull.php(31): Illuminate\\Foundation\\Http\\Middleware\\TransformsRequest->handle(Object(Illuminate\\Http\\Request), Object(Closure))
#19 D:\\praktikum_laravel\\laravelPraktikum\\vendor\\laravel\\framework\\src\\Illuminate\\Pipeline\\Pipeline.php(208): Illuminate\\Foundation\\Http\\Middleware\\ConvertEmptyStringsToNull->handle(Object(Illuminate\\Http\\Request), Object(Closure))
#20 D:\\praktikum_laravel\\laravelPraktikum\\vendor\\laravel\\framework\\src\\Illuminate\\Foundation\\Http\\Middleware\\TransformsRequest.php(21): Illuminate\\Pipeline\\Pipeline->Illuminate\\Pipeline\\{closure}(Object(Illuminate\\Http\\Request))
#21 D:\\praktikum_laravel\\laravelPraktikum\\vendor\\laravel\\framework\\src\\Illuminate\\Foundation\\Http\\Middleware\\TrimStrings.php(51): Illuminate\\Foundation\\Http\\Middleware\\TransformsRequest->handle(Object(Illuminate\\Http\\Request), Object(Closure))
#22 D:\\praktikum_laravel\\laravelPraktikum\\vendor\\laravel\\framework\\src\\Illuminate\\Pipeline\\Pipeline.php(208): Illuminate\\Foundation\\Http\\Middleware\\TrimStrings->handle(Object(Illuminate\\Http\\Request), Object(Closure))
#23 D:\\praktikum_laravel\\laravelPraktikum\\vendor\\laravel\\framework\\src\\Illuminate\\Http\\Middleware\\ValidatePostSize.php(27): Illuminate\\Pipeline\\Pipeline->Illuminate\\Pipeline\\{closure}(Object(Illuminate\\Http\\Request))
#24 D:\\praktikum_laravel\\laravelPraktikum\\vendor\\laravel\\framework\\src\\Illuminate\\Pipeline\\Pipeline.php(208): Illuminate\\Http\\Middleware\\ValidatePostSize->handle(Object(Illuminate\\Http\\Request), Object(Closure))
#25 D:\\praktikum_laravel\\laravelPraktikum\\vendor\\laravel\\framework\\src\\Illuminate\\Foundation\\Http\\Middleware\\PreventRequestsDuringMaintenance.php(109): Illuminate\\Pipeline\\Pipeline->Illuminate\\Pipeline\\{closure}(Object(Illuminate\\Http\\Request))
#26 D:\\praktikum_laravel\\laravelPraktikum\\vendor\\laravel\\framework\\src\\Illuminate\\Pipeline\\Pipeline.php(208): Illuminate\\Foundation\\Http\\Middleware\\PreventRequestsDuringMaintenance->handle(Object(Illuminate\\Http\\Request), Object(Closure))
#27 D:\\praktikum_laravel\\laravelPraktikum\\vendor\\laravel\\framework\\src\\Illuminate\\Http\\Middleware\\HandleCors.php(48): Illuminate\\Pipeline\\Pipeline->Illuminate\\Pipeline\\{closure}(Object(Illuminate\\Http\\Request))
#28 D:\\praktikum_laravel\\laravelPraktikum\\vendor\\laravel\\framework\\src\\Illuminate\\Pipeline\\Pipeline.php(208): Illuminate\\Http\\Middleware\\HandleCors->handle(Object(Illuminate\\Http\\Request), Object(Closure))
#29 D:\\praktikum_laravel\\laravelPraktikum\\vendor\\laravel\\framework\\src\\Illuminate\\Http\\Middleware\\TrustProxies.php(58): Illuminate\\Pipeline\\Pipeline->Illuminate\\Pipeline\\{closure}(Object(Illuminate\\Http\\Request))
#30 D:\\praktikum_laravel\\laravelPraktikum\\vendor\\laravel\\framework\\src\\Illuminate\\Pipeline\\Pipeline.php(208): Illuminate\\Http\\Middleware\\TrustProxies->handle(Object(Illuminate\\Http\\Request), Object(Closure))
#31 D:\\praktikum_laravel\\laravelPraktikum\\vendor\\laravel\\framework\\src\\Illuminate\\Foundation\\Http\\Middleware\\InvokeDeferredCallbacks.php(22): Illuminate\\Pipeline\\Pipeline->Illuminate\\Pipeline\\{closure}(Object(Illuminate\\Http\\Request))
#32 D:\\praktikum_laravel\\laravelPraktikum\\vendor\\laravel\\framework\\src\\Illuminate\\Pipeline\\Pipeline.php(208): Illuminate\\Foundation\\Http\\Middleware\\InvokeDeferredCallbacks->handle(Object(Illuminate\\Http\\Request), Object(Closure))
#33 D:\\praktikum_laravel\\laravelPraktikum\\vendor\\laravel\\framework\\src\\Illuminate\\Http\\Middleware\\ValidatePathEncoding.php(26): Illuminate\\Pipeline\\Pipeline->Illuminate\\Pipeline\\{closure}(Object(Illuminate\\Http\\Request))
#34 D:\\praktikum_laravel\\laravelPraktikum\\vendor\\laravel\\framework\\src\\Illuminate\\Pipeline\\Pipeline.php(208): Illuminate\\Http\\Middleware\\ValidatePathEncoding->handle(Object(Illuminate\\Http\\Request), Object(Closure))
#35 D:\\praktikum_laravel\\laravelPraktikum\\vendor\\laravel\\framework\\src\\Illuminate\\Pipeline\\Pipeline.php(126): Illuminate\\Pipeline\\Pipeline->Illuminate\\Pipeline\\{closure}(Object(Illuminate\\Http\\Request))
#36 D:\\praktikum_laravel\\laravelPraktikum\\vendor\\laravel\\framework\\src\\Illuminate\\Foundation\\Http\\Kernel.php(175): Illuminate\\Pipeline\\Pipeline->then(Object(Closure))
#37 D:\\praktikum_laravel\\laravelPraktikum\\vendor\\laravel\\framework\\src\\Illuminate\\Foundation\\Http\\Kernel.php(144): Illuminate\\Foundation\\Http\\Kernel->sendRequestThroughRouter(Object(Illuminate\\Http\\Request))
#38 D:\\praktikum_laravel\\laravelPraktikum\\vendor\\laravel\\framework\\src\\Illuminate\\Foundation\\Application.php(1219): Illuminate\\Foundation\\Http\\Kernel->handle(Object(Illuminate\\Http\\Request))
#39 D:\\praktikum_laravel\\laravelPraktikum\\public\\index.php(20): Illuminate\\Foundation\\Application->handleRequest(Object(Illuminate\\Http\\Request))
#40 D:\\praktikum_laravel\\laravelPraktikum\\vendor\\laravel\\framework\\src\\Illuminate\\Foundation\\resources\\server.php(23): require_once('D:\\\\praktikum_la...')
#41 {main}
"} 
[2025-05-14 05:36:56] local.ERROR: include(D:\praktikum_laravel\laravelPraktikum\vendor\composer/../../app/Http/Controllers/Controller.php): Failed to open stream: No such file or directory {"exception":"[object] (ErrorException(code: 0): include(D:\\praktikum_laravel\\laravelPraktikum\\vendor\\composer/../../app/Http/Controllers/Controller.php): Failed to open stream: No such file or directory at D:\\praktikum_laravel\\laravelPraktikum\\vendor\\composer\\ClassLoader.php:576)
[stacktrace]
#0 D:\\praktikum_laravel\\laravelPraktikum\\vendor\\laravel\\framework\\src\\Illuminate\\Foundation\\Bootstrap\\HandleExceptions.php(256): Illuminate\\Foundation\\Bootstrap\\HandleExceptions->handleError(2, 'include(D:\\\\prak...', 'D:\\\\praktikum_la...', 576)
#1 D:\\praktikum_laravel\\laravelPraktikum\\vendor\\composer\\ClassLoader.php(576): Illuminate\\Foundation\\Bootstrap\\HandleExceptions->Illuminate\\Foundation\\Bootstrap\\{closure}(2, 'include(D:\\\\prak...', 'D:\\\\praktikum_la...', 576)
#2 D:\\praktikum_laravel\\laravelPraktikum\\vendor\\composer\\ClassLoader.php(576): include('D:\\\\praktikum_la...')
#3 D:\\praktikum_laravel\\laravelPraktikum\\vendor\\composer\\ClassLoader.php(427): Composer\\Autoload\\{closure}('D:\\\\praktikum_la...')
#4 D:\\praktikum_laravel\\laravelPraktikum\\app\\Http\\Controllers\\biodataController.php(7): Composer\\Autoload\\ClassLoader->loadClass('App\\\\Http\\\\Contro...')
#5 D:\\praktikum_laravel\\laravelPraktikum\\vendor\\composer\\ClassLoader.php(576): include('D:\\\\praktikum_la...')
#6 D:\\praktikum_laravel\\laravelPraktikum\\vendor\\composer\\ClassLoader.php(427): Composer\\Autoload\\{closure}('D:\\\\praktikum_la...')
#7 [internal function]: Composer\\Autoload\\ClassLoader->loadClass('App\\\\Http\\\\Contro...')
#8 D:\\praktikum_laravel\\laravelPraktikum\\vendor\\laravel\\framework\\src\\Illuminate\\Routing\\Route.php(1119): is_a('App\\\\Http\\\\Contro...', 'Illuminate\\\\Rout...', true)
#9 D:\\praktikum_laravel\\laravelPraktikum\\vendor\\laravel\\framework\\src\\Illuminate\\Routing\\Route.php(1056): Illuminate\\Routing\\Route->controllerMiddleware()
#10 D:\\praktikum_laravel\\laravelPraktikum\\vendor\\laravel\\framework\\src\\Illuminate\\Routing\\Router.php(820): Illuminate\\Routing\\Route->gatherMiddleware()
#11 D:\\praktikum_laravel\\laravelPraktikum\\vendor\\laravel\\framework\\src\\Illuminate\\Routing\\Router.php(802): Illuminate\\Routing\\Router->gatherRouteMiddleware(Object(Illuminate\\Routing\\Route))
#12 D:\\praktikum_laravel\\laravelPraktikum\\vendor\\laravel\\framework\\src\\Illuminate\\Routing\\Router.php(786): Illuminate\\Routing\\Router->runRouteWithinStack(Object(Illuminate\\Routing\\Route), Object(Illuminate\\Http\\Request))
#13 D:\\praktikum_laravel\\laravelPraktikum\\vendor\\laravel\\framework\\src\\Illuminate\\Routing\\Router.php(750): Illuminate\\Routing\\Router->runRoute(Object(Illuminate\\Http\\Request), Object(Illuminate\\Routing\\Route))
#14 D:\\praktikum_laravel\\laravelPraktikum\\vendor\\laravel\\framework\\src\\Illuminate\\Routing\\Router.php(739): Illuminate\\Routing\\Router->dispatchToRoute(Object(Illuminate\\Http\\Request))
#15 D:\\praktikum_laravel\\laravelPraktikum\\vendor\\laravel\\framework\\src\\Illuminate\\Foundation\\Http\\Kernel.php(200): Illuminate\\Routing\\Router->dispatch(Object(Illuminate\\Http\\Request))
#16 D:\\praktikum_laravel\\laravelPraktikum\\vendor\\laravel\\framework\\src\\Illuminate\\Pipeline\\Pipeline.php(169): Illuminate\\Foundation\\Http\\Kernel->Illuminate\\Foundation\\Http\\{closure}(Object(Illuminate\\Http\\Request))
#17 D:\\praktikum_laravel\\laravelPraktikum\\vendor\\laravel\\framework\\src\\Illuminate\\Foundation\\Http\\Middleware\\TransformsRequest.php(21): Illuminate\\Pipeline\\Pipeline->Illuminate\\Pipeline\\{closure}(Object(Illuminate\\Http\\Request))
#18 D:\\praktikum_laravel\\laravelPraktikum\\vendor\\laravel\\framework\\src\\Illuminate\\Foundation\\Http\\Middleware\\ConvertEmptyStringsToNull.php(31): Illuminate\\Foundation\\Http\\Middleware\\TransformsRequest->handle(Object(Illuminate\\Http\\Request), Object(Closure))
#19 D:\\praktikum_laravel\\laravelPraktikum\\vendor\\laravel\\framework\\src\\Illuminate\\Pipeline\\Pipeline.php(208): Illuminate\\Foundation\\Http\\Middleware\\ConvertEmptyStringsToNull->handle(Object(Illuminate\\Http\\Request), Object(Closure))
#20 D:\\praktikum_laravel\\laravelPraktikum\\vendor\\laravel\\framework\\src\\Illuminate\\Foundation\\Http\\Middleware\\TransformsRequest.php(21): Illuminate\\Pipeline\\Pipeline->Illuminate\\Pipeline\\{closure}(Object(Illuminate\\Http\\Request))
#21 D:\\praktikum_laravel\\laravelPraktikum\\vendor\\laravel\\framework\\src\\Illuminate\\Foundation\\Http\\Middleware\\TrimStrings.php(51): Illuminate\\Foundation\\Http\\Middleware\\TransformsRequest->handle(Object(Illuminate\\Http\\Request), Object(Closure))
#22 D:\\praktikum_laravel\\laravelPraktikum\\vendor\\laravel\\framework\\src\\Illuminate\\Pipeline\\Pipeline.php(208): Illuminate\\Foundation\\Http\\Middleware\\TrimStrings->handle(Object(Illuminate\\Http\\Request), Object(Closure))
#23 D:\\praktikum_laravel\\laravelPraktikum\\vendor\\laravel\\framework\\src\\Illuminate\\Http\\Middleware\\ValidatePostSize.php(27): Illuminate\\Pipeline\\Pipeline->Illuminate\\Pipeline\\{closure}(Object(Illuminate\\Http\\Request))
#24 D:\\praktikum_laravel\\laravelPraktikum\\vendor\\laravel\\framework\\src\\Illuminate\\Pipeline\\Pipeline.php(208): Illuminate\\Http\\Middleware\\ValidatePostSize->handle(Object(Illuminate\\Http\\Request), Object(Closure))
#25 D:\\praktikum_laravel\\laravelPraktikum\\vendor\\laravel\\framework\\src\\Illuminate\\Foundation\\Http\\Middleware\\PreventRequestsDuringMaintenance.php(109): Illuminate\\Pipeline\\Pipeline->Illuminate\\Pipeline\\{closure}(Object(Illuminate\\Http\\Request))
#26 D:\\praktikum_laravel\\laravelPraktikum\\vendor\\laravel\\framework\\src\\Illuminate\\Pipeline\\Pipeline.php(208): Illuminate\\Foundation\\Http\\Middleware\\PreventRequestsDuringMaintenance->handle(Object(Illuminate\\Http\\Request), Object(Closure))
#27 D:\\praktikum_laravel\\laravelPraktikum\\vendor\\laravel\\framework\\src\\Illuminate\\Http\\Middleware\\HandleCors.php(48): Illuminate\\Pipeline\\Pipeline->Illuminate\\Pipeline\\{closure}(Object(Illuminate\\Http\\Request))
#28 D:\\praktikum_laravel\\laravelPraktikum\\vendor\\laravel\\framework\\src\\Illuminate\\Pipeline\\Pipeline.php(208): Illuminate\\Http\\Middleware\\HandleCors->handle(Object(Illuminate\\Http\\Request), Object(Closure))
#29 D:\\praktikum_laravel\\laravelPraktikum\\vendor\\laravel\\framework\\src\\Illuminate\\Http\\Middleware\\TrustProxies.php(58): Illuminate\\Pipeline\\Pipeline->Illuminate\\Pipeline\\{closure}(Object(Illuminate\\Http\\Request))
#30 D:\\praktikum_laravel\\laravelPraktikum\\vendor\\laravel\\framework\\src\\Illuminate\\Pipeline\\Pipeline.php(208): Illuminate\\Http\\Middleware\\TrustProxies->handle(Object(Illuminate\\Http\\Request), Object(Closure))
#31 D:\\praktikum_laravel\\laravelPraktikum\\vendor\\laravel\\framework\\src\\Illuminate\\Foundation\\Http\\Middleware\\InvokeDeferredCallbacks.php(22): Illuminate\\Pipeline\\Pipeline->Illuminate\\Pipeline\\{closure}(Object(Illuminate\\Http\\Request))
#32 D:\\praktikum_laravel\\laravelPraktikum\\vendor\\laravel\\framework\\src\\Illuminate\\Pipeline\\Pipeline.php(208): Illuminate\\Foundation\\Http\\Middleware\\InvokeDeferredCallbacks->handle(Object(Illuminate\\Http\\Request), Object(Closure))
#33 D:\\praktikum_laravel\\laravelPraktikum\\vendor\\laravel\\framework\\src\\Illuminate\\Http\\Middleware\\ValidatePathEncoding.php(26): Illuminate\\Pipeline\\Pipeline->Illuminate\\Pipeline\\{closure}(Object(Illuminate\\Http\\Request))
#34 D:\\praktikum_laravel\\laravelPraktikum\\vendor\\laravel\\framework\\src\\Illuminate\\Pipeline\\Pipeline.php(208): Illuminate\\Http\\Middleware\\ValidatePathEncoding->handle(Object(Illuminate\\Http\\Request), Object(Closure))
#35 D:\\praktikum_laravel\\laravelPraktikum\\vendor\\laravel\\framework\\src\\Illuminate\\Pipeline\\Pipeline.php(126): Illuminate\\Pipeline\\Pipeline->Illuminate\\Pipeline\\{closure}(Object(Illuminate\\Http\\Request))
#36 D:\\praktikum_laravel\\laravelPraktikum\\vendor\\laravel\\framework\\src\\Illuminate\\Foundation\\Http\\Kernel.php(175): Illuminate\\Pipeline\\Pipeline->then(Object(Closure))
#37 D:\\praktikum_laravel\\laravelPraktikum\\vendor\\laravel\\framework\\src\\Illuminate\\Foundation\\Http\\Kernel.php(144): Illuminate\\Foundation\\Http\\Kernel->sendRequestThroughRouter(Object(Illuminate\\Http\\Request))
#38 D:\\praktikum_laravel\\laravelPraktikum\\vendor\\laravel\\framework\\src\\Illuminate\\Foundation\\Application.php(1219): Illuminate\\Foundation\\Http\\Kernel->handle(Object(Illuminate\\Http\\Request))
#39 D:\\praktikum_laravel\\laravelPraktikum\\public\\index.php(20): Illuminate\\Foundation\\Application->handleRequest(Object(Illuminate\\Http\\Request))
#40 D:\\praktikum_laravel\\laravelPraktikum\\vendor\\laravel\\framework\\src\\Illuminate\\Foundation\\resources\\server.php(23): require_once('D:\\\\praktikum_la...')
#41 {main}
"} 
[2025-05-14 05:39:02] local.ERROR: include(D:\praktikum_laravel\laravelPraktikum\vendor\composer/../../app/Http/Controllers/Controller.php): Failed to open stream: No such file or directory {"exception":"[object] (ErrorException(code: 0): include(D:\\praktikum_laravel\\laravelPraktikum\\vendor\\composer/../../app/Http/Controllers/Controller.php): Failed to open stream: No such file or directory at D:\\praktikum_laravel\\laravelPraktikum\\vendor\\composer\\ClassLoader.php:576)
[stacktrace]
#0 D:\\praktikum_laravel\\laravelPraktikum\\vendor\\laravel\\framework\\src\\Illuminate\\Foundation\\Bootstrap\\HandleExceptions.php(256): Illuminate\\Foundation\\Bootstrap\\HandleExceptions->handleError(2, 'include(D:\\\\prak...', 'D:\\\\praktikum_la...', 576)
#1 D:\\praktikum_laravel\\laravelPraktikum\\vendor\\composer\\ClassLoader.php(576): Illuminate\\Foundation\\Bootstrap\\HandleExceptions->Illuminate\\Foundation\\Bootstrap\\{closure}(2, 'include(D:\\\\prak...', 'D:\\\\praktikum_la...', 576)
#2 D:\\praktikum_laravel\\laravelPraktikum\\vendor\\composer\\ClassLoader.php(576): include('D:\\\\praktikum_la...')
#3 D:\\praktikum_laravel\\laravelPraktikum\\vendor\\composer\\ClassLoader.php(427): Composer\\Autoload\\ClassLoader::Composer\\Autoload\\{closure}('D:\\\\praktikum_la...')
#4 D:\\praktikum_laravel\\laravelPraktikum\\app\\Http\\Controllers\\biodataController.php(7): Composer\\Autoload\\ClassLoader->loadClass('App\\\\Http\\\\Contro...')
#5 D:\\praktikum_laravel\\laravelPraktikum\\vendor\\composer\\ClassLoader.php(576): include('D:\\\\praktikum_la...')
#6 D:\\praktikum_laravel\\laravelPraktikum\\vendor\\composer\\ClassLoader.php(427): Composer\\Autoload\\ClassLoader::Composer\\Autoload\\{closure}('D:\\\\praktikum_la...')
#7 [internal function]: Composer\\Autoload\\ClassLoader->loadClass('App\\\\Http\\\\Contro...')
#8 D:\\praktikum_laravel\\laravelPraktikum\\vendor\\laravel\\framework\\src\\Illuminate\\Routing\\Route.php(1119): is_a('App\\\\Http\\\\Contro...', 'Illuminate\\\\Rout...', true)
#9 D:\\praktikum_laravel\\laravelPraktikum\\vendor\\laravel\\framework\\src\\Illuminate\\Routing\\Route.php(1056): Illuminate\\Routing\\Route->controllerMiddleware()
#10 D:\\praktikum_laravel\\laravelPraktikum\\vendor\\laravel\\framework\\src\\Illuminate\\Routing\\Router.php(820): Illuminate\\Routing\\Route->gatherMiddleware()
#11 D:\\praktikum_laravel\\laravelPraktikum\\vendor\\laravel\\framework\\src\\Illuminate\\Routing\\Router.php(802): Illuminate\\Routing\\Router->gatherRouteMiddleware(Object(Illuminate\\Routing\\Route))
#12 D:\\praktikum_laravel\\laravelPraktikum\\vendor\\laravel\\framework\\src\\Illuminate\\Routing\\Router.php(786): Illuminate\\Routing\\Router->runRouteWithinStack(Object(Illuminate\\Routing\\Route), Object(Illuminate\\Http\\Request))
#13 D:\\praktikum_laravel\\laravelPraktikum\\vendor\\laravel\\framework\\src\\Illuminate\\Routing\\Router.php(750): Illuminate\\Routing\\Router->runRoute(Object(Illuminate\\Http\\Request), Object(Illuminate\\Routing\\Route))
#14 D:\\praktikum_laravel\\laravelPraktikum\\vendor\\laravel\\framework\\src\\Illuminate\\Routing\\Router.php(739): Illuminate\\Routing\\Router->dispatchToRoute(Object(Illuminate\\Http\\Request))
#15 D:\\praktikum_laravel\\laravelPraktikum\\vendor\\laravel\\framework\\src\\Illuminate\\Foundation\\Http\\Kernel.php(200): Illuminate\\Routing\\Router->dispatch(Object(Illuminate\\Http\\Request))
#16 D:\\praktikum_laravel\\laravelPraktikum\\vendor\\laravel\\framework\\src\\Illuminate\\Pipeline\\Pipeline.php(169): Illuminate\\Foundation\\Http\\Kernel->Illuminate\\Foundation\\Http\\{closure}(Object(Illuminate\\Http\\Request))
#17 D:\\praktikum_laravel\\laravelPraktikum\\vendor\\laravel\\framework\\src\\Illuminate\\Foundation\\Http\\Middleware\\TransformsRequest.php(21): Illuminate\\Pipeline\\Pipeline->Illuminate\\Pipeline\\{closure}(Object(Illuminate\\Http\\Request))
#18 D:\\praktikum_laravel\\laravelPraktikum\\vendor\\laravel\\framework\\src\\Illuminate\\Foundation\\Http\\Middleware\\ConvertEmptyStringsToNull.php(31): Illuminate\\Foundation\\Http\\Middleware\\TransformsRequest->handle(Object(Illuminate\\Http\\Request), Object(Closure))
#19 D:\\praktikum_laravel\\laravelPraktikum\\vendor\\laravel\\framework\\src\\Illuminate\\Pipeline\\Pipeline.php(208): Illuminate\\Foundation\\Http\\Middleware\\ConvertEmptyStringsToNull->handle(Object(Illuminate\\Http\\Request), Object(Closure))
#20 D:\\praktikum_laravel\\laravelPraktikum\\vendor\\laravel\\framework\\src\\Illuminate\\Foundation\\Http\\Middleware\\TransformsRequest.php(21): Illuminate\\Pipeline\\Pipeline->Illuminate\\Pipeline\\{closure}(Object(Illuminate\\Http\\Request))
#21 D:\\praktikum_laravel\\laravelPraktikum\\vendor\\laravel\\framework\\src\\Illuminate\\Foundation\\Http\\Middleware\\TrimStrings.php(51): Illuminate\\Foundation\\Http\\Middleware\\TransformsRequest->handle(Object(Illuminate\\Http\\Request), Object(Closure))
#22 D:\\praktikum_laravel\\laravelPraktikum\\vendor\\laravel\\framework\\src\\Illuminate\\Pipeline\\Pipeline.php(208): Illuminate\\Foundation\\Http\\Middleware\\TrimStrings->handle(Object(Illuminate\\Http\\Request), Object(Closure))
#23 D:\\praktikum_laravel\\laravelPraktikum\\vendor\\laravel\\framework\\src\\Illuminate\\Http\\Middleware\\ValidatePostSize.php(27): Illuminate\\Pipeline\\Pipeline->Illuminate\\Pipeline\\{closure}(Object(Illuminate\\Http\\Request))
#24 D:\\praktikum_laravel\\laravelPraktikum\\vendor\\laravel\\framework\\src\\Illuminate\\Pipeline\\Pipeline.php(208): Illuminate\\Http\\Middleware\\ValidatePostSize->handle(Object(Illuminate\\Http\\Request), Object(Closure))
#25 D:\\praktikum_laravel\\laravelPraktikum\\vendor\\laravel\\framework\\src\\Illuminate\\Foundation\\Http\\Middleware\\PreventRequestsDuringMaintenance.php(109): Illuminate\\Pipeline\\Pipeline->Illuminate\\Pipeline\\{closure}(Object(Illuminate\\Http\\Request))
#26 D:\\praktikum_laravel\\laravelPraktikum\\vendor\\laravel\\framework\\src\\Illuminate\\Pipeline\\Pipeline.php(208): Illuminate\\Foundation\\Http\\Middleware\\PreventRequestsDuringMaintenance->handle(Object(Illuminate\\Http\\Request), Object(Closure))
#27 D:\\praktikum_laravel\\laravelPraktikum\\vendor\\laravel\\framework\\src\\Illuminate\\Http\\Middleware\\HandleCors.php(48): Illuminate\\Pipeline\\Pipeline->Illuminate\\Pipeline\\{closure}(Object(Illuminate\\Http\\Request))
#28 D:\\praktikum_laravel\\laravelPraktikum\\vendor\\laravel\\framework\\src\\Illuminate\\Pipeline\\Pipeline.php(208): Illuminate\\Http\\Middleware\\HandleCors->handle(Object(Illuminate\\Http\\Request), Object(Closure))
#29 D:\\praktikum_laravel\\laravelPraktikum\\vendor\\laravel\\framework\\src\\Illuminate\\Http\\Middleware\\TrustProxies.php(58): Illuminate\\Pipeline\\Pipeline->Illuminate\\Pipeline\\{closure}(Object(Illuminate\\Http\\Request))
#30 D:\\praktikum_laravel\\laravelPraktikum\\vendor\\laravel\\framework\\src\\Illuminate\\Pipeline\\Pipeline.php(208): Illuminate\\Http\\Middleware\\TrustProxies->handle(Object(Illuminate\\Http\\Request), Object(Closure))
#31 D:\\praktikum_laravel\\laravelPraktikum\\vendor\\laravel\\framework\\src\\Illuminate\\Foundation\\Http\\Middleware\\InvokeDeferredCallbacks.php(22): Illuminate\\Pipeline\\Pipeline->Illuminate\\Pipeline\\{closure}(Object(Illuminate\\Http\\Request))
#32 D:\\praktikum_laravel\\laravelPraktikum\\vendor\\laravel\\framework\\src\\Illuminate\\Pipeline\\Pipeline.php(208): Illuminate\\Foundation\\Http\\Middleware\\InvokeDeferredCallbacks->handle(Object(Illuminate\\Http\\Request), Object(Closure))
#33 D:\\praktikum_laravel\\laravelPraktikum\\vendor\\laravel\\framework\\src\\Illuminate\\Http\\Middleware\\ValidatePathEncoding.php(26): Illuminate\\Pipeline\\Pipeline->Illuminate\\Pipeline\\{closure}(Object(Illuminate\\Http\\Request))
#34 D:\\praktikum_laravel\\laravelPraktikum\\vendor\\laravel\\framework\\src\\Illuminate\\Pipeline\\Pipeline.php(208): Illuminate\\Http\\Middleware\\ValidatePathEncoding->handle(Object(Illuminate\\Http\\Request), Object(Closure))
#35 D:\\praktikum_laravel\\laravelPraktikum\\vendor\\laravel\\framework\\src\\Illuminate\\Pipeline\\Pipeline.php(126): Illuminate\\Pipeline\\Pipeline->Illuminate\\Pipeline\\{closure}(Object(Illuminate\\Http\\Request))
#36 D:\\praktikum_laravel\\laravelPraktikum\\vendor\\laravel\\framework\\src\\Illuminate\\Foundation\\Http\\Kernel.php(175): Illuminate\\Pipeline\\Pipeline->then(Object(Closure))
#37 D:\\praktikum_laravel\\laravelPraktikum\\vendor\\laravel\\framework\\src\\Illuminate\\Foundation\\Http\\Kernel.php(144): Illuminate\\Foundation\\Http\\Kernel->sendRequestThroughRouter(Object(Illuminate\\Http\\Request))
#38 D:\\praktikum_laravel\\laravelPraktikum\\vendor\\laravel\\framework\\src\\Illuminate\\Foundation\\Application.php(1219): Illuminate\\Foundation\\Http\\Kernel->handle(Object(Illuminate\\Http\\Request))
#39 D:\\praktikum_laravel\\laravelPraktikum\\public\\index.php(20): Illuminate\\Foundation\\Application->handleRequest(Object(Illuminate\\Http\\Request))
#40 D:\\praktikum_laravel\\laravelPraktikum\\vendor\\laravel\\framework\\src\\Illuminate\\Foundation\\resources\\server.php(23): require_once('D:\\\\praktikum_la...')
#41 {main}
"} 
[2025-05-19 05:57:49] local.ERROR: SQLSTATE[HY000] [2002] No connection could be made because the target machine actively refused it (Connection: mysql, SQL: select * from `sessions` where `id` = hIrJFhGCJPWAOKQftjbG5znrvD1AusHFeoSnNOZa limit 1) {"exception":"[object] (Illuminate\\Database\\QueryException(code: 2002): SQLSTATE[HY000] [2002] No connection could be made because the target machine actively refused it (Connection: mysql, SQL: select * from `sessions` where `id` = hIrJFhGCJPWAOKQftjbG5znrvD1AusHFeoSnNOZa limit 1) at D:\\praktikum_laravel\\laravelPraktikum\\vendor\\laravel\\framework\\src\\Illuminate\\Database\\Connection.php:822)
[stacktrace]
#0 D:\\praktikum_laravel\\laravelPraktikum\\vendor\\laravel\\framework\\src\\Illuminate\\Database\\Connection.php(976): Illuminate\\Database\\Connection->runQueryCallback('select * from `...', Array, Object(Closure))
#1 D:\\praktikum_laravel\\laravelPraktikum\\vendor\\laravel\\framework\\src\\Illuminate\\Database\\Connection.php(955): Illuminate\\Database\\Connection->tryAgainIfCausedByLostConnection(Object(Illuminate\\Database\\QueryException), 'select * from `...', Array, Object(Closure))
#2 D:\\praktikum_laravel\\laravelPraktikum\\vendor\\laravel\\framework\\src\\Illuminate\\Database\\Connection.php(778): Illuminate\\Database\\Connection->handleQueryException(Object(Illuminate\\Database\\QueryException), 'select * from `...', Array, Object(Closure))
#3 D:\\praktikum_laravel\\laravelPraktikum\\vendor\\laravel\\framework\\src\\Illuminate\\Database\\Connection.php(395): Illuminate\\Database\\Connection->run('select * from `...', Array, Object(Closure))
#4 D:\\praktikum_laravel\\laravelPraktikum\\vendor\\laravel\\framework\\src\\Illuminate\\Database\\Query\\Builder.php(3120): Illuminate\\Database\\Connection->select('select * from `...', Array, false)
#5 D:\\praktikum_laravel\\laravelPraktikum\\vendor\\laravel\\framework\\src\\Illuminate\\Database\\Query\\Builder.php(3105): Illuminate\\Database\\Query\\Builder->runSelect()
#6 D:\\praktikum_laravel\\laravelPraktikum\\vendor\\laravel\\framework\\src\\Illuminate\\Database\\Query\\Builder.php(3695): Illuminate\\Database\\Query\\Builder->Illuminate\\Database\\Query\\{closure}()
#7 D:\\praktikum_laravel\\laravelPraktikum\\vendor\\laravel\\framework\\src\\Illuminate\\Database\\Query\\Builder.php(3104): Illuminate\\Database\\Query\\Builder->onceWithColumns(Array, Object(Closure))
#8 D:\\praktikum_laravel\\laravelPraktikum\\vendor\\laravel\\framework\\src\\Illuminate\\Database\\Concerns\\BuildsQueries.php(366): Illuminate\\Database\\Query\\Builder->get(Array)
#9 D:\\praktikum_laravel\\laravelPraktikum\\vendor\\laravel\\framework\\src\\Illuminate\\Database\\Query\\Builder.php(3027): Illuminate\\Database\\Query\\Builder->first(Array)
#10 D:\\praktikum_laravel\\laravelPraktikum\\vendor\\laravel\\framework\\src\\Illuminate\\Session\\DatabaseSessionHandler.php(96): Illuminate\\Database\\Query\\Builder->find('hIrJFhGCJPWAOKQ...')
#11 D:\\praktikum_laravel\\laravelPraktikum\\vendor\\laravel\\framework\\src\\Illuminate\\Session\\Store.php(116): Illuminate\\Session\\DatabaseSessionHandler->read('hIrJFhGCJPWAOKQ...')
#12 D:\\praktikum_laravel\\laravelPraktikum\\vendor\\laravel\\framework\\src\\Illuminate\\Session\\Store.php(104): Illuminate\\Session\\Store->readFromHandler()
#13 D:\\praktikum_laravel\\laravelPraktikum\\vendor\\laravel\\framework\\src\\Illuminate\\Session\\Store.php(88): Illuminate\\Session\\Store->loadSession()
#14 D:\\praktikum_laravel\\laravelPraktikum\\vendor\\laravel\\framework\\src\\Illuminate\\Session\\Middleware\\StartSession.php(146): Illuminate\\Session\\Store->start()
#15 D:\\praktikum_laravel\\laravelPraktikum\\vendor\\laravel\\framework\\src\\Illuminate\\Support\\helpers.php(399): Illuminate\\Session\\Middleware\\StartSession->Illuminate\\Session\\Middleware\\{closure}(Object(Illuminate\\Session\\Store))
#16 D:\\praktikum_laravel\\laravelPraktikum\\vendor\\laravel\\framework\\src\\Illuminate\\Session\\Middleware\\StartSession.php(143): tap(Object(Illuminate\\Session\\Store), Object(Closure))
#17 D:\\praktikum_laravel\\laravelPraktikum\\vendor\\laravel\\framework\\src\\Illuminate\\Session\\Middleware\\StartSession.php(115): Illuminate\\Session\\Middleware\\StartSession->startSession(Object(Illuminate\\Http\\Request), Object(Illuminate\\Session\\Store))
#18 D:\\praktikum_laravel\\laravelPraktikum\\vendor\\laravel\\framework\\src\\Illuminate\\Session\\Middleware\\StartSession.php(63): Illuminate\\Session\\Middleware\\StartSession->handleStatefulRequest(Object(Illuminate\\Http\\Request), Object(Illuminate\\Session\\Store), Object(Closure))
#19 D:\\praktikum_laravel\\laravelPraktikum\\vendor\\laravel\\framework\\src\\Illuminate\\Pipeline\\Pipeline.php(208): Illuminate\\Session\\Middleware\\StartSession->handle(Object(Illuminate\\Http\\Request), Object(Closure))
#20 D:\\praktikum_laravel\\laravelPraktikum\\vendor\\laravel\\framework\\src\\Illuminate\\Cookie\\Middleware\\AddQueuedCookiesToResponse.php(36): Illuminate\\Pipeline\\Pipeline->Illuminate\\Pipeline\\{closure}(Object(Illuminate\\Http\\Request))
#21 D:\\praktikum_laravel\\laravelPraktikum\\vendor\\laravel\\framework\\src\\Illuminate\\Pipeline\\Pipeline.php(208): Illuminate\\Cookie\\Middleware\\AddQueuedCookiesToResponse->handle(Object(Illuminate\\Http\\Request), Object(Closure))
#22 D:\\praktikum_laravel\\laravelPraktikum\\vendor\\laravel\\framework\\src\\Illuminate\\Cookie\\Middleware\\EncryptCookies.php(74): Illuminate\\Pipeline\\Pipeline->Illuminate\\Pipeline\\{closure}(Object(Illuminate\\Http\\Request))
#23 D:\\praktikum_laravel\\laravelPraktikum\\vendor\\laravel\\framework\\src\\Illuminate\\Pipeline\\Pipeline.php(208): Illuminate\\Cookie\\Middleware\\EncryptCookies->handle(Object(Illuminate\\Http\\Request), Object(Closure))
#24 D:\\praktikum_laravel\\laravelPraktikum\\vendor\\laravel\\framework\\src\\Illuminate\\Pipeline\\Pipeline.php(126): Illuminate\\Pipeline\\Pipeline->Illuminate\\Pipeline\\{closure}(Object(Illuminate\\Http\\Request))
#25 D:\\praktikum_laravel\\laravelPraktikum\\vendor\\laravel\\framework\\src\\Illuminate\\Routing\\Router.php(807): Illuminate\\Pipeline\\Pipeline->then(Object(Closure))
#26 D:\\praktikum_laravel\\laravelPraktikum\\vendor\\laravel\\framework\\src\\Illuminate\\Routing\\Router.php(786): Illuminate\\Routing\\Router->runRouteWithinStack(Object(Illuminate\\Routing\\Route), Object(Illuminate\\Http\\Request))
#27 D:\\praktikum_laravel\\laravelPraktikum\\vendor\\laravel\\framework\\src\\Illuminate\\Routing\\Router.php(750): Illuminate\\Routing\\Router->runRoute(Object(Illuminate\\Http\\Request), Object(Illuminate\\Routing\\Route))
#28 D:\\praktikum_laravel\\laravelPraktikum\\vendor\\laravel\\framework\\src\\Illuminate\\Routing\\Router.php(739): Illuminate\\Routing\\Router->dispatchToRoute(Object(Illuminate\\Http\\Request))
#29 D:\\praktikum_laravel\\laravelPraktikum\\vendor\\laravel\\framework\\src\\Illuminate\\Foundation\\Http\\Kernel.php(200): Illuminate\\Routing\\Router->dispatch(Object(Illuminate\\Http\\Request))
#30 D:\\praktikum_laravel\\laravelPraktikum\\vendor\\laravel\\framework\\src\\Illuminate\\Pipeline\\Pipeline.php(169): Illuminate\\Foundation\\Http\\Kernel->Illuminate\\Foundation\\Http\\{closure}(Object(Illuminate\\Http\\Request))
#31 D:\\praktikum_laravel\\laravelPraktikum\\vendor\\laravel\\framework\\src\\Illuminate\\Foundation\\Http\\Middleware\\TransformsRequest.php(21): Illuminate\\Pipeline\\Pipeline->Illuminate\\Pipeline\\{closure}(Object(Illuminate\\Http\\Request))
#32 D:\\praktikum_laravel\\laravelPraktikum\\vendor\\laravel\\framework\\src\\Illuminate\\Foundation\\Http\\Middleware\\ConvertEmptyStringsToNull.php(31): Illuminate\\Foundation\\Http\\Middleware\\TransformsRequest->handle(Object(Illuminate\\Http\\Request), Object(Closure))
#33 D:\\praktikum_laravel\\laravelPraktikum\\vendor\\laravel\\framework\\src\\Illuminate\\Pipeline\\Pipeline.php(208): Illuminate\\Foundation\\Http\\Middleware\\ConvertEmptyStringsToNull->handle(Object(Illuminate\\Http\\Request), Object(Closure))
#34 D:\\praktikum_laravel\\laravelPraktikum\\vendor\\laravel\\framework\\src\\Illuminate\\Foundation\\Http\\Middleware\\TransformsRequest.php(21): Illuminate\\Pipeline\\Pipeline->Illuminate\\Pipeline\\{closure}(Object(Illuminate\\Http\\Request))
#35 D:\\praktikum_laravel\\laravelPraktikum\\vendor\\laravel\\framework\\src\\Illuminate\\Foundation\\Http\\Middleware\\TrimStrings.php(51): Illuminate\\Foundation\\Http\\Middleware\\TransformsRequest->handle(Object(Illuminate\\Http\\Request), Object(Closure))
#36 D:\\praktikum_laravel\\laravelPraktikum\\vendor\\laravel\\framework\\src\\Illuminate\\Pipeline\\Pipeline.php(208): Illuminate\\Foundation\\Http\\Middleware\\TrimStrings->handle(Object(Illuminate\\Http\\Request), Object(Closure))
#37 D:\\praktikum_laravel\\laravelPraktikum\\vendor\\laravel\\framework\\src\\Illuminate\\Http\\Middleware\\ValidatePostSize.php(27): Illuminate\\Pipeline\\Pipeline->Illuminate\\Pipeline\\{closure}(Object(Illuminate\\Http\\Request))
#38 D:\\praktikum_laravel\\laravelPraktikum\\vendor\\laravel\\framework\\src\\Illuminate\\Pipeline\\Pipeline.php(208): Illuminate\\Http\\Middleware\\ValidatePostSize->handle(Object(Illuminate\\Http\\Request), Object(Closure))
#39 D:\\praktikum_laravel\\laravelPraktikum\\vendor\\laravel\\framework\\src\\Illuminate\\Foundation\\Http\\Middleware\\PreventRequestsDuringMaintenance.php(109): Illuminate\\Pipeline\\Pipeline->Illuminate\\Pipeline\\{closure}(Object(Illuminate\\Http\\Request))
#40 D:\\praktikum_laravel\\laravelPraktikum\\vendor\\laravel\\framework\\src\\Illuminate\\Pipeline\\Pipeline.php(208): Illuminate\\Foundation\\Http\\Middleware\\PreventRequestsDuringMaintenance->handle(Object(Illuminate\\Http\\Request), Object(Closure))
#41 D:\\praktikum_laravel\\laravelPraktikum\\vendor\\laravel\\framework\\src\\Illuminate\\Http\\Middleware\\HandleCors.php(48): Illuminate\\Pipeline\\Pipeline->Illuminate\\Pipeline\\{closure}(Object(Illuminate\\Http\\Request))
#42 D:\\praktikum_laravel\\laravelPraktikum\\vendor\\laravel\\framework\\src\\Illuminate\\Pipeline\\Pipeline.php(208): Illuminate\\Http\\Middleware\\HandleCors->handle(Object(Illuminate\\Http\\Request), Object(Closure))
#43 D:\\praktikum_laravel\\laravelPraktikum\\vendor\\laravel\\framework\\src\\Illuminate\\Http\\Middleware\\TrustProxies.php(58): Illuminate\\Pipeline\\Pipeline->Illuminate\\Pipeline\\{closure}(Object(Illuminate\\Http\\Request))
#44 D:\\praktikum_laravel\\laravelPraktikum\\vendor\\laravel\\framework\\src\\Illuminate\\Pipeline\\Pipeline.php(208): Illuminate\\Http\\Middleware\\TrustProxies->handle(Object(Illuminate\\Http\\Request), Object(Closure))
#45 D:\\praktikum_laravel\\laravelPraktikum\\vendor\\laravel\\framework\\src\\Illuminate\\Foundation\\Http\\Middleware\\InvokeDeferredCallbacks.php(22): Illuminate\\Pipeline\\Pipeline->Illuminate\\Pipeline\\{closure}(Object(Illuminate\\Http\\Request))
#46 D:\\praktikum_laravel\\laravelPraktikum\\vendor\\laravel\\framework\\src\\Illuminate\\Pipeline\\Pipeline.php(208): Illuminate\\Foundation\\Http\\Middleware\\InvokeDeferredCallbacks->handle(Object(Illuminate\\Http\\Request), Object(Closure))
#47 D:\\praktikum_laravel\\laravelPraktikum\\vendor\\laravel\\framework\\src\\Illuminate\\Http\\Middleware\\ValidatePathEncoding.php(26): Illuminate\\Pipeline\\Pipeline->Illuminate\\Pipeline\\{closure}(Object(Illuminate\\Http\\Request))
#48 D:\\praktikum_laravel\\laravelPraktikum\\vendor\\laravel\\framework\\src\\Illuminate\\Pipeline\\Pipeline.php(208): Illuminate\\Http\\Middleware\\ValidatePathEncoding->handle(Object(Illuminate\\Http\\Request), Object(Closure))
#49 D:\\praktikum_laravel\\laravelPraktikum\\vendor\\laravel\\framework\\src\\Illuminate\\Pipeline\\Pipeline.php(126): Illuminate\\Pipeline\\Pipeline->Illuminate\\Pipeline\\{closure}(Object(Illuminate\\Http\\Request))
#50 D:\\praktikum_laravel\\laravelPraktikum\\vendor\\laravel\\framework\\src\\Illuminate\\Foundation\\Http\\Kernel.php(175): Illuminate\\Pipeline\\Pipeline->then(Object(Closure))
#51 D:\\praktikum_laravel\\laravelPraktikum\\vendor\\laravel\\framework\\src\\Illuminate\\Foundation\\Http\\Kernel.php(144): Illuminate\\Foundation\\Http\\Kernel->sendRequestThroughRouter(Object(Illuminate\\Http\\Request))
#52 D:\\praktikum_laravel\\laravelPraktikum\\vendor\\laravel\\framework\\src\\Illuminate\\Foundation\\Application.php(1219): Illuminate\\Foundation\\Http\\Kernel->handle(Object(Illuminate\\Http\\Request))
#53 D:\\praktikum_laravel\\laravelPraktikum\\public\\index.php(20): Illuminate\\Foundation\\Application->handleRequest(Object(Illuminate\\Http\\Request))
#54 D:\\praktikum_laravel\\laravelPraktikum\\vendor\\laravel\\framework\\src\\Illuminate\\Foundation\\resources\\server.php(23): require_once('D:\\\\praktikum_la...')
#55 {main}

[previous exception] [object] (PDOException(code: 2002): SQLSTATE[HY000] [2002] No connection could be made because the target machine actively refused it at D:\\praktikum_laravel\\laravelPraktikum\\vendor\\laravel\\framework\\src\\Illuminate\\Database\\Connectors\\Connector.php:66)
[stacktrace]
#0 D:\\praktikum_laravel\\laravelPraktikum\\vendor\\laravel\\framework\\src\\Illuminate\\Database\\Connectors\\Connector.php(66): PDO->__construct('mysql:host=127....', 'root', Object(SensitiveParameterValue), Array)
#1 D:\\praktikum_laravel\\laravelPraktikum\\vendor\\laravel\\framework\\src\\Illuminate\\Database\\Connectors\\Connector.php(85): Illuminate\\Database\\Connectors\\Connector->createPdoConnection('mysql:host=127....', 'root', Object(SensitiveParameterValue), Array)
#2 D:\\praktikum_laravel\\laravelPraktikum\\vendor\\laravel\\framework\\src\\Illuminate\\Database\\Connectors\\Connector.php(48): Illuminate\\Database\\Connectors\\Connector->tryAgainIfCausedByLostConnection(Object(PDOException), 'mysql:host=127....', 'root', Object(SensitiveParameterValue), Array)
#3 D:\\praktikum_laravel\\laravelPraktikum\\vendor\\laravel\\framework\\src\\Illuminate\\Database\\Connectors\\MySqlConnector.php(24): Illuminate\\Database\\Connectors\\Connector->createConnection('mysql:host=127....', Array, Array)
#4 D:\\praktikum_laravel\\laravelPraktikum\\vendor\\laravel\\framework\\src\\Illuminate\\Database\\Connectors\\ConnectionFactory.php(184): Illuminate\\Database\\Connectors\\MySqlConnector->connect(Array)
#5 [internal function]: Illuminate\\Database\\Connectors\\ConnectionFactory->Illuminate\\Database\\Connectors\\{closure}()
#6 D:\\praktikum_laravel\\laravelPraktikum\\vendor\\laravel\\framework\\src\\Illuminate\\Database\\Connection.php(1228): call_user_func(Object(Closure))
#7 D:\\praktikum_laravel\\laravelPraktikum\\vendor\\laravel\\framework\\src\\Illuminate\\Database\\Connection.php(509): Illuminate\\Database\\Connection->getPdo()
#8 D:\\praktikum_laravel\\laravelPraktikum\\vendor\\laravel\\framework\\src\\Illuminate\\Database\\Connection.php(404): Illuminate\\Database\\Connection->getPdoForSelect(false)
#9 D:\\praktikum_laravel\\laravelPraktikum\\vendor\\laravel\\framework\\src\\Illuminate\\Database\\Connection.php(809): Illuminate\\Database\\Connection->Illuminate\\Database\\{closure}('select * from `...', Array)
#10 D:\\praktikum_laravel\\laravelPraktikum\\vendor\\laravel\\framework\\src\\Illuminate\\Database\\Connection.php(976): Illuminate\\Database\\Connection->runQueryCallback('select * from `...', Array, Object(Closure))
#11 D:\\praktikum_laravel\\laravelPraktikum\\vendor\\laravel\\framework\\src\\Illuminate\\Database\\Connection.php(955): Illuminate\\Database\\Connection->tryAgainIfCausedByLostConnection(Object(Illuminate\\Database\\QueryException), 'select * from `...', Array, Object(Closure))
#12 D:\\praktikum_laravel\\laravelPraktikum\\vendor\\laravel\\framework\\src\\Illuminate\\Database\\Connection.php(778): Illuminate\\Database\\Connection->handleQueryException(Object(Illuminate\\Database\\QueryException), 'select * from `...', Array, Object(Closure))
#13 D:\\praktikum_laravel\\laravelPraktikum\\vendor\\laravel\\framework\\src\\Illuminate\\Database\\Connection.php(395): Illuminate\\Database\\Connection->run('select * from `...', Array, Object(Closure))
#14 D:\\praktikum_laravel\\laravelPraktikum\\vendor\\laravel\\framework\\src\\Illuminate\\Database\\Query\\Builder.php(3120): Illuminate\\Database\\Connection->select('select * from `...', Array, false)
#15 D:\\praktikum_laravel\\laravelPraktikum\\vendor\\laravel\\framework\\src\\Illuminate\\Database\\Query\\Builder.php(3105): Illuminate\\Database\\Query\\Builder->runSelect()
#16 D:\\praktikum_laravel\\laravelPraktikum\\vendor\\laravel\\framework\\src\\Illuminate\\Database\\Query\\Builder.php(3695): Illuminate\\Database\\Query\\Builder->Illuminate\\Database\\Query\\{closure}()
#17 D:\\praktikum_laravel\\laravelPraktikum\\vendor\\laravel\\framework\\src\\Illuminate\\Database\\Query\\Builder.php(3104): Illuminate\\Database\\Query\\Builder->onceWithColumns(Array, Object(Closure))
#18 D:\\praktikum_laravel\\laravelPraktikum\\vendor\\laravel\\framework\\src\\Illuminate\\Database\\Concerns\\BuildsQueries.php(366): Illuminate\\Database\\Query\\Builder->get(Array)
#19 D:\\praktikum_laravel\\laravelPraktikum\\vendor\\laravel\\framework\\src\\Illuminate\\Database\\Query\\Builder.php(3027): Illuminate\\Database\\Query\\Builder->first(Array)
#20 D:\\praktikum_laravel\\laravelPraktikum\\vendor\\laravel\\framework\\src\\Illuminate\\Session\\DatabaseSessionHandler.php(96): Illuminate\\Database\\Query\\Builder->find('hIrJFhGCJPWAOKQ...')
#21 D:\\praktikum_laravel\\laravelPraktikum\\vendor\\laravel\\framework\\src\\Illuminate\\Session\\Store.php(116): Illuminate\\Session\\DatabaseSessionHandler->read('hIrJFhGCJPWAOKQ...')
#22 D:\\praktikum_laravel\\laravelPraktikum\\vendor\\laravel\\framework\\src\\Illuminate\\Session\\Store.php(104): Illuminate\\Session\\Store->readFromHandler()
#23 D:\\praktikum_laravel\\laravelPraktikum\\vendor\\laravel\\framework\\src\\Illuminate\\Session\\Store.php(88): Illuminate\\Session\\Store->loadSession()
#24 D:\\praktikum_laravel\\laravelPraktikum\\vendor\\laravel\\framework\\src\\Illuminate\\Session\\Middleware\\StartSession.php(146): Illuminate\\Session\\Store->start()
#25 D:\\praktikum_laravel\\laravelPraktikum\\vendor\\laravel\\framework\\src\\Illuminate\\Support\\helpers.php(399): Illuminate\\Session\\Middleware\\StartSession->Illuminate\\Session\\Middleware\\{closure}(Object(Illuminate\\Session\\Store))
#26 D:\\praktikum_laravel\\laravelPraktikum\\vendor\\laravel\\framework\\src\\Illuminate\\Session\\Middleware\\StartSession.php(143): tap(Object(Illuminate\\Session\\Store), Object(Closure))
#27 D:\\praktikum_laravel\\laravelPraktikum\\vendor\\laravel\\framework\\src\\Illuminate\\Session\\Middleware\\StartSession.php(115): Illuminate\\Session\\Middleware\\StartSession->startSession(Object(Illuminate\\Http\\Request), Object(Illuminate\\Session\\Store))
#28 D:\\praktikum_laravel\\laravelPraktikum\\vendor\\laravel\\framework\\src\\Illuminate\\Session\\Middleware\\StartSession.php(63): Illuminate\\Session\\Middleware\\StartSession->handleStatefulRequest(Object(Illuminate\\Http\\Request), Object(Illuminate\\Session\\Store), Object(Closure))
#29 D:\\praktikum_laravel\\laravelPraktikum\\vendor\\laravel\\framework\\src\\Illuminate\\Pipeline\\Pipeline.php(208): Illuminate\\Session\\Middleware\\StartSession->handle(Object(Illuminate\\Http\\Request), Object(Closure))
#30 D:\\praktikum_laravel\\laravelPraktikum\\vendor\\laravel\\framework\\src\\Illuminate\\Cookie\\Middleware\\AddQueuedCookiesToResponse.php(36): Illuminate\\Pipeline\\Pipeline->Illuminate\\Pipeline\\{closure}(Object(Illuminate\\Http\\Request))
#31 D:\\praktikum_laravel\\laravelPraktikum\\vendor\\laravel\\framework\\src\\Illuminate\\Pipeline\\Pipeline.php(208): Illuminate\\Cookie\\Middleware\\AddQueuedCookiesToResponse->handle(Object(Illuminate\\Http\\Request), Object(Closure))
#32 D:\\praktikum_laravel\\laravelPraktikum\\vendor\\laravel\\framework\\src\\Illuminate\\Cookie\\Middleware\\EncryptCookies.php(74): Illuminate\\Pipeline\\Pipeline->Illuminate\\Pipeline\\{closure}(Object(Illuminate\\Http\\Request))
#33 D:\\praktikum_laravel\\laravelPraktikum\\vendor\\laravel\\framework\\src\\Illuminate\\Pipeline\\Pipeline.php(208): Illuminate\\Cookie\\Middleware\\EncryptCookies->handle(Object(Illuminate\\Http\\Request), Object(Closure))
#34 D:\\praktikum_laravel\\laravelPraktikum\\vendor\\laravel\\framework\\src\\Illuminate\\Pipeline\\Pipeline.php(126): Illuminate\\Pipeline\\Pipeline->Illuminate\\Pipeline\\{closure}(Object(Illuminate\\Http\\Request))
#35 D:\\praktikum_laravel\\laravelPraktikum\\vendor\\laravel\\framework\\src\\Illuminate\\Routing\\Router.php(807): Illuminate\\Pipeline\\Pipeline->then(Object(Closure))
#36 D:\\praktikum_laravel\\laravelPraktikum\\vendor\\laravel\\framework\\src\\Illuminate\\Routing\\Router.php(786): Illuminate\\Routing\\Router->runRouteWithinStack(Object(Illuminate\\Routing\\Route), Object(Illuminate\\Http\\Request))
#37 D:\\praktikum_laravel\\laravelPraktikum\\vendor\\laravel\\framework\\src\\Illuminate\\Routing\\Router.php(750): Illuminate\\Routing\\Router->runRoute(Object(Illuminate\\Http\\Request), Object(Illuminate\\Routing\\Route))
#38 D:\\praktikum_laravel\\laravelPraktikum\\vendor\\laravel\\framework\\src\\Illuminate\\Routing\\Router.php(739): Illuminate\\Routing\\Router->dispatchToRoute(Object(Illuminate\\Http\\Request))
#39 D:\\praktikum_laravel\\laravelPraktikum\\vendor\\laravel\\framework\\src\\Illuminate\\Foundation\\Http\\Kernel.php(200): Illuminate\\Routing\\Router->dispatch(Object(Illuminate\\Http\\Request))
#40 D:\\praktikum_laravel\\laravelPraktikum\\vendor\\laravel\\framework\\src\\Illuminate\\Pipeline\\Pipeline.php(169): Illuminate\\Foundation\\Http\\Kernel->Illuminate\\Foundation\\Http\\{closure}(Object(Illuminate\\Http\\Request))
#41 D:\\praktikum_laravel\\laravelPraktikum\\vendor\\laravel\\framework\\src\\Illuminate\\Foundation\\Http\\Middleware\\TransformsRequest.php(21): Illuminate\\Pipeline\\Pipeline->Illuminate\\Pipeline\\{closure}(Object(Illuminate\\Http\\Request))
#42 D:\\praktikum_laravel\\laravelPraktikum\\vendor\\laravel\\framework\\src\\Illuminate\\Foundation\\Http\\Middleware\\ConvertEmptyStringsToNull.php(31): Illuminate\\Foundation\\Http\\Middleware\\TransformsRequest->handle(Object(Illuminate\\Http\\Request), Object(Closure))
#43 D:\\praktikum_laravel\\laravelPraktikum\\vendor\\laravel\\framework\\src\\Illuminate\\Pipeline\\Pipeline.php(208): Illuminate\\Foundation\\Http\\Middleware\\ConvertEmptyStringsToNull->handle(Object(Illuminate\\Http\\Request), Object(Closure))
#44 D:\\praktikum_laravel\\laravelPraktikum\\vendor\\laravel\\framework\\src\\Illuminate\\Foundation\\Http\\Middleware\\TransformsRequest.php(21): Illuminate\\Pipeline\\Pipeline->Illuminate\\Pipeline\\{closure}(Object(Illuminate\\Http\\Request))
#45 D:\\praktikum_laravel\\laravelPraktikum\\vendor\\laravel\\framework\\src\\Illuminate\\Foundation\\Http\\Middleware\\TrimStrings.php(51): Illuminate\\Foundation\\Http\\Middleware\\TransformsRequest->handle(Object(Illuminate\\Http\\Request), Object(Closure))
#46 D:\\praktikum_laravel\\laravelPraktikum\\vendor\\laravel\\framework\\src\\Illuminate\\Pipeline\\Pipeline.php(208): Illuminate\\Foundation\\Http\\Middleware\\TrimStrings->handle(Object(Illuminate\\Http\\Request), Object(Closure))
#47 D:\\praktikum_laravel\\laravelPraktikum\\vendor\\laravel\\framework\\src\\Illuminate\\Http\\Middleware\\ValidatePostSize.php(27): Illuminate\\Pipeline\\Pipeline->Illuminate\\Pipeline\\{closure}(Object(Illuminate\\Http\\Request))
#48 D:\\praktikum_laravel\\laravelPraktikum\\vendor\\laravel\\framework\\src\\Illuminate\\Pipeline\\Pipeline.php(208): Illuminate\\Http\\Middleware\\ValidatePostSize->handle(Object(Illuminate\\Http\\Request), Object(Closure))
#49 D:\\praktikum_laravel\\laravelPraktikum\\vendor\\laravel\\framework\\src\\Illuminate\\Foundation\\Http\\Middleware\\PreventRequestsDuringMaintenance.php(109): Illuminate\\Pipeline\\Pipeline->Illuminate\\Pipeline\\{closure}(Object(Illuminate\\Http\\Request))
#50 D:\\praktikum_laravel\\laravelPraktikum\\vendor\\laravel\\framework\\src\\Illuminate\\Pipeline\\Pipeline.php(208): Illuminate\\Foundation\\Http\\Middleware\\PreventRequestsDuringMaintenance->handle(Object(Illuminate\\Http\\Request), Object(Closure))
#51 D:\\praktikum_laravel\\laravelPraktikum\\vendor\\laravel\\framework\\src\\Illuminate\\Http\\Middleware\\HandleCors.php(48): Illuminate\\Pipeline\\Pipeline->Illuminate\\Pipeline\\{closure}(Object(Illuminate\\Http\\Request))
#52 D:\\praktikum_laravel\\laravelPraktikum\\vendor\\laravel\\framework\\src\\Illuminate\\Pipeline\\Pipeline.php(208): Illuminate\\Http\\Middleware\\HandleCors->handle(Object(Illuminate\\Http\\Request), Object(Closure))
#53 D:\\praktikum_laravel\\laravelPraktikum\\vendor\\laravel\\framework\\src\\Illuminate\\Http\\Middleware\\TrustProxies.php(58): Illuminate\\Pipeline\\Pipeline->Illuminate\\Pipeline\\{closure}(Object(Illuminate\\Http\\Request))
#54 D:\\praktikum_laravel\\laravelPraktikum\\vendor\\laravel\\framework\\src\\Illuminate\\Pipeline\\Pipeline.php(208): Illuminate\\Http\\Middleware\\TrustProxies->handle(Object(Illuminate\\Http\\Request), Object(Closure))
#55 D:\\praktikum_laravel\\laravelPraktikum\\vendor\\laravel\\framework\\src\\Illuminate\\Foundation\\Http\\Middleware\\InvokeDeferredCallbacks.php(22): Illuminate\\Pipeline\\Pipeline->Illuminate\\Pipeline\\{closure}(Object(Illuminate\\Http\\Request))
#56 D:\\praktikum_laravel\\laravelPraktikum\\vendor\\laravel\\framework\\src\\Illuminate\\Pipeline\\Pipeline.php(208): Illuminate\\Foundation\\Http\\Middleware\\InvokeDeferredCallbacks->handle(Object(Illuminate\\Http\\Request), Object(Closure))
#57 D:\\praktikum_laravel\\laravelPraktikum\\vendor\\laravel\\framework\\src\\Illuminate\\Http\\Middleware\\ValidatePathEncoding.php(26): Illuminate\\Pipeline\\Pipeline->Illuminate\\Pipeline\\{closure}(Object(Illuminate\\Http\\Request))
#58 D:\\praktikum_laravel\\laravelPraktikum\\vendor\\laravel\\framework\\src\\Illuminate\\Pipeline\\Pipeline.php(208): Illuminate\\Http\\Middleware\\ValidatePathEncoding->handle(Object(Illuminate\\Http\\Request), Object(Closure))
#59 D:\\praktikum_laravel\\laravelPraktikum\\vendor\\laravel\\framework\\src\\Illuminate\\Pipeline\\Pipeline.php(126): Illuminate\\Pipeline\\Pipeline->Illuminate\\Pipeline\\{closure}(Object(Illuminate\\Http\\Request))
#60 D:\\praktikum_laravel\\laravelPraktikum\\vendor\\laravel\\framework\\src\\Illuminate\\Foundation\\Http\\Kernel.php(175): Illuminate\\Pipeline\\Pipeline->then(Object(Closure))
#61 D:\\praktikum_laravel\\laravelPraktikum\\vendor\\laravel\\framework\\src\\Illuminate\\Foundation\\Http\\Kernel.php(144): Illuminate\\Foundation\\Http\\Kernel->sendRequestThroughRouter(Object(Illuminate\\Http\\Request))
#62 D:\\praktikum_laravel\\laravelPraktikum\\vendor\\laravel\\framework\\src\\Illuminate\\Foundation\\Application.php(1219): Illuminate\\Foundation\\Http\\Kernel->handle(Object(Illuminate\\Http\\Request))
#63 D:\\praktikum_laravel\\laravelPraktikum\\public\\index.php(20): Illuminate\\Foundation\\Application->handleRequest(Object(Illuminate\\Http\\Request))
#64 D:\\praktikum_laravel\\laravelPraktikum\\vendor\\laravel\\framework\\src\\Illuminate\\Foundation\\resources\\server.php(23): require_once('D:\\\\praktikum_la...')
#65 {main}
"} 
[2025-05-19 06:01:15] local.ERROR: SQLSTATE[HY000] [2002] No connection could be made because the target machine actively refused it (Connection: mysql, SQL: select * from `sessions` where `id` = 6QDjhYFfW7nVeBGehH3MDxoAhAmv0ntE8wQNAeOT limit 1) {"exception":"[object] (Illuminate\\Database\\QueryException(code: 2002): SQLSTATE[HY000] [2002] No connection could be made because the target machine actively refused it (Connection: mysql, SQL: select * from `sessions` where `id` = 6QDjhYFfW7nVeBGehH3MDxoAhAmv0ntE8wQNAeOT limit 1) at D:\\praktikum_laravel\\laravelPraktikum\\vendor\\laravel\\framework\\src\\Illuminate\\Database\\Connection.php:822)
[stacktrace]
#0 D:\\praktikum_laravel\\laravelPraktikum\\vendor\\laravel\\framework\\src\\Illuminate\\Database\\Connection.php(976): Illuminate\\Database\\Connection->runQueryCallback('select * from `...', Array, Object(Closure))
#1 D:\\praktikum_laravel\\laravelPraktikum\\vendor\\laravel\\framework\\src\\Illuminate\\Database\\Connection.php(955): Illuminate\\Database\\Connection->tryAgainIfCausedByLostConnection(Object(Illuminate\\Database\\QueryException), 'select * from `...', Array, Object(Closure))
#2 D:\\praktikum_laravel\\laravelPraktikum\\vendor\\laravel\\framework\\src\\Illuminate\\Database\\Connection.php(778): Illuminate\\Database\\Connection->handleQueryException(Object(Illuminate\\Database\\QueryException), 'select * from `...', Array, Object(Closure))
#3 D:\\praktikum_laravel\\laravelPraktikum\\vendor\\laravel\\framework\\src\\Illuminate\\Database\\Connection.php(395): Illuminate\\Database\\Connection->run('select * from `...', Array, Object(Closure))
#4 D:\\praktikum_laravel\\laravelPraktikum\\vendor\\laravel\\framework\\src\\Illuminate\\Database\\Query\\Builder.php(3120): Illuminate\\Database\\Connection->select('select * from `...', Array, false)
#5 D:\\praktikum_laravel\\laravelPraktikum\\vendor\\laravel\\framework\\src\\Illuminate\\Database\\Query\\Builder.php(3105): Illuminate\\Database\\Query\\Builder->runSelect()
#6 D:\\praktikum_laravel\\laravelPraktikum\\vendor\\laravel\\framework\\src\\Illuminate\\Database\\Query\\Builder.php(3695): Illuminate\\Database\\Query\\Builder->Illuminate\\Database\\Query\\{closure}()
#7 D:\\praktikum_laravel\\laravelPraktikum\\vendor\\laravel\\framework\\src\\Illuminate\\Database\\Query\\Builder.php(3104): Illuminate\\Database\\Query\\Builder->onceWithColumns(Array, Object(Closure))
#8 D:\\praktikum_laravel\\laravelPraktikum\\vendor\\laravel\\framework\\src\\Illuminate\\Database\\Concerns\\BuildsQueries.php(366): Illuminate\\Database\\Query\\Builder->get(Array)
#9 D:\\praktikum_laravel\\laravelPraktikum\\vendor\\laravel\\framework\\src\\Illuminate\\Database\\Query\\Builder.php(3027): Illuminate\\Database\\Query\\Builder->first(Array)
#10 D:\\praktikum_laravel\\laravelPraktikum\\vendor\\laravel\\framework\\src\\Illuminate\\Session\\DatabaseSessionHandler.php(96): Illuminate\\Database\\Query\\Builder->find('6QDjhYFfW7nVeBG...')
#11 D:\\praktikum_laravel\\laravelPraktikum\\vendor\\laravel\\framework\\src\\Illuminate\\Session\\Store.php(116): Illuminate\\Session\\DatabaseSessionHandler->read('6QDjhYFfW7nVeBG...')
#12 D:\\praktikum_laravel\\laravelPraktikum\\vendor\\laravel\\framework\\src\\Illuminate\\Session\\Store.php(104): Illuminate\\Session\\Store->readFromHandler()
#13 D:\\praktikum_laravel\\laravelPraktikum\\vendor\\laravel\\framework\\src\\Illuminate\\Session\\Store.php(88): Illuminate\\Session\\Store->loadSession()
#14 D:\\praktikum_laravel\\laravelPraktikum\\vendor\\laravel\\framework\\src\\Illuminate\\Session\\Middleware\\StartSession.php(146): Illuminate\\Session\\Store->start()
#15 D:\\praktikum_laravel\\laravelPraktikum\\vendor\\laravel\\framework\\src\\Illuminate\\Support\\helpers.php(399): Illuminate\\Session\\Middleware\\StartSession->Illuminate\\Session\\Middleware\\{closure}(Object(Illuminate\\Session\\Store))
#16 D:\\praktikum_laravel\\laravelPraktikum\\vendor\\laravel\\framework\\src\\Illuminate\\Session\\Middleware\\StartSession.php(143): tap(Object(Illuminate\\Session\\Store), Object(Closure))
#17 D:\\praktikum_laravel\\laravelPraktikum\\vendor\\laravel\\framework\\src\\Illuminate\\Session\\Middleware\\StartSession.php(115): Illuminate\\Session\\Middleware\\StartSession->startSession(Object(Illuminate\\Http\\Request), Object(Illuminate\\Session\\Store))
#18 D:\\praktikum_laravel\\laravelPraktikum\\vendor\\laravel\\framework\\src\\Illuminate\\Session\\Middleware\\StartSession.php(63): Illuminate\\Session\\Middleware\\StartSession->handleStatefulRequest(Object(Illuminate\\Http\\Request), Object(Illuminate\\Session\\Store), Object(Closure))
#19 D:\\praktikum_laravel\\laravelPraktikum\\vendor\\laravel\\framework\\src\\Illuminate\\Pipeline\\Pipeline.php(208): Illuminate\\Session\\Middleware\\StartSession->handle(Object(Illuminate\\Http\\Request), Object(Closure))
#20 D:\\praktikum_laravel\\laravelPraktikum\\vendor\\laravel\\framework\\src\\Illuminate\\Cookie\\Middleware\\AddQueuedCookiesToResponse.php(36): Illuminate\\Pipeline\\Pipeline->Illuminate\\Pipeline\\{closure}(Object(Illuminate\\Http\\Request))
#21 D:\\praktikum_laravel\\laravelPraktikum\\vendor\\laravel\\framework\\src\\Illuminate\\Pipeline\\Pipeline.php(208): Illuminate\\Cookie\\Middleware\\AddQueuedCookiesToResponse->handle(Object(Illuminate\\Http\\Request), Object(Closure))
#22 D:\\praktikum_laravel\\laravelPraktikum\\vendor\\laravel\\framework\\src\\Illuminate\\Cookie\\Middleware\\EncryptCookies.php(74): Illuminate\\Pipeline\\Pipeline->Illuminate\\Pipeline\\{closure}(Object(Illuminate\\Http\\Request))
#23 D:\\praktikum_laravel\\laravelPraktikum\\vendor\\laravel\\framework\\src\\Illuminate\\Pipeline\\Pipeline.php(208): Illuminate\\Cookie\\Middleware\\EncryptCookies->handle(Object(Illuminate\\Http\\Request), Object(Closure))
#24 D:\\praktikum_laravel\\laravelPraktikum\\vendor\\laravel\\framework\\src\\Illuminate\\Pipeline\\Pipeline.php(126): Illuminate\\Pipeline\\Pipeline->Illuminate\\Pipeline\\{closure}(Object(Illuminate\\Http\\Request))
#25 D:\\praktikum_laravel\\laravelPraktikum\\vendor\\laravel\\framework\\src\\Illuminate\\Routing\\Router.php(807): Illuminate\\Pipeline\\Pipeline->then(Object(Closure))
#26 D:\\praktikum_laravel\\laravelPraktikum\\vendor\\laravel\\framework\\src\\Illuminate\\Routing\\Router.php(786): Illuminate\\Routing\\Router->runRouteWithinStack(Object(Illuminate\\Routing\\Route), Object(Illuminate\\Http\\Request))
#27 D:\\praktikum_laravel\\laravelPraktikum\\vendor\\laravel\\framework\\src\\Illuminate\\Routing\\Router.php(750): Illuminate\\Routing\\Router->runRoute(Object(Illuminate\\Http\\Request), Object(Illuminate\\Routing\\Route))
#28 D:\\praktikum_laravel\\laravelPraktikum\\vendor\\laravel\\framework\\src\\Illuminate\\Routing\\Router.php(739): Illuminate\\Routing\\Router->dispatchToRoute(Object(Illuminate\\Http\\Request))
#29 D:\\praktikum_laravel\\laravelPraktikum\\vendor\\laravel\\framework\\src\\Illuminate\\Foundation\\Http\\Kernel.php(200): Illuminate\\Routing\\Router->dispatch(Object(Illuminate\\Http\\Request))
#30 D:\\praktikum_laravel\\laravelPraktikum\\vendor\\laravel\\framework\\src\\Illuminate\\Pipeline\\Pipeline.php(169): Illuminate\\Foundation\\Http\\Kernel->Illuminate\\Foundation\\Http\\{closure}(Object(Illuminate\\Http\\Request))
#31 D:\\praktikum_laravel\\laravelPraktikum\\vendor\\laravel\\framework\\src\\Illuminate\\Foundation\\Http\\Middleware\\TransformsRequest.php(21): Illuminate\\Pipeline\\Pipeline->Illuminate\\Pipeline\\{closure}(Object(Illuminate\\Http\\Request))
#32 D:\\praktikum_laravel\\laravelPraktikum\\vendor\\laravel\\framework\\src\\Illuminate\\Foundation\\Http\\Middleware\\ConvertEmptyStringsToNull.php(31): Illuminate\\Foundation\\Http\\Middleware\\TransformsRequest->handle(Object(Illuminate\\Http\\Request), Object(Closure))
#33 D:\\praktikum_laravel\\laravelPraktikum\\vendor\\laravel\\framework\\src\\Illuminate\\Pipeline\\Pipeline.php(208): Illuminate\\Foundation\\Http\\Middleware\\ConvertEmptyStringsToNull->handle(Object(Illuminate\\Http\\Request), Object(Closure))
#34 D:\\praktikum_laravel\\laravelPraktikum\\vendor\\laravel\\framework\\src\\Illuminate\\Foundation\\Http\\Middleware\\TransformsRequest.php(21): Illuminate\\Pipeline\\Pipeline->Illuminate\\Pipeline\\{closure}(Object(Illuminate\\Http\\Request))
#35 D:\\praktikum_laravel\\laravelPraktikum\\vendor\\laravel\\framework\\src\\Illuminate\\Foundation\\Http\\Middleware\\TrimStrings.php(51): Illuminate\\Foundation\\Http\\Middleware\\TransformsRequest->handle(Object(Illuminate\\Http\\Request), Object(Closure))
#36 D:\\praktikum_laravel\\laravelPraktikum\\vendor\\laravel\\framework\\src\\Illuminate\\Pipeline\\Pipeline.php(208): Illuminate\\Foundation\\Http\\Middleware\\TrimStrings->handle(Object(Illuminate\\Http\\Request), Object(Closure))
#37 D:\\praktikum_laravel\\laravelPraktikum\\vendor\\laravel\\framework\\src\\Illuminate\\Http\\Middleware\\ValidatePostSize.php(27): Illuminate\\Pipeline\\Pipeline->Illuminate\\Pipeline\\{closure}(Object(Illuminate\\Http\\Request))
#38 D:\\praktikum_laravel\\laravelPraktikum\\vendor\\laravel\\framework\\src\\Illuminate\\Pipeline\\Pipeline.php(208): Illuminate\\Http\\Middleware\\ValidatePostSize->handle(Object(Illuminate\\Http\\Request), Object(Closure))
#39 D:\\praktikum_laravel\\laravelPraktikum\\vendor\\laravel\\framework\\src\\Illuminate\\Foundation\\Http\\Middleware\\PreventRequestsDuringMaintenance.php(109): Illuminate\\Pipeline\\Pipeline->Illuminate\\Pipeline\\{closure}(Object(Illuminate\\Http\\Request))
#40 D:\\praktikum_laravel\\laravelPraktikum\\vendor\\laravel\\framework\\src\\Illuminate\\Pipeline\\Pipeline.php(208): Illuminate\\Foundation\\Http\\Middleware\\PreventRequestsDuringMaintenance->handle(Object(Illuminate\\Http\\Request), Object(Closure))
#41 D:\\praktikum_laravel\\laravelPraktikum\\vendor\\laravel\\framework\\src\\Illuminate\\Http\\Middleware\\HandleCors.php(48): Illuminate\\Pipeline\\Pipeline->Illuminate\\Pipeline\\{closure}(Object(Illuminate\\Http\\Request))
#42 D:\\praktikum_laravel\\laravelPraktikum\\vendor\\laravel\\framework\\src\\Illuminate\\Pipeline\\Pipeline.php(208): Illuminate\\Http\\Middleware\\HandleCors->handle(Object(Illuminate\\Http\\Request), Object(Closure))
#43 D:\\praktikum_laravel\\laravelPraktikum\\vendor\\laravel\\framework\\src\\Illuminate\\Http\\Middleware\\TrustProxies.php(58): Illuminate\\Pipeline\\Pipeline->Illuminate\\Pipeline\\{closure}(Object(Illuminate\\Http\\Request))
#44 D:\\praktikum_laravel\\laravelPraktikum\\vendor\\laravel\\framework\\src\\Illuminate\\Pipeline\\Pipeline.php(208): Illuminate\\Http\\Middleware\\TrustProxies->handle(Object(Illuminate\\Http\\Request), Object(Closure))
#45 D:\\praktikum_laravel\\laravelPraktikum\\vendor\\laravel\\framework\\src\\Illuminate\\Foundation\\Http\\Middleware\\InvokeDeferredCallbacks.php(22): Illuminate\\Pipeline\\Pipeline->Illuminate\\Pipeline\\{closure}(Object(Illuminate\\Http\\Request))
#46 D:\\praktikum_laravel\\laravelPraktikum\\vendor\\laravel\\framework\\src\\Illuminate\\Pipeline\\Pipeline.php(208): Illuminate\\Foundation\\Http\\Middleware\\InvokeDeferredCallbacks->handle(Object(Illuminate\\Http\\Request), Object(Closure))
#47 D:\\praktikum_laravel\\laravelPraktikum\\vendor\\laravel\\framework\\src\\Illuminate\\Http\\Middleware\\ValidatePathEncoding.php(26): Illuminate\\Pipeline\\Pipeline->Illuminate\\Pipeline\\{closure}(Object(Illuminate\\Http\\Request))
#48 D:\\praktikum_laravel\\laravelPraktikum\\vendor\\laravel\\framework\\src\\Illuminate\\Pipeline\\Pipeline.php(208): Illuminate\\Http\\Middleware\\ValidatePathEncoding->handle(Object(Illuminate\\Http\\Request), Object(Closure))
#49 D:\\praktikum_laravel\\laravelPraktikum\\vendor\\laravel\\framework\\src\\Illuminate\\Pipeline\\Pipeline.php(126): Illuminate\\Pipeline\\Pipeline->Illuminate\\Pipeline\\{closure}(Object(Illuminate\\Http\\Request))
#50 D:\\praktikum_laravel\\laravelPraktikum\\vendor\\laravel\\framework\\src\\Illuminate\\Foundation\\Http\\Kernel.php(175): Illuminate\\Pipeline\\Pipeline->then(Object(Closure))
#51 D:\\praktikum_laravel\\laravelPraktikum\\vendor\\laravel\\framework\\src\\Illuminate\\Foundation\\Http\\Kernel.php(144): Illuminate\\Foundation\\Http\\Kernel->sendRequestThroughRouter(Object(Illuminate\\Http\\Request))
#52 D:\\praktikum_laravel\\laravelPraktikum\\vendor\\laravel\\framework\\src\\Illuminate\\Foundation\\Application.php(1219): Illuminate\\Foundation\\Http\\Kernel->handle(Object(Illuminate\\Http\\Request))
#53 D:\\praktikum_laravel\\laravelPraktikum\\public\\index.php(20): Illuminate\\Foundation\\Application->handleRequest(Object(Illuminate\\Http\\Request))
#54 D:\\praktikum_laravel\\laravelPraktikum\\vendor\\laravel\\framework\\src\\Illuminate\\Foundation\\resources\\server.php(23): require_once('D:\\\\praktikum_la...')
#55 {main}

[previous exception] [object] (PDOException(code: 2002): SQLSTATE[HY000] [2002] No connection could be made because the target machine actively refused it at D:\\praktikum_laravel\\laravelPraktikum\\vendor\\laravel\\framework\\src\\Illuminate\\Database\\Connectors\\Connector.php:66)
[stacktrace]
#0 D:\\praktikum_laravel\\laravelPraktikum\\vendor\\laravel\\framework\\src\\Illuminate\\Database\\Connectors\\Connector.php(66): PDO->__construct('mysql:host=127....', 'root', Object(SensitiveParameterValue), Array)
#1 D:\\praktikum_laravel\\laravelPraktikum\\vendor\\laravel\\framework\\src\\Illuminate\\Database\\Connectors\\Connector.php(85): Illuminate\\Database\\Connectors\\Connector->createPdoConnection('mysql:host=127....', 'root', Object(SensitiveParameterValue), Array)
#2 D:\\praktikum_laravel\\laravelPraktikum\\vendor\\laravel\\framework\\src\\Illuminate\\Database\\Connectors\\Connector.php(48): Illuminate\\Database\\Connectors\\Connector->tryAgainIfCausedByLostConnection(Object(PDOException), 'mysql:host=127....', 'root', Object(SensitiveParameterValue), Array)
#3 D:\\praktikum_laravel\\laravelPraktikum\\vendor\\laravel\\framework\\src\\Illuminate\\Database\\Connectors\\MySqlConnector.php(24): Illuminate\\Database\\Connectors\\Connector->createConnection('mysql:host=127....', Array, Array)
#4 D:\\praktikum_laravel\\laravelPraktikum\\vendor\\laravel\\framework\\src\\Illuminate\\Database\\Connectors\\ConnectionFactory.php(184): Illuminate\\Database\\Connectors\\MySqlConnector->connect(Array)
#5 [internal function]: Illuminate\\Database\\Connectors\\ConnectionFactory->Illuminate\\Database\\Connectors\\{closure}()
#6 D:\\praktikum_laravel\\laravelPraktikum\\vendor\\laravel\\framework\\src\\Illuminate\\Database\\Connection.php(1228): call_user_func(Object(Closure))
#7 D:\\praktikum_laravel\\laravelPraktikum\\vendor\\laravel\\framework\\src\\Illuminate\\Database\\Connection.php(509): Illuminate\\Database\\Connection->getPdo()
#8 D:\\praktikum_laravel\\laravelPraktikum\\vendor\\laravel\\framework\\src\\Illuminate\\Database\\Connection.php(404): Illuminate\\Database\\Connection->getPdoForSelect(false)
#9 D:\\praktikum_laravel\\laravelPraktikum\\vendor\\laravel\\framework\\src\\Illuminate\\Database\\Connection.php(809): Illuminate\\Database\\Connection->Illuminate\\Database\\{closure}('select * from `...', Array)
#10 D:\\praktikum_laravel\\laravelPraktikum\\vendor\\laravel\\framework\\src\\Illuminate\\Database\\Connection.php(976): Illuminate\\Database\\Connection->runQueryCallback('select * from `...', Array, Object(Closure))
#11 D:\\praktikum_laravel\\laravelPraktikum\\vendor\\laravel\\framework\\src\\Illuminate\\Database\\Connection.php(955): Illuminate\\Database\\Connection->tryAgainIfCausedByLostConnection(Object(Illuminate\\Database\\QueryException), 'select * from `...', Array, Object(Closure))
#12 D:\\praktikum_laravel\\laravelPraktikum\\vendor\\laravel\\framework\\src\\Illuminate\\Database\\Connection.php(778): Illuminate\\Database\\Connection->handleQueryException(Object(Illuminate\\Database\\QueryException), 'select * from `...', Array, Object(Closure))
#13 D:\\praktikum_laravel\\laravelPraktikum\\vendor\\laravel\\framework\\src\\Illuminate\\Database\\Connection.php(395): Illuminate\\Database\\Connection->run('select * from `...', Array, Object(Closure))
#14 D:\\praktikum_laravel\\laravelPraktikum\\vendor\\laravel\\framework\\src\\Illuminate\\Database\\Query\\Builder.php(3120): Illuminate\\Database\\Connection->select('select * from `...', Array, false)
#15 D:\\praktikum_laravel\\laravelPraktikum\\vendor\\laravel\\framework\\src\\Illuminate\\Database\\Query\\Builder.php(3105): Illuminate\\Database\\Query\\Builder->runSelect()
#16 D:\\praktikum_laravel\\laravelPraktikum\\vendor\\laravel\\framework\\src\\Illuminate\\Database\\Query\\Builder.php(3695): Illuminate\\Database\\Query\\Builder->Illuminate\\Database\\Query\\{closure}()
#17 D:\\praktikum_laravel\\laravelPraktikum\\vendor\\laravel\\framework\\src\\Illuminate\\Database\\Query\\Builder.php(3104): Illuminate\\Database\\Query\\Builder->onceWithColumns(Array, Object(Closure))
#18 D:\\praktikum_laravel\\laravelPraktikum\\vendor\\laravel\\framework\\src\\Illuminate\\Database\\Concerns\\BuildsQueries.php(366): Illuminate\\Database\\Query\\Builder->get(Array)
#19 D:\\praktikum_laravel\\laravelPraktikum\\vendor\\laravel\\framework\\src\\Illuminate\\Database\\Query\\Builder.php(3027): Illuminate\\Database\\Query\\Builder->first(Array)
#20 D:\\praktikum_laravel\\laravelPraktikum\\vendor\\laravel\\framework\\src\\Illuminate\\Session\\DatabaseSessionHandler.php(96): Illuminate\\Database\\Query\\Builder->find('6QDjhYFfW7nVeBG...')
#21 D:\\praktikum_laravel\\laravelPraktikum\\vendor\\laravel\\framework\\src\\Illuminate\\Session\\Store.php(116): Illuminate\\Session\\DatabaseSessionHandler->read('6QDjhYFfW7nVeBG...')
#22 D:\\praktikum_laravel\\laravelPraktikum\\vendor\\laravel\\framework\\src\\Illuminate\\Session\\Store.php(104): Illuminate\\Session\\Store->readFromHandler()
#23 D:\\praktikum_laravel\\laravelPraktikum\\vendor\\laravel\\framework\\src\\Illuminate\\Session\\Store.php(88): Illuminate\\Session\\Store->loadSession()
#24 D:\\praktikum_laravel\\laravelPraktikum\\vendor\\laravel\\framework\\src\\Illuminate\\Session\\Middleware\\StartSession.php(146): Illuminate\\Session\\Store->start()
#25 D:\\praktikum_laravel\\laravelPraktikum\\vendor\\laravel\\framework\\src\\Illuminate\\Support\\helpers.php(399): Illuminate\\Session\\Middleware\\StartSession->Illuminate\\Session\\Middleware\\{closure}(Object(Illuminate\\Session\\Store))
#26 D:\\praktikum_laravel\\laravelPraktikum\\vendor\\laravel\\framework\\src\\Illuminate\\Session\\Middleware\\StartSession.php(143): tap(Object(Illuminate\\Session\\Store), Object(Closure))
#27 D:\\praktikum_laravel\\laravelPraktikum\\vendor\\laravel\\framework\\src\\Illuminate\\Session\\Middleware\\StartSession.php(115): Illuminate\\Session\\Middleware\\StartSession->startSession(Object(Illuminate\\Http\\Request), Object(Illuminate\\Session\\Store))
#28 D:\\praktikum_laravel\\laravelPraktikum\\vendor\\laravel\\framework\\src\\Illuminate\\Session\\Middleware\\StartSession.php(63): Illuminate\\Session\\Middleware\\StartSession->handleStatefulRequest(Object(Illuminate\\Http\\Request), Object(Illuminate\\Session\\Store), Object(Closure))
#29 D:\\praktikum_laravel\\laravelPraktikum\\vendor\\laravel\\framework\\src\\Illuminate\\Pipeline\\Pipeline.php(208): Illuminate\\Session\\Middleware\\StartSession->handle(Object(Illuminate\\Http\\Request), Object(Closure))
#30 D:\\praktikum_laravel\\laravelPraktikum\\vendor\\laravel\\framework\\src\\Illuminate\\Cookie\\Middleware\\AddQueuedCookiesToResponse.php(36): Illuminate\\Pipeline\\Pipeline->Illuminate\\Pipeline\\{closure}(Object(Illuminate\\Http\\Request))
#31 D:\\praktikum_laravel\\laravelPraktikum\\vendor\\laravel\\framework\\src\\Illuminate\\Pipeline\\Pipeline.php(208): Illuminate\\Cookie\\Middleware\\AddQueuedCookiesToResponse->handle(Object(Illuminate\\Http\\Request), Object(Closure))
#32 D:\\praktikum_laravel\\laravelPraktikum\\vendor\\laravel\\framework\\src\\Illuminate\\Cookie\\Middleware\\EncryptCookies.php(74): Illuminate\\Pipeline\\Pipeline->Illuminate\\Pipeline\\{closure}(Object(Illuminate\\Http\\Request))
#33 D:\\praktikum_laravel\\laravelPraktikum\\vendor\\laravel\\framework\\src\\Illuminate\\Pipeline\\Pipeline.php(208): Illuminate\\Cookie\\Middleware\\EncryptCookies->handle(Object(Illuminate\\Http\\Request), Object(Closure))
#34 D:\\praktikum_laravel\\laravelPraktikum\\vendor\\laravel\\framework\\src\\Illuminate\\Pipeline\\Pipeline.php(126): Illuminate\\Pipeline\\Pipeline->Illuminate\\Pipeline\\{closure}(Object(Illuminate\\Http\\Request))
#35 D:\\praktikum_laravel\\laravelPraktikum\\vendor\\laravel\\framework\\src\\Illuminate\\Routing\\Router.php(807): Illuminate\\Pipeline\\Pipeline->then(Object(Closure))
#36 D:\\praktikum_laravel\\laravelPraktikum\\vendor\\laravel\\framework\\src\\Illuminate\\Routing\\Router.php(786): Illuminate\\Routing\\Router->runRouteWithinStack(Object(Illuminate\\Routing\\Route), Object(Illuminate\\Http\\Request))
#37 D:\\praktikum_laravel\\laravelPraktikum\\vendor\\laravel\\framework\\src\\Illuminate\\Routing\\Router.php(750): Illuminate\\Routing\\Router->runRoute(Object(Illuminate\\Http\\Request), Object(Illuminate\\Routing\\Route))
#38 D:\\praktikum_laravel\\laravelPraktikum\\vendor\\laravel\\framework\\src\\Illuminate\\Routing\\Router.php(739): Illuminate\\Routing\\Router->dispatchToRoute(Object(Illuminate\\Http\\Request))
#39 D:\\praktikum_laravel\\laravelPraktikum\\vendor\\laravel\\framework\\src\\Illuminate\\Foundation\\Http\\Kernel.php(200): Illuminate\\Routing\\Router->dispatch(Object(Illuminate\\Http\\Request))
#40 D:\\praktikum_laravel\\laravelPraktikum\\vendor\\laravel\\framework\\src\\Illuminate\\Pipeline\\Pipeline.php(169): Illuminate\\Foundation\\Http\\Kernel->Illuminate\\Foundation\\Http\\{closure}(Object(Illuminate\\Http\\Request))
#41 D:\\praktikum_laravel\\laravelPraktikum\\vendor\\laravel\\framework\\src\\Illuminate\\Foundation\\Http\\Middleware\\TransformsRequest.php(21): Illuminate\\Pipeline\\Pipeline->Illuminate\\Pipeline\\{closure}(Object(Illuminate\\Http\\Request))
#42 D:\\praktikum_laravel\\laravelPraktikum\\vendor\\laravel\\framework\\src\\Illuminate\\Foundation\\Http\\Middleware\\ConvertEmptyStringsToNull.php(31): Illuminate\\Foundation\\Http\\Middleware\\TransformsRequest->handle(Object(Illuminate\\Http\\Request), Object(Closure))
#43 D:\\praktikum_laravel\\laravelPraktikum\\vendor\\laravel\\framework\\src\\Illuminate\\Pipeline\\Pipeline.php(208): Illuminate\\Foundation\\Http\\Middleware\\ConvertEmptyStringsToNull->handle(Object(Illuminate\\Http\\Request), Object(Closure))
#44 D:\\praktikum_laravel\\laravelPraktikum\\vendor\\laravel\\framework\\src\\Illuminate\\Foundation\\Http\\Middleware\\TransformsRequest.php(21): Illuminate\\Pipeline\\Pipeline->Illuminate\\Pipeline\\{closure}(Object(Illuminate\\Http\\Request))
#45 D:\\praktikum_laravel\\laravelPraktikum\\vendor\\laravel\\framework\\src\\Illuminate\\Foundation\\Http\\Middleware\\TrimStrings.php(51): Illuminate\\Foundation\\Http\\Middleware\\TransformsRequest->handle(Object(Illuminate\\Http\\Request), Object(Closure))
#46 D:\\praktikum_laravel\\laravelPraktikum\\vendor\\laravel\\framework\\src\\Illuminate\\Pipeline\\Pipeline.php(208): Illuminate\\Foundation\\Http\\Middleware\\TrimStrings->handle(Object(Illuminate\\Http\\Request), Object(Closure))
#47 D:\\praktikum_laravel\\laravelPraktikum\\vendor\\laravel\\framework\\src\\Illuminate\\Http\\Middleware\\ValidatePostSize.php(27): Illuminate\\Pipeline\\Pipeline->Illuminate\\Pipeline\\{closure}(Object(Illuminate\\Http\\Request))
#48 D:\\praktikum_laravel\\laravelPraktikum\\vendor\\laravel\\framework\\src\\Illuminate\\Pipeline\\Pipeline.php(208): Illuminate\\Http\\Middleware\\ValidatePostSize->handle(Object(Illuminate\\Http\\Request), Object(Closure))
#49 D:\\praktikum_laravel\\laravelPraktikum\\vendor\\laravel\\framework\\src\\Illuminate\\Foundation\\Http\\Middleware\\PreventRequestsDuringMaintenance.php(109): Illuminate\\Pipeline\\Pipeline->Illuminate\\Pipeline\\{closure}(Object(Illuminate\\Http\\Request))
#50 D:\\praktikum_laravel\\laravelPraktikum\\vendor\\laravel\\framework\\src\\Illuminate\\Pipeline\\Pipeline.php(208): Illuminate\\Foundation\\Http\\Middleware\\PreventRequestsDuringMaintenance->handle(Object(Illuminate\\Http\\Request), Object(Closure))
#51 D:\\praktikum_laravel\\laravelPraktikum\\vendor\\laravel\\framework\\src\\Illuminate\\Http\\Middleware\\HandleCors.php(48): Illuminate\\Pipeline\\Pipeline->Illuminate\\Pipeline\\{closure}(Object(Illuminate\\Http\\Request))
#52 D:\\praktikum_laravel\\laravelPraktikum\\vendor\\laravel\\framework\\src\\Illuminate\\Pipeline\\Pipeline.php(208): Illuminate\\Http\\Middleware\\HandleCors->handle(Object(Illuminate\\Http\\Request), Object(Closure))
#53 D:\\praktikum_laravel\\laravelPraktikum\\vendor\\laravel\\framework\\src\\Illuminate\\Http\\Middleware\\TrustProxies.php(58): Illuminate\\Pipeline\\Pipeline->Illuminate\\Pipeline\\{closure}(Object(Illuminate\\Http\\Request))
#54 D:\\praktikum_laravel\\laravelPraktikum\\vendor\\laravel\\framework\\src\\Illuminate\\Pipeline\\Pipeline.php(208): Illuminate\\Http\\Middleware\\TrustProxies->handle(Object(Illuminate\\Http\\Request), Object(Closure))
#55 D:\\praktikum_laravel\\laravelPraktikum\\vendor\\laravel\\framework\\src\\Illuminate\\Foundation\\Http\\Middleware\\InvokeDeferredCallbacks.php(22): Illuminate\\Pipeline\\Pipeline->Illuminate\\Pipeline\\{closure}(Object(Illuminate\\Http\\Request))
#56 D:\\praktikum_laravel\\laravelPraktikum\\vendor\\laravel\\framework\\src\\Illuminate\\Pipeline\\Pipeline.php(208): Illuminate\\Foundation\\Http\\Middleware\\InvokeDeferredCallbacks->handle(Object(Illuminate\\Http\\Request), Object(Closure))
#57 D:\\praktikum_laravel\\laravelPraktikum\\vendor\\laravel\\framework\\src\\Illuminate\\Http\\Middleware\\ValidatePathEncoding.php(26): Illuminate\\Pipeline\\Pipeline->Illuminate\\Pipeline\\{closure}(Object(Illuminate\\Http\\Request))
#58 D:\\praktikum_laravel\\laravelPraktikum\\vendor\\laravel\\framework\\src\\Illuminate\\Pipeline\\Pipeline.php(208): Illuminate\\Http\\Middleware\\ValidatePathEncoding->handle(Object(Illuminate\\Http\\Request), Object(Closure))
#59 D:\\praktikum_laravel\\laravelPraktikum\\vendor\\laravel\\framework\\src\\Illuminate\\Pipeline\\Pipeline.php(126): Illuminate\\Pipeline\\Pipeline->Illuminate\\Pipeline\\{closure}(Object(Illuminate\\Http\\Request))
#60 D:\\praktikum_laravel\\laravelPraktikum\\vendor\\laravel\\framework\\src\\Illuminate\\Foundation\\Http\\Kernel.php(175): Illuminate\\Pipeline\\Pipeline->then(Object(Closure))
#61 D:\\praktikum_laravel\\laravelPraktikum\\vendor\\laravel\\framework\\src\\Illuminate\\Foundation\\Http\\Kernel.php(144): Illuminate\\Foundation\\Http\\Kernel->sendRequestThroughRouter(Object(Illuminate\\Http\\Request))
#62 D:\\praktikum_laravel\\laravelPraktikum\\vendor\\laravel\\framework\\src\\Illuminate\\Foundation\\Application.php(1219): Illuminate\\Foundation\\Http\\Kernel->handle(Object(Illuminate\\Http\\Request))
#63 D:\\praktikum_laravel\\laravelPraktikum\\public\\index.php(20): Illuminate\\Foundation\\Application->handleRequest(Object(Illuminate\\Http\\Request))
#64 D:\\praktikum_laravel\\laravelPraktikum\\vendor\\laravel\\framework\\src\\Illuminate\\Foundation\\resources\\server.php(23): require_once('D:\\\\praktikum_la...')
#65 {main}
"} 
[2025-05-19 06:05:09] local.ERROR: SQLSTATE[HY000] [2002] No connection could be made because the target machine actively refused it (Connection: mysql, SQL: select * from `sessions` where `id` = O2Sx0xO23CR65eoIU7AFPUPKhm8whwnYdWhEG47E limit 1) {"exception":"[object] (Illuminate\\Database\\QueryException(code: 2002): SQLSTATE[HY000] [2002] No connection could be made because the target machine actively refused it (Connection: mysql, SQL: select * from `sessions` where `id` = O2Sx0xO23CR65eoIU7AFPUPKhm8whwnYdWhEG47E limit 1) at D:\\praktikum_laravel\\laravelPraktikum\\vendor\\laravel\\framework\\src\\Illuminate\\Database\\Connection.php:822)
[stacktrace]
#0 D:\\praktikum_laravel\\laravelPraktikum\\vendor\\laravel\\framework\\src\\Illuminate\\Database\\Connection.php(976): Illuminate\\Database\\Connection->runQueryCallback('select * from `...', Array, Object(Closure))
#1 D:\\praktikum_laravel\\laravelPraktikum\\vendor\\laravel\\framework\\src\\Illuminate\\Database\\Connection.php(955): Illuminate\\Database\\Connection->tryAgainIfCausedByLostConnection(Object(Illuminate\\Database\\QueryException), 'select * from `...', Array, Object(Closure))
#2 D:\\praktikum_laravel\\laravelPraktikum\\vendor\\laravel\\framework\\src\\Illuminate\\Database\\Connection.php(778): Illuminate\\Database\\Connection->handleQueryException(Object(Illuminate\\Database\\QueryException), 'select * from `...', Array, Object(Closure))
#3 D:\\praktikum_laravel\\laravelPraktikum\\vendor\\laravel\\framework\\src\\Illuminate\\Database\\Connection.php(395): Illuminate\\Database\\Connection->run('select * from `...', Array, Object(Closure))
#4 D:\\praktikum_laravel\\laravelPraktikum\\vendor\\laravel\\framework\\src\\Illuminate\\Database\\Query\\Builder.php(3120): Illuminate\\Database\\Connection->select('select * from `...', Array, false)
#5 D:\\praktikum_laravel\\laravelPraktikum\\vendor\\laravel\\framework\\src\\Illuminate\\Database\\Query\\Builder.php(3105): Illuminate\\Database\\Query\\Builder->runSelect()
#6 D:\\praktikum_laravel\\laravelPraktikum\\vendor\\laravel\\framework\\src\\Illuminate\\Database\\Query\\Builder.php(3695): Illuminate\\Database\\Query\\Builder->Illuminate\\Database\\Query\\{closure}()
#7 D:\\praktikum_laravel\\laravelPraktikum\\vendor\\laravel\\framework\\src\\Illuminate\\Database\\Query\\Builder.php(3104): Illuminate\\Database\\Query\\Builder->onceWithColumns(Array, Object(Closure))
#8 D:\\praktikum_laravel\\laravelPraktikum\\vendor\\laravel\\framework\\src\\Illuminate\\Database\\Concerns\\BuildsQueries.php(366): Illuminate\\Database\\Query\\Builder->get(Array)
#9 D:\\praktikum_laravel\\laravelPraktikum\\vendor\\laravel\\framework\\src\\Illuminate\\Database\\Query\\Builder.php(3027): Illuminate\\Database\\Query\\Builder->first(Array)
#10 D:\\praktikum_laravel\\laravelPraktikum\\vendor\\laravel\\framework\\src\\Illuminate\\Session\\DatabaseSessionHandler.php(96): Illuminate\\Database\\Query\\Builder->find('O2Sx0xO23CR65eo...')
#11 D:\\praktikum_laravel\\laravelPraktikum\\vendor\\laravel\\framework\\src\\Illuminate\\Session\\Store.php(116): Illuminate\\Session\\DatabaseSessionHandler->read('O2Sx0xO23CR65eo...')
#12 D:\\praktikum_laravel\\laravelPraktikum\\vendor\\laravel\\framework\\src\\Illuminate\\Session\\Store.php(104): Illuminate\\Session\\Store->readFromHandler()
#13 D:\\praktikum_laravel\\laravelPraktikum\\vendor\\laravel\\framework\\src\\Illuminate\\Session\\Store.php(88): Illuminate\\Session\\Store->loadSession()
#14 D:\\praktikum_laravel\\laravelPraktikum\\vendor\\laravel\\framework\\src\\Illuminate\\Session\\Middleware\\StartSession.php(146): Illuminate\\Session\\Store->start()
#15 D:\\praktikum_laravel\\laravelPraktikum\\vendor\\laravel\\framework\\src\\Illuminate\\Support\\helpers.php(399): Illuminate\\Session\\Middleware\\StartSession->Illuminate\\Session\\Middleware\\{closure}(Object(Illuminate\\Session\\Store))
#16 D:\\praktikum_laravel\\laravelPraktikum\\vendor\\laravel\\framework\\src\\Illuminate\\Session\\Middleware\\StartSession.php(143): tap(Object(Illuminate\\Session\\Store), Object(Closure))
#17 D:\\praktikum_laravel\\laravelPraktikum\\vendor\\laravel\\framework\\src\\Illuminate\\Session\\Middleware\\StartSession.php(115): Illuminate\\Session\\Middleware\\StartSession->startSession(Object(Illuminate\\Http\\Request), Object(Illuminate\\Session\\Store))
#18 D:\\praktikum_laravel\\laravelPraktikum\\vendor\\laravel\\framework\\src\\Illuminate\\Session\\Middleware\\StartSession.php(63): Illuminate\\Session\\Middleware\\StartSession->handleStatefulRequest(Object(Illuminate\\Http\\Request), Object(Illuminate\\Session\\Store), Object(Closure))
#19 D:\\praktikum_laravel\\laravelPraktikum\\vendor\\laravel\\framework\\src\\Illuminate\\Pipeline\\Pipeline.php(208): Illuminate\\Session\\Middleware\\StartSession->handle(Object(Illuminate\\Http\\Request), Object(Closure))
#20 D:\\praktikum_laravel\\laravelPraktikum\\vendor\\laravel\\framework\\src\\Illuminate\\Cookie\\Middleware\\AddQueuedCookiesToResponse.php(36): Illuminate\\Pipeline\\Pipeline->Illuminate\\Pipeline\\{closure}(Object(Illuminate\\Http\\Request))
#21 D:\\praktikum_laravel\\laravelPraktikum\\vendor\\laravel\\framework\\src\\Illuminate\\Pipeline\\Pipeline.php(208): Illuminate\\Cookie\\Middleware\\AddQueuedCookiesToResponse->handle(Object(Illuminate\\Http\\Request), Object(Closure))
#22 D:\\praktikum_laravel\\laravelPraktikum\\vendor\\laravel\\framework\\src\\Illuminate\\Cookie\\Middleware\\EncryptCookies.php(74): Illuminate\\Pipeline\\Pipeline->Illuminate\\Pipeline\\{closure}(Object(Illuminate\\Http\\Request))
#23 D:\\praktikum_laravel\\laravelPraktikum\\vendor\\laravel\\framework\\src\\Illuminate\\Pipeline\\Pipeline.php(208): Illuminate\\Cookie\\Middleware\\EncryptCookies->handle(Object(Illuminate\\Http\\Request), Object(Closure))
#24 D:\\praktikum_laravel\\laravelPraktikum\\vendor\\laravel\\framework\\src\\Illuminate\\Pipeline\\Pipeline.php(126): Illuminate\\Pipeline\\Pipeline->Illuminate\\Pipeline\\{closure}(Object(Illuminate\\Http\\Request))
#25 D:\\praktikum_laravel\\laravelPraktikum\\vendor\\laravel\\framework\\src\\Illuminate\\Routing\\Router.php(807): Illuminate\\Pipeline\\Pipeline->then(Object(Closure))
#26 D:\\praktikum_laravel\\laravelPraktikum\\vendor\\laravel\\framework\\src\\Illuminate\\Routing\\Router.php(786): Illuminate\\Routing\\Router->runRouteWithinStack(Object(Illuminate\\Routing\\Route), Object(Illuminate\\Http\\Request))
#27 D:\\praktikum_laravel\\laravelPraktikum\\vendor\\laravel\\framework\\src\\Illuminate\\Routing\\Router.php(750): Illuminate\\Routing\\Router->runRoute(Object(Illuminate\\Http\\Request), Object(Illuminate\\Routing\\Route))
#28 D:\\praktikum_laravel\\laravelPraktikum\\vendor\\laravel\\framework\\src\\Illuminate\\Routing\\Router.php(739): Illuminate\\Routing\\Router->dispatchToRoute(Object(Illuminate\\Http\\Request))
#29 D:\\praktikum_laravel\\laravelPraktikum\\vendor\\laravel\\framework\\src\\Illuminate\\Foundation\\Http\\Kernel.php(200): Illuminate\\Routing\\Router->dispatch(Object(Illuminate\\Http\\Request))
#30 D:\\praktikum_laravel\\laravelPraktikum\\vendor\\laravel\\framework\\src\\Illuminate\\Pipeline\\Pipeline.php(169): Illuminate\\Foundation\\Http\\Kernel->Illuminate\\Foundation\\Http\\{closure}(Object(Illuminate\\Http\\Request))
#31 D:\\praktikum_laravel\\laravelPraktikum\\vendor\\laravel\\framework\\src\\Illuminate\\Foundation\\Http\\Middleware\\TransformsRequest.php(21): Illuminate\\Pipeline\\Pipeline->Illuminate\\Pipeline\\{closure}(Object(Illuminate\\Http\\Request))
#32 D:\\praktikum_laravel\\laravelPraktikum\\vendor\\laravel\\framework\\src\\Illuminate\\Foundation\\Http\\Middleware\\ConvertEmptyStringsToNull.php(31): Illuminate\\Foundation\\Http\\Middleware\\TransformsRequest->handle(Object(Illuminate\\Http\\Request), Object(Closure))
#33 D:\\praktikum_laravel\\laravelPraktikum\\vendor\\laravel\\framework\\src\\Illuminate\\Pipeline\\Pipeline.php(208): Illuminate\\Foundation\\Http\\Middleware\\ConvertEmptyStringsToNull->handle(Object(Illuminate\\Http\\Request), Object(Closure))
#34 D:\\praktikum_laravel\\laravelPraktikum\\vendor\\laravel\\framework\\src\\Illuminate\\Foundation\\Http\\Middleware\\TransformsRequest.php(21): Illuminate\\Pipeline\\Pipeline->Illuminate\\Pipeline\\{closure}(Object(Illuminate\\Http\\Request))
#35 D:\\praktikum_laravel\\laravelPraktikum\\vendor\\laravel\\framework\\src\\Illuminate\\Foundation\\Http\\Middleware\\TrimStrings.php(51): Illuminate\\Foundation\\Http\\Middleware\\TransformsRequest->handle(Object(Illuminate\\Http\\Request), Object(Closure))
#36 D:\\praktikum_laravel\\laravelPraktikum\\vendor\\laravel\\framework\\src\\Illuminate\\Pipeline\\Pipeline.php(208): Illuminate\\Foundation\\Http\\Middleware\\TrimStrings->handle(Object(Illuminate\\Http\\Request), Object(Closure))
#37 D:\\praktikum_laravel\\laravelPraktikum\\vendor\\laravel\\framework\\src\\Illuminate\\Http\\Middleware\\ValidatePostSize.php(27): Illuminate\\Pipeline\\Pipeline->Illuminate\\Pipeline\\{closure}(Object(Illuminate\\Http\\Request))
#38 D:\\praktikum_laravel\\laravelPraktikum\\vendor\\laravel\\framework\\src\\Illuminate\\Pipeline\\Pipeline.php(208): Illuminate\\Http\\Middleware\\ValidatePostSize->handle(Object(Illuminate\\Http\\Request), Object(Closure))
#39 D:\\praktikum_laravel\\laravelPraktikum\\vendor\\laravel\\framework\\src\\Illuminate\\Foundation\\Http\\Middleware\\PreventRequestsDuringMaintenance.php(109): Illuminate\\Pipeline\\Pipeline->Illuminate\\Pipeline\\{closure}(Object(Illuminate\\Http\\Request))
#40 D:\\praktikum_laravel\\laravelPraktikum\\vendor\\laravel\\framework\\src\\Illuminate\\Pipeline\\Pipeline.php(208): Illuminate\\Foundation\\Http\\Middleware\\PreventRequestsDuringMaintenance->handle(Object(Illuminate\\Http\\Request), Object(Closure))
#41 D:\\praktikum_laravel\\laravelPraktikum\\vendor\\laravel\\framework\\src\\Illuminate\\Http\\Middleware\\HandleCors.php(48): Illuminate\\Pipeline\\Pipeline->Illuminate\\Pipeline\\{closure}(Object(Illuminate\\Http\\Request))
#42 D:\\praktikum_laravel\\laravelPraktikum\\vendor\\laravel\\framework\\src\\Illuminate\\Pipeline\\Pipeline.php(208): Illuminate\\Http\\Middleware\\HandleCors->handle(Object(Illuminate\\Http\\Request), Object(Closure))
#43 D:\\praktikum_laravel\\laravelPraktikum\\vendor\\laravel\\framework\\src\\Illuminate\\Http\\Middleware\\TrustProxies.php(58): Illuminate\\Pipeline\\Pipeline->Illuminate\\Pipeline\\{closure}(Object(Illuminate\\Http\\Request))
#44 D:\\praktikum_laravel\\laravelPraktikum\\vendor\\laravel\\framework\\src\\Illuminate\\Pipeline\\Pipeline.php(208): Illuminate\\Http\\Middleware\\TrustProxies->handle(Object(Illuminate\\Http\\Request), Object(Closure))
#45 D:\\praktikum_laravel\\laravelPraktikum\\vendor\\laravel\\framework\\src\\Illuminate\\Foundation\\Http\\Middleware\\InvokeDeferredCallbacks.php(22): Illuminate\\Pipeline\\Pipeline->Illuminate\\Pipeline\\{closure}(Object(Illuminate\\Http\\Request))
#46 D:\\praktikum_laravel\\laravelPraktikum\\vendor\\laravel\\framework\\src\\Illuminate\\Pipeline\\Pipeline.php(208): Illuminate\\Foundation\\Http\\Middleware\\InvokeDeferredCallbacks->handle(Object(Illuminate\\Http\\Request), Object(Closure))
#47 D:\\praktikum_laravel\\laravelPraktikum\\vendor\\laravel\\framework\\src\\Illuminate\\Http\\Middleware\\ValidatePathEncoding.php(26): Illuminate\\Pipeline\\Pipeline->Illuminate\\Pipeline\\{closure}(Object(Illuminate\\Http\\Request))
#48 D:\\praktikum_laravel\\laravelPraktikum\\vendor\\laravel\\framework\\src\\Illuminate\\Pipeline\\Pipeline.php(208): Illuminate\\Http\\Middleware\\ValidatePathEncoding->handle(Object(Illuminate\\Http\\Request), Object(Closure))
#49 D:\\praktikum_laravel\\laravelPraktikum\\vendor\\laravel\\framework\\src\\Illuminate\\Pipeline\\Pipeline.php(126): Illuminate\\Pipeline\\Pipeline->Illuminate\\Pipeline\\{closure}(Object(Illuminate\\Http\\Request))
#50 D:\\praktikum_laravel\\laravelPraktikum\\vendor\\laravel\\framework\\src\\Illuminate\\Foundation\\Http\\Kernel.php(175): Illuminate\\Pipeline\\Pipeline->then(Object(Closure))
#51 D:\\praktikum_laravel\\laravelPraktikum\\vendor\\laravel\\framework\\src\\Illuminate\\Foundation\\Http\\Kernel.php(144): Illuminate\\Foundation\\Http\\Kernel->sendRequestThroughRouter(Object(Illuminate\\Http\\Request))
#52 D:\\praktikum_laravel\\laravelPraktikum\\vendor\\laravel\\framework\\src\\Illuminate\\Foundation\\Application.php(1219): Illuminate\\Foundation\\Http\\Kernel->handle(Object(Illuminate\\Http\\Request))
#53 D:\\praktikum_laravel\\laravelPraktikum\\public\\index.php(20): Illuminate\\Foundation\\Application->handleRequest(Object(Illuminate\\Http\\Request))
#54 D:\\praktikum_laravel\\laravelPraktikum\\vendor\\laravel\\framework\\src\\Illuminate\\Foundation\\resources\\server.php(23): require_once('D:\\\\praktikum_la...')
#55 {main}

[previous exception] [object] (PDOException(code: 2002): SQLSTATE[HY000] [2002] No connection could be made because the target machine actively refused it at D:\\praktikum_laravel\\laravelPraktikum\\vendor\\laravel\\framework\\src\\Illuminate\\Database\\Connectors\\Connector.php:66)
[stacktrace]
#0 D:\\praktikum_laravel\\laravelPraktikum\\vendor\\laravel\\framework\\src\\Illuminate\\Database\\Connectors\\Connector.php(66): PDO->__construct('mysql:host=127....', 'root', Object(SensitiveParameterValue), Array)
#1 D:\\praktikum_laravel\\laravelPraktikum\\vendor\\laravel\\framework\\src\\Illuminate\\Database\\Connectors\\Connector.php(85): Illuminate\\Database\\Connectors\\Connector->createPdoConnection('mysql:host=127....', 'root', Object(SensitiveParameterValue), Array)
#2 D:\\praktikum_laravel\\laravelPraktikum\\vendor\\laravel\\framework\\src\\Illuminate\\Database\\Connectors\\Connector.php(48): Illuminate\\Database\\Connectors\\Connector->tryAgainIfCausedByLostConnection(Object(PDOException), 'mysql:host=127....', 'root', Object(SensitiveParameterValue), Array)
#3 D:\\praktikum_laravel\\laravelPraktikum\\vendor\\laravel\\framework\\src\\Illuminate\\Database\\Connectors\\MySqlConnector.php(24): Illuminate\\Database\\Connectors\\Connector->createConnection('mysql:host=127....', Array, Array)
#4 D:\\praktikum_laravel\\laravelPraktikum\\vendor\\laravel\\framework\\src\\Illuminate\\Database\\Connectors\\ConnectionFactory.php(184): Illuminate\\Database\\Connectors\\MySqlConnector->connect(Array)
#5 [internal function]: Illuminate\\Database\\Connectors\\ConnectionFactory->Illuminate\\Database\\Connectors\\{closure}()
#6 D:\\praktikum_laravel\\laravelPraktikum\\vendor\\laravel\\framework\\src\\Illuminate\\Database\\Connection.php(1228): call_user_func(Object(Closure))
#7 D:\\praktikum_laravel\\laravelPraktikum\\vendor\\laravel\\framework\\src\\Illuminate\\Database\\Connection.php(509): Illuminate\\Database\\Connection->getPdo()
#8 D:\\praktikum_laravel\\laravelPraktikum\\vendor\\laravel\\framework\\src\\Illuminate\\Database\\Connection.php(404): Illuminate\\Database\\Connection->getPdoForSelect(false)
#9 D:\\praktikum_laravel\\laravelPraktikum\\vendor\\laravel\\framework\\src\\Illuminate\\Database\\Connection.php(809): Illuminate\\Database\\Connection->Illuminate\\Database\\{closure}('select * from `...', Array)
#10 D:\\praktikum_laravel\\laravelPraktikum\\vendor\\laravel\\framework\\src\\Illuminate\\Database\\Connection.php(976): Illuminate\\Database\\Connection->runQueryCallback('select * from `...', Array, Object(Closure))
#11 D:\\praktikum_laravel\\laravelPraktikum\\vendor\\laravel\\framework\\src\\Illuminate\\Database\\Connection.php(955): Illuminate\\Database\\Connection->tryAgainIfCausedByLostConnection(Object(Illuminate\\Database\\QueryException), 'select * from `...', Array, Object(Closure))
#12 D:\\praktikum_laravel\\laravelPraktikum\\vendor\\laravel\\framework\\src\\Illuminate\\Database\\Connection.php(778): Illuminate\\Database\\Connection->handleQueryException(Object(Illuminate\\Database\\QueryException), 'select * from `...', Array, Object(Closure))
#13 D:\\praktikum_laravel\\laravelPraktikum\\vendor\\laravel\\framework\\src\\Illuminate\\Database\\Connection.php(395): Illuminate\\Database\\Connection->run('select * from `...', Array, Object(Closure))
#14 D:\\praktikum_laravel\\laravelPraktikum\\vendor\\laravel\\framework\\src\\Illuminate\\Database\\Query\\Builder.php(3120): Illuminate\\Database\\Connection->select('select * from `...', Array, false)
#15 D:\\praktikum_laravel\\laravelPraktikum\\vendor\\laravel\\framework\\src\\Illuminate\\Database\\Query\\Builder.php(3105): Illuminate\\Database\\Query\\Builder->runSelect()
#16 D:\\praktikum_laravel\\laravelPraktikum\\vendor\\laravel\\framework\\src\\Illuminate\\Database\\Query\\Builder.php(3695): Illuminate\\Database\\Query\\Builder->Illuminate\\Database\\Query\\{closure}()
#17 D:\\praktikum_laravel\\laravelPraktikum\\vendor\\laravel\\framework\\src\\Illuminate\\Database\\Query\\Builder.php(3104): Illuminate\\Database\\Query\\Builder->onceWithColumns(Array, Object(Closure))
#18 D:\\praktikum_laravel\\laravelPraktikum\\vendor\\laravel\\framework\\src\\Illuminate\\Database\\Concerns\\BuildsQueries.php(366): Illuminate\\Database\\Query\\Builder->get(Array)
#19 D:\\praktikum_laravel\\laravelPraktikum\\vendor\\laravel\\framework\\src\\Illuminate\\Database\\Query\\Builder.php(3027): Illuminate\\Database\\Query\\Builder->first(Array)
#20 D:\\praktikum_laravel\\laravelPraktikum\\vendor\\laravel\\framework\\src\\Illuminate\\Session\\DatabaseSessionHandler.php(96): Illuminate\\Database\\Query\\Builder->find('O2Sx0xO23CR65eo...')
#21 D:\\praktikum_laravel\\laravelPraktikum\\vendor\\laravel\\framework\\src\\Illuminate\\Session\\Store.php(116): Illuminate\\Session\\DatabaseSessionHandler->read('O2Sx0xO23CR65eo...')
#22 D:\\praktikum_laravel\\laravelPraktikum\\vendor\\laravel\\framework\\src\\Illuminate\\Session\\Store.php(104): Illuminate\\Session\\Store->readFromHandler()
#23 D:\\praktikum_laravel\\laravelPraktikum\\vendor\\laravel\\framework\\src\\Illuminate\\Session\\Store.php(88): Illuminate\\Session\\Store->loadSession()
#24 D:\\praktikum_laravel\\laravelPraktikum\\vendor\\laravel\\framework\\src\\Illuminate\\Session\\Middleware\\StartSession.php(146): Illuminate\\Session\\Store->start()
#25 D:\\praktikum_laravel\\laravelPraktikum\\vendor\\laravel\\framework\\src\\Illuminate\\Support\\helpers.php(399): Illuminate\\Session\\Middleware\\StartSession->Illuminate\\Session\\Middleware\\{closure}(Object(Illuminate\\Session\\Store))
#26 D:\\praktikum_laravel\\laravelPraktikum\\vendor\\laravel\\framework\\src\\Illuminate\\Session\\Middleware\\StartSession.php(143): tap(Object(Illuminate\\Session\\Store), Object(Closure))
#27 D:\\praktikum_laravel\\laravelPraktikum\\vendor\\laravel\\framework\\src\\Illuminate\\Session\\Middleware\\StartSession.php(115): Illuminate\\Session\\Middleware\\StartSession->startSession(Object(Illuminate\\Http\\Request), Object(Illuminate\\Session\\Store))
#28 D:\\praktikum_laravel\\laravelPraktikum\\vendor\\laravel\\framework\\src\\Illuminate\\Session\\Middleware\\StartSession.php(63): Illuminate\\Session\\Middleware\\StartSession->handleStatefulRequest(Object(Illuminate\\Http\\Request), Object(Illuminate\\Session\\Store), Object(Closure))
#29 D:\\praktikum_laravel\\laravelPraktikum\\vendor\\laravel\\framework\\src\\Illuminate\\Pipeline\\Pipeline.php(208): Illuminate\\Session\\Middleware\\StartSession->handle(Object(Illuminate\\Http\\Request), Object(Closure))
#30 D:\\praktikum_laravel\\laravelPraktikum\\vendor\\laravel\\framework\\src\\Illuminate\\Cookie\\Middleware\\AddQueuedCookiesToResponse.php(36): Illuminate\\Pipeline\\Pipeline->Illuminate\\Pipeline\\{closure}(Object(Illuminate\\Http\\Request))
#31 D:\\praktikum_laravel\\laravelPraktikum\\vendor\\laravel\\framework\\src\\Illuminate\\Pipeline\\Pipeline.php(208): Illuminate\\Cookie\\Middleware\\AddQueuedCookiesToResponse->handle(Object(Illuminate\\Http\\Request), Object(Closure))
#32 D:\\praktikum_laravel\\laravelPraktikum\\vendor\\laravel\\framework\\src\\Illuminate\\Cookie\\Middleware\\EncryptCookies.php(74): Illuminate\\Pipeline\\Pipeline->Illuminate\\Pipeline\\{closure}(Object(Illuminate\\Http\\Request))
#33 D:\\praktikum_laravel\\laravelPraktikum\\vendor\\laravel\\framework\\src\\Illuminate\\Pipeline\\Pipeline.php(208): Illuminate\\Cookie\\Middleware\\EncryptCookies->handle(Object(Illuminate\\Http\\Request), Object(Closure))
#34 D:\\praktikum_laravel\\laravelPraktikum\\vendor\\laravel\\framework\\src\\Illuminate\\Pipeline\\Pipeline.php(126): Illuminate\\Pipeline\\Pipeline->Illuminate\\Pipeline\\{closure}(Object(Illuminate\\Http\\Request))
#35 D:\\praktikum_laravel\\laravelPraktikum\\vendor\\laravel\\framework\\src\\Illuminate\\Routing\\Router.php(807): Illuminate\\Pipeline\\Pipeline->then(Object(Closure))
#36 D:\\praktikum_laravel\\laravelPraktikum\\vendor\\laravel\\framework\\src\\Illuminate\\Routing\\Router.php(786): Illuminate\\Routing\\Router->runRouteWithinStack(Object(Illuminate\\Routing\\Route), Object(Illuminate\\Http\\Request))
#37 D:\\praktikum_laravel\\laravelPraktikum\\vendor\\laravel\\framework\\src\\Illuminate\\Routing\\Router.php(750): Illuminate\\Routing\\Router->runRoute(Object(Illuminate\\Http\\Request), Object(Illuminate\\Routing\\Route))
#38 D:\\praktikum_laravel\\laravelPraktikum\\vendor\\laravel\\framework\\src\\Illuminate\\Routing\\Router.php(739): Illuminate\\Routing\\Router->dispatchToRoute(Object(Illuminate\\Http\\Request))
#39 D:\\praktikum_laravel\\laravelPraktikum\\vendor\\laravel\\framework\\src\\Illuminate\\Foundation\\Http\\Kernel.php(200): Illuminate\\Routing\\Router->dispatch(Object(Illuminate\\Http\\Request))
#40 D:\\praktikum_laravel\\laravelPraktikum\\vendor\\laravel\\framework\\src\\Illuminate\\Pipeline\\Pipeline.php(169): Illuminate\\Foundation\\Http\\Kernel->Illuminate\\Foundation\\Http\\{closure}(Object(Illuminate\\Http\\Request))
#41 D:\\praktikum_laravel\\laravelPraktikum\\vendor\\laravel\\framework\\src\\Illuminate\\Foundation\\Http\\Middleware\\TransformsRequest.php(21): Illuminate\\Pipeline\\Pipeline->Illuminate\\Pipeline\\{closure}(Object(Illuminate\\Http\\Request))
#42 D:\\praktikum_laravel\\laravelPraktikum\\vendor\\laravel\\framework\\src\\Illuminate\\Foundation\\Http\\Middleware\\ConvertEmptyStringsToNull.php(31): Illuminate\\Foundation\\Http\\Middleware\\TransformsRequest->handle(Object(Illuminate\\Http\\Request), Object(Closure))
#43 D:\\praktikum_laravel\\laravelPraktikum\\vendor\\laravel\\framework\\src\\Illuminate\\Pipeline\\Pipeline.php(208): Illuminate\\Foundation\\Http\\Middleware\\ConvertEmptyStringsToNull->handle(Object(Illuminate\\Http\\Request), Object(Closure))
#44 D:\\praktikum_laravel\\laravelPraktikum\\vendor\\laravel\\framework\\src\\Illuminate\\Foundation\\Http\\Middleware\\TransformsRequest.php(21): Illuminate\\Pipeline\\Pipeline->Illuminate\\Pipeline\\{closure}(Object(Illuminate\\Http\\Request))
#45 D:\\praktikum_laravel\\laravelPraktikum\\vendor\\laravel\\framework\\src\\Illuminate\\Foundation\\Http\\Middleware\\TrimStrings.php(51): Illuminate\\Foundation\\Http\\Middleware\\TransformsRequest->handle(Object(Illuminate\\Http\\Request), Object(Closure))
#46 D:\\praktikum_laravel\\laravelPraktikum\\vendor\\laravel\\framework\\src\\Illuminate\\Pipeline\\Pipeline.php(208): Illuminate\\Foundation\\Http\\Middleware\\TrimStrings->handle(Object(Illuminate\\Http\\Request), Object(Closure))
#47 D:\\praktikum_laravel\\laravelPraktikum\\vendor\\laravel\\framework\\src\\Illuminate\\Http\\Middleware\\ValidatePostSize.php(27): Illuminate\\Pipeline\\Pipeline->Illuminate\\Pipeline\\{closure}(Object(Illuminate\\Http\\Request))
#48 D:\\praktikum_laravel\\laravelPraktikum\\vendor\\laravel\\framework\\src\\Illuminate\\Pipeline\\Pipeline.php(208): Illuminate\\Http\\Middleware\\ValidatePostSize->handle(Object(Illuminate\\Http\\Request), Object(Closure))
#49 D:\\praktikum_laravel\\laravelPraktikum\\vendor\\laravel\\framework\\src\\Illuminate\\Foundation\\Http\\Middleware\\PreventRequestsDuringMaintenance.php(109): Illuminate\\Pipeline\\Pipeline->Illuminate\\Pipeline\\{closure}(Object(Illuminate\\Http\\Request))
#50 D:\\praktikum_laravel\\laravelPraktikum\\vendor\\laravel\\framework\\src\\Illuminate\\Pipeline\\Pipeline.php(208): Illuminate\\Foundation\\Http\\Middleware\\PreventRequestsDuringMaintenance->handle(Object(Illuminate\\Http\\Request), Object(Closure))
#51 D:\\praktikum_laravel\\laravelPraktikum\\vendor\\laravel\\framework\\src\\Illuminate\\Http\\Middleware\\HandleCors.php(48): Illuminate\\Pipeline\\Pipeline->Illuminate\\Pipeline\\{closure}(Object(Illuminate\\Http\\Request))
#52 D:\\praktikum_laravel\\laravelPraktikum\\vendor\\laravel\\framework\\src\\Illuminate\\Pipeline\\Pipeline.php(208): Illuminate\\Http\\Middleware\\HandleCors->handle(Object(Illuminate\\Http\\Request), Object(Closure))
#53 D:\\praktikum_laravel\\laravelPraktikum\\vendor\\laravel\\framework\\src\\Illuminate\\Http\\Middleware\\TrustProxies.php(58): Illuminate\\Pipeline\\Pipeline->Illuminate\\Pipeline\\{closure}(Object(Illuminate\\Http\\Request))
#54 D:\\praktikum_laravel\\laravelPraktikum\\vendor\\laravel\\framework\\src\\Illuminate\\Pipeline\\Pipeline.php(208): Illuminate\\Http\\Middleware\\TrustProxies->handle(Object(Illuminate\\Http\\Request), Object(Closure))
#55 D:\\praktikum_laravel\\laravelPraktikum\\vendor\\laravel\\framework\\src\\Illuminate\\Foundation\\Http\\Middleware\\InvokeDeferredCallbacks.php(22): Illuminate\\Pipeline\\Pipeline->Illuminate\\Pipeline\\{closure}(Object(Illuminate\\Http\\Request))
#56 D:\\praktikum_laravel\\laravelPraktikum\\vendor\\laravel\\framework\\src\\Illuminate\\Pipeline\\Pipeline.php(208): Illuminate\\Foundation\\Http\\Middleware\\InvokeDeferredCallbacks->handle(Object(Illuminate\\Http\\Request), Object(Closure))
#57 D:\\praktikum_laravel\\laravelPraktikum\\vendor\\laravel\\framework\\src\\Illuminate\\Http\\Middleware\\ValidatePathEncoding.php(26): Illuminate\\Pipeline\\Pipeline->Illuminate\\Pipeline\\{closure}(Object(Illuminate\\Http\\Request))
#58 D:\\praktikum_laravel\\laravelPraktikum\\vendor\\laravel\\framework\\src\\Illuminate\\Pipeline\\Pipeline.php(208): Illuminate\\Http\\Middleware\\ValidatePathEncoding->handle(Object(Illuminate\\Http\\Request), Object(Closure))
#59 D:\\praktikum_laravel\\laravelPraktikum\\vendor\\laravel\\framework\\src\\Illuminate\\Pipeline\\Pipeline.php(126): Illuminate\\Pipeline\\Pipeline->Illuminate\\Pipeline\\{closure}(Object(Illuminate\\Http\\Request))
#60 D:\\praktikum_laravel\\laravelPraktikum\\vendor\\laravel\\framework\\src\\Illuminate\\Foundation\\Http\\Kernel.php(175): Illuminate\\Pipeline\\Pipeline->then(Object(Closure))
#61 D:\\praktikum_laravel\\laravelPraktikum\\vendor\\laravel\\framework\\src\\Illuminate\\Foundation\\Http\\Kernel.php(144): Illuminate\\Foundation\\Http\\Kernel->sendRequestThroughRouter(Object(Illuminate\\Http\\Request))
#62 D:\\praktikum_laravel\\laravelPraktikum\\vendor\\laravel\\framework\\src\\Illuminate\\Foundation\\Application.php(1219): Illuminate\\Foundation\\Http\\Kernel->handle(Object(Illuminate\\Http\\Request))
#63 D:\\praktikum_laravel\\laravelPraktikum\\public\\index.php(20): Illuminate\\Foundation\\Application->handleRequest(Object(Illuminate\\Http\\Request))
#64 D:\\praktikum_laravel\\laravelPraktikum\\vendor\\laravel\\framework\\src\\Illuminate\\Foundation\\resources\\server.php(23): require_once('D:\\\\praktikum_la...')
#65 {main}
"} 
[2025-05-19 06:06:34] local.ERROR: SQLSTATE[HY000] [2002] No connection could be made because the target machine actively refused it (Connection: mysql, SQL: select * from `sessions` where `id` = cKEsHhridaxtsow4ny3V2h7cJkB8EXCoY7TtWodY limit 1) {"exception":"[object] (Illuminate\\Database\\QueryException(code: 2002): SQLSTATE[HY000] [2002] No connection could be made because the target machine actively refused it (Connection: mysql, SQL: select * from `sessions` where `id` = cKEsHhridaxtsow4ny3V2h7cJkB8EXCoY7TtWodY limit 1) at D:\\praktikum_laravel\\laravelPraktikum\\vendor\\laravel\\framework\\src\\Illuminate\\Database\\Connection.php:822)
[stacktrace]
#0 D:\\praktikum_laravel\\laravelPraktikum\\vendor\\laravel\\framework\\src\\Illuminate\\Database\\Connection.php(976): Illuminate\\Database\\Connection->runQueryCallback('select * from `...', Array, Object(Closure))
#1 D:\\praktikum_laravel\\laravelPraktikum\\vendor\\laravel\\framework\\src\\Illuminate\\Database\\Connection.php(955): Illuminate\\Database\\Connection->tryAgainIfCausedByLostConnection(Object(Illuminate\\Database\\QueryException), 'select * from `...', Array, Object(Closure))
#2 D:\\praktikum_laravel\\laravelPraktikum\\vendor\\laravel\\framework\\src\\Illuminate\\Database\\Connection.php(778): Illuminate\\Database\\Connection->handleQueryException(Object(Illuminate\\Database\\QueryException), 'select * from `...', Array, Object(Closure))
#3 D:\\praktikum_laravel\\laravelPraktikum\\vendor\\laravel\\framework\\src\\Illuminate\\Database\\Connection.php(395): Illuminate\\Database\\Connection->run('select * from `...', Array, Object(Closure))
#4 D:\\praktikum_laravel\\laravelPraktikum\\vendor\\laravel\\framework\\src\\Illuminate\\Database\\Query\\Builder.php(3120): Illuminate\\Database\\Connection->select('select * from `...', Array, false)
#5 D:\\praktikum_laravel\\laravelPraktikum\\vendor\\laravel\\framework\\src\\Illuminate\\Database\\Query\\Builder.php(3105): Illuminate\\Database\\Query\\Builder->runSelect()
#6 D:\\praktikum_laravel\\laravelPraktikum\\vendor\\laravel\\framework\\src\\Illuminate\\Database\\Query\\Builder.php(3695): Illuminate\\Database\\Query\\Builder->Illuminate\\Database\\Query\\{closure}()
#7 D:\\praktikum_laravel\\laravelPraktikum\\vendor\\laravel\\framework\\src\\Illuminate\\Database\\Query\\Builder.php(3104): Illuminate\\Database\\Query\\Builder->onceWithColumns(Array, Object(Closure))
#8 D:\\praktikum_laravel\\laravelPraktikum\\vendor\\laravel\\framework\\src\\Illuminate\\Database\\Concerns\\BuildsQueries.php(366): Illuminate\\Database\\Query\\Builder->get(Array)
#9 D:\\praktikum_laravel\\laravelPraktikum\\vendor\\laravel\\framework\\src\\Illuminate\\Database\\Query\\Builder.php(3027): Illuminate\\Database\\Query\\Builder->first(Array)
#10 D:\\praktikum_laravel\\laravelPraktikum\\vendor\\laravel\\framework\\src\\Illuminate\\Session\\DatabaseSessionHandler.php(96): Illuminate\\Database\\Query\\Builder->find('cKEsHhridaxtsow...')
#11 D:\\praktikum_laravel\\laravelPraktikum\\vendor\\laravel\\framework\\src\\Illuminate\\Session\\Store.php(116): Illuminate\\Session\\DatabaseSessionHandler->read('cKEsHhridaxtsow...')
#12 D:\\praktikum_laravel\\laravelPraktikum\\vendor\\laravel\\framework\\src\\Illuminate\\Session\\Store.php(104): Illuminate\\Session\\Store->readFromHandler()
#13 D:\\praktikum_laravel\\laravelPraktikum\\vendor\\laravel\\framework\\src\\Illuminate\\Session\\Store.php(88): Illuminate\\Session\\Store->loadSession()
#14 D:\\praktikum_laravel\\laravelPraktikum\\vendor\\laravel\\framework\\src\\Illuminate\\Session\\Middleware\\StartSession.php(146): Illuminate\\Session\\Store->start()
#15 D:\\praktikum_laravel\\laravelPraktikum\\vendor\\laravel\\framework\\src\\Illuminate\\Support\\helpers.php(399): Illuminate\\Session\\Middleware\\StartSession->Illuminate\\Session\\Middleware\\{closure}(Object(Illuminate\\Session\\Store))
#16 D:\\praktikum_laravel\\laravelPraktikum\\vendor\\laravel\\framework\\src\\Illuminate\\Session\\Middleware\\StartSession.php(143): tap(Object(Illuminate\\Session\\Store), Object(Closure))
#17 D:\\praktikum_laravel\\laravelPraktikum\\vendor\\laravel\\framework\\src\\Illuminate\\Session\\Middleware\\StartSession.php(115): Illuminate\\Session\\Middleware\\StartSession->startSession(Object(Illuminate\\Http\\Request), Object(Illuminate\\Session\\Store))
#18 D:\\praktikum_laravel\\laravelPraktikum\\vendor\\laravel\\framework\\src\\Illuminate\\Session\\Middleware\\StartSession.php(63): Illuminate\\Session\\Middleware\\StartSession->handleStatefulRequest(Object(Illuminate\\Http\\Request), Object(Illuminate\\Session\\Store), Object(Closure))
#19 D:\\praktikum_laravel\\laravelPraktikum\\vendor\\laravel\\framework\\src\\Illuminate\\Pipeline\\Pipeline.php(208): Illuminate\\Session\\Middleware\\StartSession->handle(Object(Illuminate\\Http\\Request), Object(Closure))
#20 D:\\praktikum_laravel\\laravelPraktikum\\vendor\\laravel\\framework\\src\\Illuminate\\Cookie\\Middleware\\AddQueuedCookiesToResponse.php(36): Illuminate\\Pipeline\\Pipeline->Illuminate\\Pipeline\\{closure}(Object(Illuminate\\Http\\Request))
#21 D:\\praktikum_laravel\\laravelPraktikum\\vendor\\laravel\\framework\\src\\Illuminate\\Pipeline\\Pipeline.php(208): Illuminate\\Cookie\\Middleware\\AddQueuedCookiesToResponse->handle(Object(Illuminate\\Http\\Request), Object(Closure))
#22 D:\\praktikum_laravel\\laravelPraktikum\\vendor\\laravel\\framework\\src\\Illuminate\\Cookie\\Middleware\\EncryptCookies.php(74): Illuminate\\Pipeline\\Pipeline->Illuminate\\Pipeline\\{closure}(Object(Illuminate\\Http\\Request))
#23 D:\\praktikum_laravel\\laravelPraktikum\\vendor\\laravel\\framework\\src\\Illuminate\\Pipeline\\Pipeline.php(208): Illuminate\\Cookie\\Middleware\\EncryptCookies->handle(Object(Illuminate\\Http\\Request), Object(Closure))
#24 D:\\praktikum_laravel\\laravelPraktikum\\vendor\\laravel\\framework\\src\\Illuminate\\Pipeline\\Pipeline.php(126): Illuminate\\Pipeline\\Pipeline->Illuminate\\Pipeline\\{closure}(Object(Illuminate\\Http\\Request))
#25 D:\\praktikum_laravel\\laravelPraktikum\\vendor\\laravel\\framework\\src\\Illuminate\\Routing\\Router.php(807): Illuminate\\Pipeline\\Pipeline->then(Object(Closure))
#26 D:\\praktikum_laravel\\laravelPraktikum\\vendor\\laravel\\framework\\src\\Illuminate\\Routing\\Router.php(786): Illuminate\\Routing\\Router->runRouteWithinStack(Object(Illuminate\\Routing\\Route), Object(Illuminate\\Http\\Request))
#27 D:\\praktikum_laravel\\laravelPraktikum\\vendor\\laravel\\framework\\src\\Illuminate\\Routing\\Router.php(750): Illuminate\\Routing\\Router->runRoute(Object(Illuminate\\Http\\Request), Object(Illuminate\\Routing\\Route))
#28 D:\\praktikum_laravel\\laravelPraktikum\\vendor\\laravel\\framework\\src\\Illuminate\\Routing\\Router.php(739): Illuminate\\Routing\\Router->dispatchToRoute(Object(Illuminate\\Http\\Request))
#29 D:\\praktikum_laravel\\laravelPraktikum\\vendor\\laravel\\framework\\src\\Illuminate\\Foundation\\Http\\Kernel.php(200): Illuminate\\Routing\\Router->dispatch(Object(Illuminate\\Http\\Request))
#30 D:\\praktikum_laravel\\laravelPraktikum\\vendor\\laravel\\framework\\src\\Illuminate\\Pipeline\\Pipeline.php(169): Illuminate\\Foundation\\Http\\Kernel->Illuminate\\Foundation\\Http\\{closure}(Object(Illuminate\\Http\\Request))
#31 D:\\praktikum_laravel\\laravelPraktikum\\vendor\\laravel\\framework\\src\\Illuminate\\Foundation\\Http\\Middleware\\TransformsRequest.php(21): Illuminate\\Pipeline\\Pipeline->Illuminate\\Pipeline\\{closure}(Object(Illuminate\\Http\\Request))
#32 D:\\praktikum_laravel\\laravelPraktikum\\vendor\\laravel\\framework\\src\\Illuminate\\Foundation\\Http\\Middleware\\ConvertEmptyStringsToNull.php(31): Illuminate\\Foundation\\Http\\Middleware\\TransformsRequest->handle(Object(Illuminate\\Http\\Request), Object(Closure))
#33 D:\\praktikum_laravel\\laravelPraktikum\\vendor\\laravel\\framework\\src\\Illuminate\\Pipeline\\Pipeline.php(208): Illuminate\\Foundation\\Http\\Middleware\\ConvertEmptyStringsToNull->handle(Object(Illuminate\\Http\\Request), Object(Closure))
#34 D:\\praktikum_laravel\\laravelPraktikum\\vendor\\laravel\\framework\\src\\Illuminate\\Foundation\\Http\\Middleware\\TransformsRequest.php(21): Illuminate\\Pipeline\\Pipeline->Illuminate\\Pipeline\\{closure}(Object(Illuminate\\Http\\Request))
#35 D:\\praktikum_laravel\\laravelPraktikum\\vendor\\laravel\\framework\\src\\Illuminate\\Foundation\\Http\\Middleware\\TrimStrings.php(51): Illuminate\\Foundation\\Http\\Middleware\\TransformsRequest->handle(Object(Illuminate\\Http\\Request), Object(Closure))
#36 D:\\praktikum_laravel\\laravelPraktikum\\vendor\\laravel\\framework\\src\\Illuminate\\Pipeline\\Pipeline.php(208): Illuminate\\Foundation\\Http\\Middleware\\TrimStrings->handle(Object(Illuminate\\Http\\Request), Object(Closure))
#37 D:\\praktikum_laravel\\laravelPraktikum\\vendor\\laravel\\framework\\src\\Illuminate\\Http\\Middleware\\ValidatePostSize.php(27): Illuminate\\Pipeline\\Pipeline->Illuminate\\Pipeline\\{closure}(Object(Illuminate\\Http\\Request))
#38 D:\\praktikum_laravel\\laravelPraktikum\\vendor\\laravel\\framework\\src\\Illuminate\\Pipeline\\Pipeline.php(208): Illuminate\\Http\\Middleware\\ValidatePostSize->handle(Object(Illuminate\\Http\\Request), Object(Closure))
#39 D:\\praktikum_laravel\\laravelPraktikum\\vendor\\laravel\\framework\\src\\Illuminate\\Foundation\\Http\\Middleware\\PreventRequestsDuringMaintenance.php(109): Illuminate\\Pipeline\\Pipeline->Illuminate\\Pipeline\\{closure}(Object(Illuminate\\Http\\Request))
#40 D:\\praktikum_laravel\\laravelPraktikum\\vendor\\laravel\\framework\\src\\Illuminate\\Pipeline\\Pipeline.php(208): Illuminate\\Foundation\\Http\\Middleware\\PreventRequestsDuringMaintenance->handle(Object(Illuminate\\Http\\Request), Object(Closure))
#41 D:\\praktikum_laravel\\laravelPraktikum\\vendor\\laravel\\framework\\src\\Illuminate\\Http\\Middleware\\HandleCors.php(48): Illuminate\\Pipeline\\Pipeline->Illuminate\\Pipeline\\{closure}(Object(Illuminate\\Http\\Request))
#42 D:\\praktikum_laravel\\laravelPraktikum\\vendor\\laravel\\framework\\src\\Illuminate\\Pipeline\\Pipeline.php(208): Illuminate\\Http\\Middleware\\HandleCors->handle(Object(Illuminate\\Http\\Request), Object(Closure))
#43 D:\\praktikum_laravel\\laravelPraktikum\\vendor\\laravel\\framework\\src\\Illuminate\\Http\\Middleware\\TrustProxies.php(58): Illuminate\\Pipeline\\Pipeline->Illuminate\\Pipeline\\{closure}(Object(Illuminate\\Http\\Request))
#44 D:\\praktikum_laravel\\laravelPraktikum\\vendor\\laravel\\framework\\src\\Illuminate\\Pipeline\\Pipeline.php(208): Illuminate\\Http\\Middleware\\TrustProxies->handle(Object(Illuminate\\Http\\Request), Object(Closure))
#45 D:\\praktikum_laravel\\laravelPraktikum\\vendor\\laravel\\framework\\src\\Illuminate\\Foundation\\Http\\Middleware\\InvokeDeferredCallbacks.php(22): Illuminate\\Pipeline\\Pipeline->Illuminate\\Pipeline\\{closure}(Object(Illuminate\\Http\\Request))
#46 D:\\praktikum_laravel\\laravelPraktikum\\vendor\\laravel\\framework\\src\\Illuminate\\Pipeline\\Pipeline.php(208): Illuminate\\Foundation\\Http\\Middleware\\InvokeDeferredCallbacks->handle(Object(Illuminate\\Http\\Request), Object(Closure))
#47 D:\\praktikum_laravel\\laravelPraktikum\\vendor\\laravel\\framework\\src\\Illuminate\\Http\\Middleware\\ValidatePathEncoding.php(26): Illuminate\\Pipeline\\Pipeline->Illuminate\\Pipeline\\{closure}(Object(Illuminate\\Http\\Request))
#48 D:\\praktikum_laravel\\laravelPraktikum\\vendor\\laravel\\framework\\src\\Illuminate\\Pipeline\\Pipeline.php(208): Illuminate\\Http\\Middleware\\ValidatePathEncoding->handle(Object(Illuminate\\Http\\Request), Object(Closure))
#49 D:\\praktikum_laravel\\laravelPraktikum\\vendor\\laravel\\framework\\src\\Illuminate\\Pipeline\\Pipeline.php(126): Illuminate\\Pipeline\\Pipeline->Illuminate\\Pipeline\\{closure}(Object(Illuminate\\Http\\Request))
#50 D:\\praktikum_laravel\\laravelPraktikum\\vendor\\laravel\\framework\\src\\Illuminate\\Foundation\\Http\\Kernel.php(175): Illuminate\\Pipeline\\Pipeline->then(Object(Closure))
#51 D:\\praktikum_laravel\\laravelPraktikum\\vendor\\laravel\\framework\\src\\Illuminate\\Foundation\\Http\\Kernel.php(144): Illuminate\\Foundation\\Http\\Kernel->sendRequestThroughRouter(Object(Illuminate\\Http\\Request))
#52 D:\\praktikum_laravel\\laravelPraktikum\\vendor\\laravel\\framework\\src\\Illuminate\\Foundation\\Application.php(1219): Illuminate\\Foundation\\Http\\Kernel->handle(Object(Illuminate\\Http\\Request))
#53 D:\\praktikum_laravel\\laravelPraktikum\\public\\index.php(20): Illuminate\\Foundation\\Application->handleRequest(Object(Illuminate\\Http\\Request))
#54 D:\\praktikum_laravel\\laravelPraktikum\\vendor\\laravel\\framework\\src\\Illuminate\\Foundation\\resources\\server.php(23): require_once('D:\\\\praktikum_la...')
#55 {main}

[previous exception] [object] (PDOException(code: 2002): SQLSTATE[HY000] [2002] No connection could be made because the target machine actively refused it at D:\\praktikum_laravel\\laravelPraktikum\\vendor\\laravel\\framework\\src\\Illuminate\\Database\\Connectors\\Connector.php:66)
[stacktrace]
#0 D:\\praktikum_laravel\\laravelPraktikum\\vendor\\laravel\\framework\\src\\Illuminate\\Database\\Connectors\\Connector.php(66): PDO->__construct('mysql:host=127....', 'root', Object(SensitiveParameterValue), Array)
#1 D:\\praktikum_laravel\\laravelPraktikum\\vendor\\laravel\\framework\\src\\Illuminate\\Database\\Connectors\\Connector.php(85): Illuminate\\Database\\Connectors\\Connector->createPdoConnection('mysql:host=127....', 'root', Object(SensitiveParameterValue), Array)
#2 D:\\praktikum_laravel\\laravelPraktikum\\vendor\\laravel\\framework\\src\\Illuminate\\Database\\Connectors\\Connector.php(48): Illuminate\\Database\\Connectors\\Connector->tryAgainIfCausedByLostConnection(Object(PDOException), 'mysql:host=127....', 'root', Object(SensitiveParameterValue), Array)
#3 D:\\praktikum_laravel\\laravelPraktikum\\vendor\\laravel\\framework\\src\\Illuminate\\Database\\Connectors\\MySqlConnector.php(24): Illuminate\\Database\\Connectors\\Connector->createConnection('mysql:host=127....', Array, Array)
#4 D:\\praktikum_laravel\\laravelPraktikum\\vendor\\laravel\\framework\\src\\Illuminate\\Database\\Connectors\\ConnectionFactory.php(184): Illuminate\\Database\\Connectors\\MySqlConnector->connect(Array)
#5 [internal function]: Illuminate\\Database\\Connectors\\ConnectionFactory->Illuminate\\Database\\Connectors\\{closure}()
#6 D:\\praktikum_laravel\\laravelPraktikum\\vendor\\laravel\\framework\\src\\Illuminate\\Database\\Connection.php(1228): call_user_func(Object(Closure))
#7 D:\\praktikum_laravel\\laravelPraktikum\\vendor\\laravel\\framework\\src\\Illuminate\\Database\\Connection.php(509): Illuminate\\Database\\Connection->getPdo()
#8 D:\\praktikum_laravel\\laravelPraktikum\\vendor\\laravel\\framework\\src\\Illuminate\\Database\\Connection.php(404): Illuminate\\Database\\Connection->getPdoForSelect(false)
#9 D:\\praktikum_laravel\\laravelPraktikum\\vendor\\laravel\\framework\\src\\Illuminate\\Database\\Connection.php(809): Illuminate\\Database\\Connection->Illuminate\\Database\\{closure}('select * from `...', Array)
#10 D:\\praktikum_laravel\\laravelPraktikum\\vendor\\laravel\\framework\\src\\Illuminate\\Database\\Connection.php(976): Illuminate\\Database\\Connection->runQueryCallback('select * from `...', Array, Object(Closure))
#11 D:\\praktikum_laravel\\laravelPraktikum\\vendor\\laravel\\framework\\src\\Illuminate\\Database\\Connection.php(955): Illuminate\\Database\\Connection->tryAgainIfCausedByLostConnection(Object(Illuminate\\Database\\QueryException), 'select * from `...', Array, Object(Closure))
#12 D:\\praktikum_laravel\\laravelPraktikum\\vendor\\laravel\\framework\\src\\Illuminate\\Database\\Connection.php(778): Illuminate\\Database\\Connection->handleQueryException(Object(Illuminate\\Database\\QueryException), 'select * from `...', Array, Object(Closure))
#13 D:\\praktikum_laravel\\laravelPraktikum\\vendor\\laravel\\framework\\src\\Illuminate\\Database\\Connection.php(395): Illuminate\\Database\\Connection->run('select * from `...', Array, Object(Closure))
#14 D:\\praktikum_laravel\\laravelPraktikum\\vendor\\laravel\\framework\\src\\Illuminate\\Database\\Query\\Builder.php(3120): Illuminate\\Database\\Connection->select('select * from `...', Array, false)
#15 D:\\praktikum_laravel\\laravelPraktikum\\vendor\\laravel\\framework\\src\\Illuminate\\Database\\Query\\Builder.php(3105): Illuminate\\Database\\Query\\Builder->runSelect()
#16 D:\\praktikum_laravel\\laravelPraktikum\\vendor\\laravel\\framework\\src\\Illuminate\\Database\\Query\\Builder.php(3695): Illuminate\\Database\\Query\\Builder->Illuminate\\Database\\Query\\{closure}()
#17 D:\\praktikum_laravel\\laravelPraktikum\\vendor\\laravel\\framework\\src\\Illuminate\\Database\\Query\\Builder.php(3104): Illuminate\\Database\\Query\\Builder->onceWithColumns(Array, Object(Closure))
#18 D:\\praktikum_laravel\\laravelPraktikum\\vendor\\laravel\\framework\\src\\Illuminate\\Database\\Concerns\\BuildsQueries.php(366): Illuminate\\Database\\Query\\Builder->get(Array)
#19 D:\\praktikum_laravel\\laravelPraktikum\\vendor\\laravel\\framework\\src\\Illuminate\\Database\\Query\\Builder.php(3027): Illuminate\\Database\\Query\\Builder->first(Array)
#20 D:\\praktikum_laravel\\laravelPraktikum\\vendor\\laravel\\framework\\src\\Illuminate\\Session\\DatabaseSessionHandler.php(96): Illuminate\\Database\\Query\\Builder->find('cKEsHhridaxtsow...')
#21 D:\\praktikum_laravel\\laravelPraktikum\\vendor\\laravel\\framework\\src\\Illuminate\\Session\\Store.php(116): Illuminate\\Session\\DatabaseSessionHandler->read('cKEsHhridaxtsow...')
#22 D:\\praktikum_laravel\\laravelPraktikum\\vendor\\laravel\\framework\\src\\Illuminate\\Session\\Store.php(104): Illuminate\\Session\\Store->readFromHandler()
#23 D:\\praktikum_laravel\\laravelPraktikum\\vendor\\laravel\\framework\\src\\Illuminate\\Session\\Store.php(88): Illuminate\\Session\\Store->loadSession()
#24 D:\\praktikum_laravel\\laravelPraktikum\\vendor\\laravel\\framework\\src\\Illuminate\\Session\\Middleware\\StartSession.php(146): Illuminate\\Session\\Store->start()
#25 D:\\praktikum_laravel\\laravelPraktikum\\vendor\\laravel\\framework\\src\\Illuminate\\Support\\helpers.php(399): Illuminate\\Session\\Middleware\\StartSession->Illuminate\\Session\\Middleware\\{closure}(Object(Illuminate\\Session\\Store))
#26 D:\\praktikum_laravel\\laravelPraktikum\\vendor\\laravel\\framework\\src\\Illuminate\\Session\\Middleware\\StartSession.php(143): tap(Object(Illuminate\\Session\\Store), Object(Closure))
#27 D:\\praktikum_laravel\\laravelPraktikum\\vendor\\laravel\\framework\\src\\Illuminate\\Session\\Middleware\\StartSession.php(115): Illuminate\\Session\\Middleware\\StartSession->startSession(Object(Illuminate\\Http\\Request), Object(Illuminate\\Session\\Store))
#28 D:\\praktikum_laravel\\laravelPraktikum\\vendor\\laravel\\framework\\src\\Illuminate\\Session\\Middleware\\StartSession.php(63): Illuminate\\Session\\Middleware\\StartSession->handleStatefulRequest(Object(Illuminate\\Http\\Request), Object(Illuminate\\Session\\Store), Object(Closure))
#29 D:\\praktikum_laravel\\laravelPraktikum\\vendor\\laravel\\framework\\src\\Illuminate\\Pipeline\\Pipeline.php(208): Illuminate\\Session\\Middleware\\StartSession->handle(Object(Illuminate\\Http\\Request), Object(Closure))
#30 D:\\praktikum_laravel\\laravelPraktikum\\vendor\\laravel\\framework\\src\\Illuminate\\Cookie\\Middleware\\AddQueuedCookiesToResponse.php(36): Illuminate\\Pipeline\\Pipeline->Illuminate\\Pipeline\\{closure}(Object(Illuminate\\Http\\Request))
#31 D:\\praktikum_laravel\\laravelPraktikum\\vendor\\laravel\\framework\\src\\Illuminate\\Pipeline\\Pipeline.php(208): Illuminate\\Cookie\\Middleware\\AddQueuedCookiesToResponse->handle(Object(Illuminate\\Http\\Request), Object(Closure))
#32 D:\\praktikum_laravel\\laravelPraktikum\\vendor\\laravel\\framework\\src\\Illuminate\\Cookie\\Middleware\\EncryptCookies.php(74): Illuminate\\Pipeline\\Pipeline->Illuminate\\Pipeline\\{closure}(Object(Illuminate\\Http\\Request))
#33 D:\\praktikum_laravel\\laravelPraktikum\\vendor\\laravel\\framework\\src\\Illuminate\\Pipeline\\Pipeline.php(208): Illuminate\\Cookie\\Middleware\\EncryptCookies->handle(Object(Illuminate\\Http\\Request), Object(Closure))
#34 D:\\praktikum_laravel\\laravelPraktikum\\vendor\\laravel\\framework\\src\\Illuminate\\Pipeline\\Pipeline.php(126): Illuminate\\Pipeline\\Pipeline->Illuminate\\Pipeline\\{closure}(Object(Illuminate\\Http\\Request))
#35 D:\\praktikum_laravel\\laravelPraktikum\\vendor\\laravel\\framework\\src\\Illuminate\\Routing\\Router.php(807): Illuminate\\Pipeline\\Pipeline->then(Object(Closure))
#36 D:\\praktikum_laravel\\laravelPraktikum\\vendor\\laravel\\framework\\src\\Illuminate\\Routing\\Router.php(786): Illuminate\\Routing\\Router->runRouteWithinStack(Object(Illuminate\\Routing\\Route), Object(Illuminate\\Http\\Request))
#37 D:\\praktikum_laravel\\laravelPraktikum\\vendor\\laravel\\framework\\src\\Illuminate\\Routing\\Router.php(750): Illuminate\\Routing\\Router->runRoute(Object(Illuminate\\Http\\Request), Object(Illuminate\\Routing\\Route))
#38 D:\\praktikum_laravel\\laravelPraktikum\\vendor\\laravel\\framework\\src\\Illuminate\\Routing\\Router.php(739): Illuminate\\Routing\\Router->dispatchToRoute(Object(Illuminate\\Http\\Request))
#39 D:\\praktikum_laravel\\laravelPraktikum\\vendor\\laravel\\framework\\src\\Illuminate\\Foundation\\Http\\Kernel.php(200): Illuminate\\Routing\\Router->dispatch(Object(Illuminate\\Http\\Request))
#40 D:\\praktikum_laravel\\laravelPraktikum\\vendor\\laravel\\framework\\src\\Illuminate\\Pipeline\\Pipeline.php(169): Illuminate\\Foundation\\Http\\Kernel->Illuminate\\Foundation\\Http\\{closure}(Object(Illuminate\\Http\\Request))
#41 D:\\praktikum_laravel\\laravelPraktikum\\vendor\\laravel\\framework\\src\\Illuminate\\Foundation\\Http\\Middleware\\TransformsRequest.php(21): Illuminate\\Pipeline\\Pipeline->Illuminate\\Pipeline\\{closure}(Object(Illuminate\\Http\\Request))
#42 D:\\praktikum_laravel\\laravelPraktikum\\vendor\\laravel\\framework\\src\\Illuminate\\Foundation\\Http\\Middleware\\ConvertEmptyStringsToNull.php(31): Illuminate\\Foundation\\Http\\Middleware\\TransformsRequest->handle(Object(Illuminate\\Http\\Request), Object(Closure))
#43 D:\\praktikum_laravel\\laravelPraktikum\\vendor\\laravel\\framework\\src\\Illuminate\\Pipeline\\Pipeline.php(208): Illuminate\\Foundation\\Http\\Middleware\\ConvertEmptyStringsToNull->handle(Object(Illuminate\\Http\\Request), Object(Closure))
#44 D:\\praktikum_laravel\\laravelPraktikum\\vendor\\laravel\\framework\\src\\Illuminate\\Foundation\\Http\\Middleware\\TransformsRequest.php(21): Illuminate\\Pipeline\\Pipeline->Illuminate\\Pipeline\\{closure}(Object(Illuminate\\Http\\Request))
#45 D:\\praktikum_laravel\\laravelPraktikum\\vendor\\laravel\\framework\\src\\Illuminate\\Foundation\\Http\\Middleware\\TrimStrings.php(51): Illuminate\\Foundation\\Http\\Middleware\\TransformsRequest->handle(Object(Illuminate\\Http\\Request), Object(Closure))
#46 D:\\praktikum_laravel\\laravelPraktikum\\vendor\\laravel\\framework\\src\\Illuminate\\Pipeline\\Pipeline.php(208): Illuminate\\Foundation\\Http\\Middleware\\TrimStrings->handle(Object(Illuminate\\Http\\Request), Object(Closure))
#47 D:\\praktikum_laravel\\laravelPraktikum\\vendor\\laravel\\framework\\src\\Illuminate\\Http\\Middleware\\ValidatePostSize.php(27): Illuminate\\Pipeline\\Pipeline->Illuminate\\Pipeline\\{closure}(Object(Illuminate\\Http\\Request))
#48 D:\\praktikum_laravel\\laravelPraktikum\\vendor\\laravel\\framework\\src\\Illuminate\\Pipeline\\Pipeline.php(208): Illuminate\\Http\\Middleware\\ValidatePostSize->handle(Object(Illuminate\\Http\\Request), Object(Closure))
#49 D:\\praktikum_laravel\\laravelPraktikum\\vendor\\laravel\\framework\\src\\Illuminate\\Foundation\\Http\\Middleware\\PreventRequestsDuringMaintenance.php(109): Illuminate\\Pipeline\\Pipeline->Illuminate\\Pipeline\\{closure}(Object(Illuminate\\Http\\Request))
#50 D:\\praktikum_laravel\\laravelPraktikum\\vendor\\laravel\\framework\\src\\Illuminate\\Pipeline\\Pipeline.php(208): Illuminate\\Foundation\\Http\\Middleware\\PreventRequestsDuringMaintenance->handle(Object(Illuminate\\Http\\Request), Object(Closure))
#51 D:\\praktikum_laravel\\laravelPraktikum\\vendor\\laravel\\framework\\src\\Illuminate\\Http\\Middleware\\HandleCors.php(48): Illuminate\\Pipeline\\Pipeline->Illuminate\\Pipeline\\{closure}(Object(Illuminate\\Http\\Request))
#52 D:\\praktikum_laravel\\laravelPraktikum\\vendor\\laravel\\framework\\src\\Illuminate\\Pipeline\\Pipeline.php(208): Illuminate\\Http\\Middleware\\HandleCors->handle(Object(Illuminate\\Http\\Request), Object(Closure))
#53 D:\\praktikum_laravel\\laravelPraktikum\\vendor\\laravel\\framework\\src\\Illuminate\\Http\\Middleware\\TrustProxies.php(58): Illuminate\\Pipeline\\Pipeline->Illuminate\\Pipeline\\{closure}(Object(Illuminate\\Http\\Request))
#54 D:\\praktikum_laravel\\laravelPraktikum\\vendor\\laravel\\framework\\src\\Illuminate\\Pipeline\\Pipeline.php(208): Illuminate\\Http\\Middleware\\TrustProxies->handle(Object(Illuminate\\Http\\Request), Object(Closure))
#55 D:\\praktikum_laravel\\laravelPraktikum\\vendor\\laravel\\framework\\src\\Illuminate\\Foundation\\Http\\Middleware\\InvokeDeferredCallbacks.php(22): Illuminate\\Pipeline\\Pipeline->Illuminate\\Pipeline\\{closure}(Object(Illuminate\\Http\\Request))
#56 D:\\praktikum_laravel\\laravelPraktikum\\vendor\\laravel\\framework\\src\\Illuminate\\Pipeline\\Pipeline.php(208): Illuminate\\Foundation\\Http\\Middleware\\InvokeDeferredCallbacks->handle(Object(Illuminate\\Http\\Request), Object(Closure))
#57 D:\\praktikum_laravel\\laravelPraktikum\\vendor\\laravel\\framework\\src\\Illuminate\\Http\\Middleware\\ValidatePathEncoding.php(26): Illuminate\\Pipeline\\Pipeline->Illuminate\\Pipeline\\{closure}(Object(Illuminate\\Http\\Request))
#58 D:\\praktikum_laravel\\laravelPraktikum\\vendor\\laravel\\framework\\src\\Illuminate\\Pipeline\\Pipeline.php(208): Illuminate\\Http\\Middleware\\ValidatePathEncoding->handle(Object(Illuminate\\Http\\Request), Object(Closure))
#59 D:\\praktikum_laravel\\laravelPraktikum\\vendor\\laravel\\framework\\src\\Illuminate\\Pipeline\\Pipeline.php(126): Illuminate\\Pipeline\\Pipeline->Illuminate\\Pipeline\\{closure}(Object(Illuminate\\Http\\Request))
#60 D:\\praktikum_laravel\\laravelPraktikum\\vendor\\laravel\\framework\\src\\Illuminate\\Foundation\\Http\\Kernel.php(175): Illuminate\\Pipeline\\Pipeline->then(Object(Closure))
#61 D:\\praktikum_laravel\\laravelPraktikum\\vendor\\laravel\\framework\\src\\Illuminate\\Foundation\\Http\\Kernel.php(144): Illuminate\\Foundation\\Http\\Kernel->sendRequestThroughRouter(Object(Illuminate\\Http\\Request))
#62 D:\\praktikum_laravel\\laravelPraktikum\\vendor\\laravel\\framework\\src\\Illuminate\\Foundation\\Application.php(1219): Illuminate\\Foundation\\Http\\Kernel->handle(Object(Illuminate\\Http\\Request))
#63 D:\\praktikum_laravel\\laravelPraktikum\\public\\index.php(20): Illuminate\\Foundation\\Application->handleRequest(Object(Illuminate\\Http\\Request))
#64 D:\\praktikum_laravel\\laravelPraktikum\\vendor\\laravel\\framework\\src\\Illuminate\\Foundation\\resources\\server.php(23): require_once('D:\\\\praktikum_la...')
#65 {main}
"} 
[2025-05-19 06:07:38] local.ERROR: SQLSTATE[HY000] [2002] No connection could be made because the target machine actively refused it (Connection: mysql, SQL: select * from `sessions` where `id` = ro8hRU8VDHnD9vWfFRBT8cXhTGioDACO4ZKEK6j0 limit 1) {"exception":"[object] (Illuminate\\Database\\QueryException(code: 2002): SQLSTATE[HY000] [2002] No connection could be made because the target machine actively refused it (Connection: mysql, SQL: select * from `sessions` where `id` = ro8hRU8VDHnD9vWfFRBT8cXhTGioDACO4ZKEK6j0 limit 1) at D:\\praktikum_laravel\\laravelPraktikum\\vendor\\laravel\\framework\\src\\Illuminate\\Database\\Connection.php:822)
[stacktrace]
#0 D:\\praktikum_laravel\\laravelPraktikum\\vendor\\laravel\\framework\\src\\Illuminate\\Database\\Connection.php(976): Illuminate\\Database\\Connection->runQueryCallback('select * from `...', Array, Object(Closure))
#1 D:\\praktikum_laravel\\laravelPraktikum\\vendor\\laravel\\framework\\src\\Illuminate\\Database\\Connection.php(955): Illuminate\\Database\\Connection->tryAgainIfCausedByLostConnection(Object(Illuminate\\Database\\QueryException), 'select * from `...', Array, Object(Closure))
#2 D:\\praktikum_laravel\\laravelPraktikum\\vendor\\laravel\\framework\\src\\Illuminate\\Database\\Connection.php(778): Illuminate\\Database\\Connection->handleQueryException(Object(Illuminate\\Database\\QueryException), 'select * from `...', Array, Object(Closure))
#3 D:\\praktikum_laravel\\laravelPraktikum\\vendor\\laravel\\framework\\src\\Illuminate\\Database\\Connection.php(395): Illuminate\\Database\\Connection->run('select * from `...', Array, Object(Closure))
#4 D:\\praktikum_laravel\\laravelPraktikum\\vendor\\laravel\\framework\\src\\Illuminate\\Database\\Query\\Builder.php(3120): Illuminate\\Database\\Connection->select('select * from `...', Array, false)
#5 D:\\praktikum_laravel\\laravelPraktikum\\vendor\\laravel\\framework\\src\\Illuminate\\Database\\Query\\Builder.php(3105): Illuminate\\Database\\Query\\Builder->runSelect()
#6 D:\\praktikum_laravel\\laravelPraktikum\\vendor\\laravel\\framework\\src\\Illuminate\\Database\\Query\\Builder.php(3695): Illuminate\\Database\\Query\\Builder->Illuminate\\Database\\Query\\{closure}()
#7 D:\\praktikum_laravel\\laravelPraktikum\\vendor\\laravel\\framework\\src\\Illuminate\\Database\\Query\\Builder.php(3104): Illuminate\\Database\\Query\\Builder->onceWithColumns(Array, Object(Closure))
#8 D:\\praktikum_laravel\\laravelPraktikum\\vendor\\laravel\\framework\\src\\Illuminate\\Database\\Concerns\\BuildsQueries.php(366): Illuminate\\Database\\Query\\Builder->get(Array)
#9 D:\\praktikum_laravel\\laravelPraktikum\\vendor\\laravel\\framework\\src\\Illuminate\\Database\\Query\\Builder.php(3027): Illuminate\\Database\\Query\\Builder->first(Array)
#10 D:\\praktikum_laravel\\laravelPraktikum\\vendor\\laravel\\framework\\src\\Illuminate\\Session\\DatabaseSessionHandler.php(96): Illuminate\\Database\\Query\\Builder->find('ro8hRU8VDHnD9vW...')
#11 D:\\praktikum_laravel\\laravelPraktikum\\vendor\\laravel\\framework\\src\\Illuminate\\Session\\Store.php(116): Illuminate\\Session\\DatabaseSessionHandler->read('ro8hRU8VDHnD9vW...')
#12 D:\\praktikum_laravel\\laravelPraktikum\\vendor\\laravel\\framework\\src\\Illuminate\\Session\\Store.php(104): Illuminate\\Session\\Store->readFromHandler()
#13 D:\\praktikum_laravel\\laravelPraktikum\\vendor\\laravel\\framework\\src\\Illuminate\\Session\\Store.php(88): Illuminate\\Session\\Store->loadSession()
#14 D:\\praktikum_laravel\\laravelPraktikum\\vendor\\laravel\\framework\\src\\Illuminate\\Session\\Middleware\\StartSession.php(146): Illuminate\\Session\\Store->start()
#15 D:\\praktikum_laravel\\laravelPraktikum\\vendor\\laravel\\framework\\src\\Illuminate\\Support\\helpers.php(399): Illuminate\\Session\\Middleware\\StartSession->Illuminate\\Session\\Middleware\\{closure}(Object(Illuminate\\Session\\Store))
#16 D:\\praktikum_laravel\\laravelPraktikum\\vendor\\laravel\\framework\\src\\Illuminate\\Session\\Middleware\\StartSession.php(143): tap(Object(Illuminate\\Session\\Store), Object(Closure))
#17 D:\\praktikum_laravel\\laravelPraktikum\\vendor\\laravel\\framework\\src\\Illuminate\\Session\\Middleware\\StartSession.php(115): Illuminate\\Session\\Middleware\\StartSession->startSession(Object(Illuminate\\Http\\Request), Object(Illuminate\\Session\\Store))
#18 D:\\praktikum_laravel\\laravelPraktikum\\vendor\\laravel\\framework\\src\\Illuminate\\Session\\Middleware\\StartSession.php(63): Illuminate\\Session\\Middleware\\StartSession->handleStatefulRequest(Object(Illuminate\\Http\\Request), Object(Illuminate\\Session\\Store), Object(Closure))
#19 D:\\praktikum_laravel\\laravelPraktikum\\vendor\\laravel\\framework\\src\\Illuminate\\Pipeline\\Pipeline.php(208): Illuminate\\Session\\Middleware\\StartSession->handle(Object(Illuminate\\Http\\Request), Object(Closure))
#20 D:\\praktikum_laravel\\laravelPraktikum\\vendor\\laravel\\framework\\src\\Illuminate\\Cookie\\Middleware\\AddQueuedCookiesToResponse.php(36): Illuminate\\Pipeline\\Pipeline->Illuminate\\Pipeline\\{closure}(Object(Illuminate\\Http\\Request))
#21 D:\\praktikum_laravel\\laravelPraktikum\\vendor\\laravel\\framework\\src\\Illuminate\\Pipeline\\Pipeline.php(208): Illuminate\\Cookie\\Middleware\\AddQueuedCookiesToResponse->handle(Object(Illuminate\\Http\\Request), Object(Closure))
#22 D:\\praktikum_laravel\\laravelPraktikum\\vendor\\laravel\\framework\\src\\Illuminate\\Cookie\\Middleware\\EncryptCookies.php(74): Illuminate\\Pipeline\\Pipeline->Illuminate\\Pipeline\\{closure}(Object(Illuminate\\Http\\Request))
#23 D:\\praktikum_laravel\\laravelPraktikum\\vendor\\laravel\\framework\\src\\Illuminate\\Pipeline\\Pipeline.php(208): Illuminate\\Cookie\\Middleware\\EncryptCookies->handle(Object(Illuminate\\Http\\Request), Object(Closure))
#24 D:\\praktikum_laravel\\laravelPraktikum\\vendor\\laravel\\framework\\src\\Illuminate\\Pipeline\\Pipeline.php(126): Illuminate\\Pipeline\\Pipeline->Illuminate\\Pipeline\\{closure}(Object(Illuminate\\Http\\Request))
#25 D:\\praktikum_laravel\\laravelPraktikum\\vendor\\laravel\\framework\\src\\Illuminate\\Routing\\Router.php(807): Illuminate\\Pipeline\\Pipeline->then(Object(Closure))
#26 D:\\praktikum_laravel\\laravelPraktikum\\vendor\\laravel\\framework\\src\\Illuminate\\Routing\\Router.php(786): Illuminate\\Routing\\Router->runRouteWithinStack(Object(Illuminate\\Routing\\Route), Object(Illuminate\\Http\\Request))
#27 D:\\praktikum_laravel\\laravelPraktikum\\vendor\\laravel\\framework\\src\\Illuminate\\Routing\\Router.php(750): Illuminate\\Routing\\Router->runRoute(Object(Illuminate\\Http\\Request), Object(Illuminate\\Routing\\Route))
#28 D:\\praktikum_laravel\\laravelPraktikum\\vendor\\laravel\\framework\\src\\Illuminate\\Routing\\Router.php(739): Illuminate\\Routing\\Router->dispatchToRoute(Object(Illuminate\\Http\\Request))
#29 D:\\praktikum_laravel\\laravelPraktikum\\vendor\\laravel\\framework\\src\\Illuminate\\Foundation\\Http\\Kernel.php(200): Illuminate\\Routing\\Router->dispatch(Object(Illuminate\\Http\\Request))
#30 D:\\praktikum_laravel\\laravelPraktikum\\vendor\\laravel\\framework\\src\\Illuminate\\Pipeline\\Pipeline.php(169): Illuminate\\Foundation\\Http\\Kernel->Illuminate\\Foundation\\Http\\{closure}(Object(Illuminate\\Http\\Request))
#31 D:\\praktikum_laravel\\laravelPraktikum\\vendor\\laravel\\framework\\src\\Illuminate\\Foundation\\Http\\Middleware\\TransformsRequest.php(21): Illuminate\\Pipeline\\Pipeline->Illuminate\\Pipeline\\{closure}(Object(Illuminate\\Http\\Request))
#32 D:\\praktikum_laravel\\laravelPraktikum\\vendor\\laravel\\framework\\src\\Illuminate\\Foundation\\Http\\Middleware\\ConvertEmptyStringsToNull.php(31): Illuminate\\Foundation\\Http\\Middleware\\TransformsRequest->handle(Object(Illuminate\\Http\\Request), Object(Closure))
#33 D:\\praktikum_laravel\\laravelPraktikum\\vendor\\laravel\\framework\\src\\Illuminate\\Pipeline\\Pipeline.php(208): Illuminate\\Foundation\\Http\\Middleware\\ConvertEmptyStringsToNull->handle(Object(Illuminate\\Http\\Request), Object(Closure))
#34 D:\\praktikum_laravel\\laravelPraktikum\\vendor\\laravel\\framework\\src\\Illuminate\\Foundation\\Http\\Middleware\\TransformsRequest.php(21): Illuminate\\Pipeline\\Pipeline->Illuminate\\Pipeline\\{closure}(Object(Illuminate\\Http\\Request))
#35 D:\\praktikum_laravel\\laravelPraktikum\\vendor\\laravel\\framework\\src\\Illuminate\\Foundation\\Http\\Middleware\\TrimStrings.php(51): Illuminate\\Foundation\\Http\\Middleware\\TransformsRequest->handle(Object(Illuminate\\Http\\Request), Object(Closure))
#36 D:\\praktikum_laravel\\laravelPraktikum\\vendor\\laravel\\framework\\src\\Illuminate\\Pipeline\\Pipeline.php(208): Illuminate\\Foundation\\Http\\Middleware\\TrimStrings->handle(Object(Illuminate\\Http\\Request), Object(Closure))
#37 D:\\praktikum_laravel\\laravelPraktikum\\vendor\\laravel\\framework\\src\\Illuminate\\Http\\Middleware\\ValidatePostSize.php(27): Illuminate\\Pipeline\\Pipeline->Illuminate\\Pipeline\\{closure}(Object(Illuminate\\Http\\Request))
#38 D:\\praktikum_laravel\\laravelPraktikum\\vendor\\laravel\\framework\\src\\Illuminate\\Pipeline\\Pipeline.php(208): Illuminate\\Http\\Middleware\\ValidatePostSize->handle(Object(Illuminate\\Http\\Request), Object(Closure))
#39 D:\\praktikum_laravel\\laravelPraktikum\\vendor\\laravel\\framework\\src\\Illuminate\\Foundation\\Http\\Middleware\\PreventRequestsDuringMaintenance.php(109): Illuminate\\Pipeline\\Pipeline->Illuminate\\Pipeline\\{closure}(Object(Illuminate\\Http\\Request))
#40 D:\\praktikum_laravel\\laravelPraktikum\\vendor\\laravel\\framework\\src\\Illuminate\\Pipeline\\Pipeline.php(208): Illuminate\\Foundation\\Http\\Middleware\\PreventRequestsDuringMaintenance->handle(Object(Illuminate\\Http\\Request), Object(Closure))
#41 D:\\praktikum_laravel\\laravelPraktikum\\vendor\\laravel\\framework\\src\\Illuminate\\Http\\Middleware\\HandleCors.php(48): Illuminate\\Pipeline\\Pipeline->Illuminate\\Pipeline\\{closure}(Object(Illuminate\\Http\\Request))
#42 D:\\praktikum_laravel\\laravelPraktikum\\vendor\\laravel\\framework\\src\\Illuminate\\Pipeline\\Pipeline.php(208): Illuminate\\Http\\Middleware\\HandleCors->handle(Object(Illuminate\\Http\\Request), Object(Closure))
#43 D:\\praktikum_laravel\\laravelPraktikum\\vendor\\laravel\\framework\\src\\Illuminate\\Http\\Middleware\\TrustProxies.php(58): Illuminate\\Pipeline\\Pipeline->Illuminate\\Pipeline\\{closure}(Object(Illuminate\\Http\\Request))
#44 D:\\praktikum_laravel\\laravelPraktikum\\vendor\\laravel\\framework\\src\\Illuminate\\Pipeline\\Pipeline.php(208): Illuminate\\Http\\Middleware\\TrustProxies->handle(Object(Illuminate\\Http\\Request), Object(Closure))
#45 D:\\praktikum_laravel\\laravelPraktikum\\vendor\\laravel\\framework\\src\\Illuminate\\Foundation\\Http\\Middleware\\InvokeDeferredCallbacks.php(22): Illuminate\\Pipeline\\Pipeline->Illuminate\\Pipeline\\{closure}(Object(Illuminate\\Http\\Request))
#46 D:\\praktikum_laravel\\laravelPraktikum\\vendor\\laravel\\framework\\src\\Illuminate\\Pipeline\\Pipeline.php(208): Illuminate\\Foundation\\Http\\Middleware\\InvokeDeferredCallbacks->handle(Object(Illuminate\\Http\\Request), Object(Closure))
#47 D:\\praktikum_laravel\\laravelPraktikum\\vendor\\laravel\\framework\\src\\Illuminate\\Http\\Middleware\\ValidatePathEncoding.php(26): Illuminate\\Pipeline\\Pipeline->Illuminate\\Pipeline\\{closure}(Object(Illuminate\\Http\\Request))
#48 D:\\praktikum_laravel\\laravelPraktikum\\vendor\\laravel\\framework\\src\\Illuminate\\Pipeline\\Pipeline.php(208): Illuminate\\Http\\Middleware\\ValidatePathEncoding->handle(Object(Illuminate\\Http\\Request), Object(Closure))
#49 D:\\praktikum_laravel\\laravelPraktikum\\vendor\\laravel\\framework\\src\\Illuminate\\Pipeline\\Pipeline.php(126): Illuminate\\Pipeline\\Pipeline->Illuminate\\Pipeline\\{closure}(Object(Illuminate\\Http\\Request))
#50 D:\\praktikum_laravel\\laravelPraktikum\\vendor\\laravel\\framework\\src\\Illuminate\\Foundation\\Http\\Kernel.php(175): Illuminate\\Pipeline\\Pipeline->then(Object(Closure))
#51 D:\\praktikum_laravel\\laravelPraktikum\\vendor\\laravel\\framework\\src\\Illuminate\\Foundation\\Http\\Kernel.php(144): Illuminate\\Foundation\\Http\\Kernel->sendRequestThroughRouter(Object(Illuminate\\Http\\Request))
#52 D:\\praktikum_laravel\\laravelPraktikum\\vendor\\laravel\\framework\\src\\Illuminate\\Foundation\\Application.php(1219): Illuminate\\Foundation\\Http\\Kernel->handle(Object(Illuminate\\Http\\Request))
#53 D:\\praktikum_laravel\\laravelPraktikum\\public\\index.php(20): Illuminate\\Foundation\\Application->handleRequest(Object(Illuminate\\Http\\Request))
#54 D:\\praktikum_laravel\\laravelPraktikum\\vendor\\laravel\\framework\\src\\Illuminate\\Foundation\\resources\\server.php(23): require_once('D:\\\\praktikum_la...')
#55 {main}

[previous exception] [object] (PDOException(code: 2002): SQLSTATE[HY000] [2002] No connection could be made because the target machine actively refused it at D:\\praktikum_laravel\\laravelPraktikum\\vendor\\laravel\\framework\\src\\Illuminate\\Database\\Connectors\\Connector.php:66)
[stacktrace]
#0 D:\\praktikum_laravel\\laravelPraktikum\\vendor\\laravel\\framework\\src\\Illuminate\\Database\\Connectors\\Connector.php(66): PDO->__construct('mysql:host=127....', 'root', Object(SensitiveParameterValue), Array)
#1 D:\\praktikum_laravel\\laravelPraktikum\\vendor\\laravel\\framework\\src\\Illuminate\\Database\\Connectors\\Connector.php(85): Illuminate\\Database\\Connectors\\Connector->createPdoConnection('mysql:host=127....', 'root', Object(SensitiveParameterValue), Array)
#2 D:\\praktikum_laravel\\laravelPraktikum\\vendor\\laravel\\framework\\src\\Illuminate\\Database\\Connectors\\Connector.php(48): Illuminate\\Database\\Connectors\\Connector->tryAgainIfCausedByLostConnection(Object(PDOException), 'mysql:host=127....', 'root', Object(SensitiveParameterValue), Array)
#3 D:\\praktikum_laravel\\laravelPraktikum\\vendor\\laravel\\framework\\src\\Illuminate\\Database\\Connectors\\MySqlConnector.php(24): Illuminate\\Database\\Connectors\\Connector->createConnection('mysql:host=127....', Array, Array)
#4 D:\\praktikum_laravel\\laravelPraktikum\\vendor\\laravel\\framework\\src\\Illuminate\\Database\\Connectors\\ConnectionFactory.php(184): Illuminate\\Database\\Connectors\\MySqlConnector->connect(Array)
#5 [internal function]: Illuminate\\Database\\Connectors\\ConnectionFactory->Illuminate\\Database\\Connectors\\{closure}()
#6 D:\\praktikum_laravel\\laravelPraktikum\\vendor\\laravel\\framework\\src\\Illuminate\\Database\\Connection.php(1228): call_user_func(Object(Closure))
#7 D:\\praktikum_laravel\\laravelPraktikum\\vendor\\laravel\\framework\\src\\Illuminate\\Database\\Connection.php(509): Illuminate\\Database\\Connection->getPdo()
#8 D:\\praktikum_laravel\\laravelPraktikum\\vendor\\laravel\\framework\\src\\Illuminate\\Database\\Connection.php(404): Illuminate\\Database\\Connection->getPdoForSelect(false)
#9 D:\\praktikum_laravel\\laravelPraktikum\\vendor\\laravel\\framework\\src\\Illuminate\\Database\\Connection.php(809): Illuminate\\Database\\Connection->Illuminate\\Database\\{closure}('select * from `...', Array)
#10 D:\\praktikum_laravel\\laravelPraktikum\\vendor\\laravel\\framework\\src\\Illuminate\\Database\\Connection.php(976): Illuminate\\Database\\Connection->runQueryCallback('select * from `...', Array, Object(Closure))
#11 D:\\praktikum_laravel\\laravelPraktikum\\vendor\\laravel\\framework\\src\\Illuminate\\Database\\Connection.php(955): Illuminate\\Database\\Connection->tryAgainIfCausedByLostConnection(Object(Illuminate\\Database\\QueryException), 'select * from `...', Array, Object(Closure))
#12 D:\\praktikum_laravel\\laravelPraktikum\\vendor\\laravel\\framework\\src\\Illuminate\\Database\\Connection.php(778): Illuminate\\Database\\Connection->handleQueryException(Object(Illuminate\\Database\\QueryException), 'select * from `...', Array, Object(Closure))
#13 D:\\praktikum_laravel\\laravelPraktikum\\vendor\\laravel\\framework\\src\\Illuminate\\Database\\Connection.php(395): Illuminate\\Database\\Connection->run('select * from `...', Array, Object(Closure))
#14 D:\\praktikum_laravel\\laravelPraktikum\\vendor\\laravel\\framework\\src\\Illuminate\\Database\\Query\\Builder.php(3120): Illuminate\\Database\\Connection->select('select * from `...', Array, false)
#15 D:\\praktikum_laravel\\laravelPraktikum\\vendor\\laravel\\framework\\src\\Illuminate\\Database\\Query\\Builder.php(3105): Illuminate\\Database\\Query\\Builder->runSelect()
#16 D:\\praktikum_laravel\\laravelPraktikum\\vendor\\laravel\\framework\\src\\Illuminate\\Database\\Query\\Builder.php(3695): Illuminate\\Database\\Query\\Builder->Illuminate\\Database\\Query\\{closure}()
#17 D:\\praktikum_laravel\\laravelPraktikum\\vendor\\laravel\\framework\\src\\Illuminate\\Database\\Query\\Builder.php(3104): Illuminate\\Database\\Query\\Builder->onceWithColumns(Array, Object(Closure))
#18 D:\\praktikum_laravel\\laravelPraktikum\\vendor\\laravel\\framework\\src\\Illuminate\\Database\\Concerns\\BuildsQueries.php(366): Illuminate\\Database\\Query\\Builder->get(Array)
#19 D:\\praktikum_laravel\\laravelPraktikum\\vendor\\laravel\\framework\\src\\Illuminate\\Database\\Query\\Builder.php(3027): Illuminate\\Database\\Query\\Builder->first(Array)
#20 D:\\praktikum_laravel\\laravelPraktikum\\vendor\\laravel\\framework\\src\\Illuminate\\Session\\DatabaseSessionHandler.php(96): Illuminate\\Database\\Query\\Builder->find('ro8hRU8VDHnD9vW...')
#21 D:\\praktikum_laravel\\laravelPraktikum\\vendor\\laravel\\framework\\src\\Illuminate\\Session\\Store.php(116): Illuminate\\Session\\DatabaseSessionHandler->read('ro8hRU8VDHnD9vW...')
#22 D:\\praktikum_laravel\\laravelPraktikum\\vendor\\laravel\\framework\\src\\Illuminate\\Session\\Store.php(104): Illuminate\\Session\\Store->readFromHandler()
#23 D:\\praktikum_laravel\\laravelPraktikum\\vendor\\laravel\\framework\\src\\Illuminate\\Session\\Store.php(88): Illuminate\\Session\\Store->loadSession()
#24 D:\\praktikum_laravel\\laravelPraktikum\\vendor\\laravel\\framework\\src\\Illuminate\\Session\\Middleware\\StartSession.php(146): Illuminate\\Session\\Store->start()
#25 D:\\praktikum_laravel\\laravelPraktikum\\vendor\\laravel\\framework\\src\\Illuminate\\Support\\helpers.php(399): Illuminate\\Session\\Middleware\\StartSession->Illuminate\\Session\\Middleware\\{closure}(Object(Illuminate\\Session\\Store))
#26 D:\\praktikum_laravel\\laravelPraktikum\\vendor\\laravel\\framework\\src\\Illuminate\\Session\\Middleware\\StartSession.php(143): tap(Object(Illuminate\\Session\\Store), Object(Closure))
#27 D:\\praktikum_laravel\\laravelPraktikum\\vendor\\laravel\\framework\\src\\Illuminate\\Session\\Middleware\\StartSession.php(115): Illuminate\\Session\\Middleware\\StartSession->startSession(Object(Illuminate\\Http\\Request), Object(Illuminate\\Session\\Store))
#28 D:\\praktikum_laravel\\laravelPraktikum\\vendor\\laravel\\framework\\src\\Illuminate\\Session\\Middleware\\StartSession.php(63): Illuminate\\Session\\Middleware\\StartSession->handleStatefulRequest(Object(Illuminate\\Http\\Request), Object(Illuminate\\Session\\Store), Object(Closure))
#29 D:\\praktikum_laravel\\laravelPraktikum\\vendor\\laravel\\framework\\src\\Illuminate\\Pipeline\\Pipeline.php(208): Illuminate\\Session\\Middleware\\StartSession->handle(Object(Illuminate\\Http\\Request), Object(Closure))
#30 D:\\praktikum_laravel\\laravelPraktikum\\vendor\\laravel\\framework\\src\\Illuminate\\Cookie\\Middleware\\AddQueuedCookiesToResponse.php(36): Illuminate\\Pipeline\\Pipeline->Illuminate\\Pipeline\\{closure}(Object(Illuminate\\Http\\Request))
#31 D:\\praktikum_laravel\\laravelPraktikum\\vendor\\laravel\\framework\\src\\Illuminate\\Pipeline\\Pipeline.php(208): Illuminate\\Cookie\\Middleware\\AddQueuedCookiesToResponse->handle(Object(Illuminate\\Http\\Request), Object(Closure))
#32 D:\\praktikum_laravel\\laravelPraktikum\\vendor\\laravel\\framework\\src\\Illuminate\\Cookie\\Middleware\\EncryptCookies.php(74): Illuminate\\Pipeline\\Pipeline->Illuminate\\Pipeline\\{closure}(Object(Illuminate\\Http\\Request))
#33 D:\\praktikum_laravel\\laravelPraktikum\\vendor\\laravel\\framework\\src\\Illuminate\\Pipeline\\Pipeline.php(208): Illuminate\\Cookie\\Middleware\\EncryptCookies->handle(Object(Illuminate\\Http\\Request), Object(Closure))
#34 D:\\praktikum_laravel\\laravelPraktikum\\vendor\\laravel\\framework\\src\\Illuminate\\Pipeline\\Pipeline.php(126): Illuminate\\Pipeline\\Pipeline->Illuminate\\Pipeline\\{closure}(Object(Illuminate\\Http\\Request))
#35 D:\\praktikum_laravel\\laravelPraktikum\\vendor\\laravel\\framework\\src\\Illuminate\\Routing\\Router.php(807): Illuminate\\Pipeline\\Pipeline->then(Object(Closure))
#36 D:\\praktikum_laravel\\laravelPraktikum\\vendor\\laravel\\framework\\src\\Illuminate\\Routing\\Router.php(786): Illuminate\\Routing\\Router->runRouteWithinStack(Object(Illuminate\\Routing\\Route), Object(Illuminate\\Http\\Request))
#37 D:\\praktikum_laravel\\laravelPraktikum\\vendor\\laravel\\framework\\src\\Illuminate\\Routing\\Router.php(750): Illuminate\\Routing\\Router->runRoute(Object(Illuminate\\Http\\Request), Object(Illuminate\\Routing\\Route))
#38 D:\\praktikum_laravel\\laravelPraktikum\\vendor\\laravel\\framework\\src\\Illuminate\\Routing\\Router.php(739): Illuminate\\Routing\\Router->dispatchToRoute(Object(Illuminate\\Http\\Request))
#39 D:\\praktikum_laravel\\laravelPraktikum\\vendor\\laravel\\framework\\src\\Illuminate\\Foundation\\Http\\Kernel.php(200): Illuminate\\Routing\\Router->dispatch(Object(Illuminate\\Http\\Request))
#40 D:\\praktikum_laravel\\laravelPraktikum\\vendor\\laravel\\framework\\src\\Illuminate\\Pipeline\\Pipeline.php(169): Illuminate\\Foundation\\Http\\Kernel->Illuminate\\Foundation\\Http\\{closure}(Object(Illuminate\\Http\\Request))
#41 D:\\praktikum_laravel\\laravelPraktikum\\vendor\\laravel\\framework\\src\\Illuminate\\Foundation\\Http\\Middleware\\TransformsRequest.php(21): Illuminate\\Pipeline\\Pipeline->Illuminate\\Pipeline\\{closure}(Object(Illuminate\\Http\\Request))
#42 D:\\praktikum_laravel\\laravelPraktikum\\vendor\\laravel\\framework\\src\\Illuminate\\Foundation\\Http\\Middleware\\ConvertEmptyStringsToNull.php(31): Illuminate\\Foundation\\Http\\Middleware\\TransformsRequest->handle(Object(Illuminate\\Http\\Request), Object(Closure))
#43 D:\\praktikum_laravel\\laravelPraktikum\\vendor\\laravel\\framework\\src\\Illuminate\\Pipeline\\Pipeline.php(208): Illuminate\\Foundation\\Http\\Middleware\\ConvertEmptyStringsToNull->handle(Object(Illuminate\\Http\\Request), Object(Closure))
#44 D:\\praktikum_laravel\\laravelPraktikum\\vendor\\laravel\\framework\\src\\Illuminate\\Foundation\\Http\\Middleware\\TransformsRequest.php(21): Illuminate\\Pipeline\\Pipeline->Illuminate\\Pipeline\\{closure}(Object(Illuminate\\Http\\Request))
#45 D:\\praktikum_laravel\\laravelPraktikum\\vendor\\laravel\\framework\\src\\Illuminate\\Foundation\\Http\\Middleware\\TrimStrings.php(51): Illuminate\\Foundation\\Http\\Middleware\\TransformsRequest->handle(Object(Illuminate\\Http\\Request), Object(Closure))
#46 D:\\praktikum_laravel\\laravelPraktikum\\vendor\\laravel\\framework\\src\\Illuminate\\Pipeline\\Pipeline.php(208): Illuminate\\Foundation\\Http\\Middleware\\TrimStrings->handle(Object(Illuminate\\Http\\Request), Object(Closure))
#47 D:\\praktikum_laravel\\laravelPraktikum\\vendor\\laravel\\framework\\src\\Illuminate\\Http\\Middleware\\ValidatePostSize.php(27): Illuminate\\Pipeline\\Pipeline->Illuminate\\Pipeline\\{closure}(Object(Illuminate\\Http\\Request))
#48 D:\\praktikum_laravel\\laravelPraktikum\\vendor\\laravel\\framework\\src\\Illuminate\\Pipeline\\Pipeline.php(208): Illuminate\\Http\\Middleware\\ValidatePostSize->handle(Object(Illuminate\\Http\\Request), Object(Closure))
#49 D:\\praktikum_laravel\\laravelPraktikum\\vendor\\laravel\\framework\\src\\Illuminate\\Foundation\\Http\\Middleware\\PreventRequestsDuringMaintenance.php(109): Illuminate\\Pipeline\\Pipeline->Illuminate\\Pipeline\\{closure}(Object(Illuminate\\Http\\Request))
#50 D:\\praktikum_laravel\\laravelPraktikum\\vendor\\laravel\\framework\\src\\Illuminate\\Pipeline\\Pipeline.php(208): Illuminate\\Foundation\\Http\\Middleware\\PreventRequestsDuringMaintenance->handle(Object(Illuminate\\Http\\Request), Object(Closure))
#51 D:\\praktikum_laravel\\laravelPraktikum\\vendor\\laravel\\framework\\src\\Illuminate\\Http\\Middleware\\HandleCors.php(48): Illuminate\\Pipeline\\Pipeline->Illuminate\\Pipeline\\{closure}(Object(Illuminate\\Http\\Request))
#52 D:\\praktikum_laravel\\laravelPraktikum\\vendor\\laravel\\framework\\src\\Illuminate\\Pipeline\\Pipeline.php(208): Illuminate\\Http\\Middleware\\HandleCors->handle(Object(Illuminate\\Http\\Request), Object(Closure))
#53 D:\\praktikum_laravel\\laravelPraktikum\\vendor\\laravel\\framework\\src\\Illuminate\\Http\\Middleware\\TrustProxies.php(58): Illuminate\\Pipeline\\Pipeline->Illuminate\\Pipeline\\{closure}(Object(Illuminate\\Http\\Request))
#54 D:\\praktikum_laravel\\laravelPraktikum\\vendor\\laravel\\framework\\src\\Illuminate\\Pipeline\\Pipeline.php(208): Illuminate\\Http\\Middleware\\TrustProxies->handle(Object(Illuminate\\Http\\Request), Object(Closure))
#55 D:\\praktikum_laravel\\laravelPraktikum\\vendor\\laravel\\framework\\src\\Illuminate\\Foundation\\Http\\Middleware\\InvokeDeferredCallbacks.php(22): Illuminate\\Pipeline\\Pipeline->Illuminate\\Pipeline\\{closure}(Object(Illuminate\\Http\\Request))
#56 D:\\praktikum_laravel\\laravelPraktikum\\vendor\\laravel\\framework\\src\\Illuminate\\Pipeline\\Pipeline.php(208): Illuminate\\Foundation\\Http\\Middleware\\InvokeDeferredCallbacks->handle(Object(Illuminate\\Http\\Request), Object(Closure))
#57 D:\\praktikum_laravel\\laravelPraktikum\\vendor\\laravel\\framework\\src\\Illuminate\\Http\\Middleware\\ValidatePathEncoding.php(26): Illuminate\\Pipeline\\Pipeline->Illuminate\\Pipeline\\{closure}(Object(Illuminate\\Http\\Request))
#58 D:\\praktikum_laravel\\laravelPraktikum\\vendor\\laravel\\framework\\src\\Illuminate\\Pipeline\\Pipeline.php(208): Illuminate\\Http\\Middleware\\ValidatePathEncoding->handle(Object(Illuminate\\Http\\Request), Object(Closure))
#59 D:\\praktikum_laravel\\laravelPraktikum\\vendor\\laravel\\framework\\src\\Illuminate\\Pipeline\\Pipeline.php(126): Illuminate\\Pipeline\\Pipeline->Illuminate\\Pipeline\\{closure}(Object(Illuminate\\Http\\Request))
#60 D:\\praktikum_laravel\\laravelPraktikum\\vendor\\laravel\\framework\\src\\Illuminate\\Foundation\\Http\\Kernel.php(175): Illuminate\\Pipeline\\Pipeline->then(Object(Closure))
#61 D:\\praktikum_laravel\\laravelPraktikum\\vendor\\laravel\\framework\\src\\Illuminate\\Foundation\\Http\\Kernel.php(144): Illuminate\\Foundation\\Http\\Kernel->sendRequestThroughRouter(Object(Illuminate\\Http\\Request))
#62 D:\\praktikum_laravel\\laravelPraktikum\\vendor\\laravel\\framework\\src\\Illuminate\\Foundation\\Application.php(1219): Illuminate\\Foundation\\Http\\Kernel->handle(Object(Illuminate\\Http\\Request))
#63 D:\\praktikum_laravel\\laravelPraktikum\\public\\index.php(20): Illuminate\\Foundation\\Application->handleRequest(Object(Illuminate\\Http\\Request))
#64 D:\\praktikum_laravel\\laravelPraktikum\\vendor\\laravel\\framework\\src\\Illuminate\\Foundation\\resources\\server.php(23): require_once('D:\\\\praktikum_la...')
#65 {main}
"} 
[2025-05-19 06:11:45] local.ERROR: SQLSTATE[HY000] [2002] No connection could be made because the target machine actively refused it (Connection: mysql, SQL: select * from `sessions` where `id` = gsNFZcwUuWpDd6EMtcuLAsI9XrezGZP1ikMtjJZN limit 1) {"exception":"[object] (Illuminate\\Database\\QueryException(code: 2002): SQLSTATE[HY000] [2002] No connection could be made because the target machine actively refused it (Connection: mysql, SQL: select * from `sessions` where `id` = gsNFZcwUuWpDd6EMtcuLAsI9XrezGZP1ikMtjJZN limit 1) at D:\\praktikum_laravel\\laravelPraktikum\\vendor\\laravel\\framework\\src\\Illuminate\\Database\\Connection.php:822)
[stacktrace]
#0 D:\\praktikum_laravel\\laravelPraktikum\\vendor\\laravel\\framework\\src\\Illuminate\\Database\\Connection.php(976): Illuminate\\Database\\Connection->runQueryCallback('select * from `...', Array, Object(Closure))
#1 D:\\praktikum_laravel\\laravelPraktikum\\vendor\\laravel\\framework\\src\\Illuminate\\Database\\Connection.php(955): Illuminate\\Database\\Connection->tryAgainIfCausedByLostConnection(Object(Illuminate\\Database\\QueryException), 'select * from `...', Array, Object(Closure))
#2 D:\\praktikum_laravel\\laravelPraktikum\\vendor\\laravel\\framework\\src\\Illuminate\\Database\\Connection.php(778): Illuminate\\Database\\Connection->handleQueryException(Object(Illuminate\\Database\\QueryException), 'select * from `...', Array, Object(Closure))
#3 D:\\praktikum_laravel\\laravelPraktikum\\vendor\\laravel\\framework\\src\\Illuminate\\Database\\Connection.php(395): Illuminate\\Database\\Connection->run('select * from `...', Array, Object(Closure))
#4 D:\\praktikum_laravel\\laravelPraktikum\\vendor\\laravel\\framework\\src\\Illuminate\\Database\\Query\\Builder.php(3120): Illuminate\\Database\\Connection->select('select * from `...', Array, false)
#5 D:\\praktikum_laravel\\laravelPraktikum\\vendor\\laravel\\framework\\src\\Illuminate\\Database\\Query\\Builder.php(3105): Illuminate\\Database\\Query\\Builder->runSelect()
#6 D:\\praktikum_laravel\\laravelPraktikum\\vendor\\laravel\\framework\\src\\Illuminate\\Database\\Query\\Builder.php(3695): Illuminate\\Database\\Query\\Builder->Illuminate\\Database\\Query\\{closure}()
#7 D:\\praktikum_laravel\\laravelPraktikum\\vendor\\laravel\\framework\\src\\Illuminate\\Database\\Query\\Builder.php(3104): Illuminate\\Database\\Query\\Builder->onceWithColumns(Array, Object(Closure))
#8 D:\\praktikum_laravel\\laravelPraktikum\\vendor\\laravel\\framework\\src\\Illuminate\\Database\\Concerns\\BuildsQueries.php(366): Illuminate\\Database\\Query\\Builder->get(Array)
#9 D:\\praktikum_laravel\\laravelPraktikum\\vendor\\laravel\\framework\\src\\Illuminate\\Database\\Query\\Builder.php(3027): Illuminate\\Database\\Query\\Builder->first(Array)
#10 D:\\praktikum_laravel\\laravelPraktikum\\vendor\\laravel\\framework\\src\\Illuminate\\Session\\DatabaseSessionHandler.php(96): Illuminate\\Database\\Query\\Builder->find('gsNFZcwUuWpDd6E...')
#11 D:\\praktikum_laravel\\laravelPraktikum\\vendor\\laravel\\framework\\src\\Illuminate\\Session\\Store.php(116): Illuminate\\Session\\DatabaseSessionHandler->read('gsNFZcwUuWpDd6E...')
#12 D:\\praktikum_laravel\\laravelPraktikum\\vendor\\laravel\\framework\\src\\Illuminate\\Session\\Store.php(104): Illuminate\\Session\\Store->readFromHandler()
#13 D:\\praktikum_laravel\\laravelPraktikum\\vendor\\laravel\\framework\\src\\Illuminate\\Session\\Store.php(88): Illuminate\\Session\\Store->loadSession()
#14 D:\\praktikum_laravel\\laravelPraktikum\\vendor\\laravel\\framework\\src\\Illuminate\\Session\\Middleware\\StartSession.php(146): Illuminate\\Session\\Store->start()
#15 D:\\praktikum_laravel\\laravelPraktikum\\vendor\\laravel\\framework\\src\\Illuminate\\Support\\helpers.php(399): Illuminate\\Session\\Middleware\\StartSession->Illuminate\\Session\\Middleware\\{closure}(Object(Illuminate\\Session\\Store))
#16 D:\\praktikum_laravel\\laravelPraktikum\\vendor\\laravel\\framework\\src\\Illuminate\\Session\\Middleware\\StartSession.php(143): tap(Object(Illuminate\\Session\\Store), Object(Closure))
#17 D:\\praktikum_laravel\\laravelPraktikum\\vendor\\laravel\\framework\\src\\Illuminate\\Session\\Middleware\\StartSession.php(115): Illuminate\\Session\\Middleware\\StartSession->startSession(Object(Illuminate\\Http\\Request), Object(Illuminate\\Session\\Store))
#18 D:\\praktikum_laravel\\laravelPraktikum\\vendor\\laravel\\framework\\src\\Illuminate\\Session\\Middleware\\StartSession.php(63): Illuminate\\Session\\Middleware\\StartSession->handleStatefulRequest(Object(Illuminate\\Http\\Request), Object(Illuminate\\Session\\Store), Object(Closure))
#19 D:\\praktikum_laravel\\laravelPraktikum\\vendor\\laravel\\framework\\src\\Illuminate\\Pipeline\\Pipeline.php(208): Illuminate\\Session\\Middleware\\StartSession->handle(Object(Illuminate\\Http\\Request), Object(Closure))
#20 D:\\praktikum_laravel\\laravelPraktikum\\vendor\\laravel\\framework\\src\\Illuminate\\Cookie\\Middleware\\AddQueuedCookiesToResponse.php(36): Illuminate\\Pipeline\\Pipeline->Illuminate\\Pipeline\\{closure}(Object(Illuminate\\Http\\Request))
#21 D:\\praktikum_laravel\\laravelPraktikum\\vendor\\laravel\\framework\\src\\Illuminate\\Pipeline\\Pipeline.php(208): Illuminate\\Cookie\\Middleware\\AddQueuedCookiesToResponse->handle(Object(Illuminate\\Http\\Request), Object(Closure))
#22 D:\\praktikum_laravel\\laravelPraktikum\\vendor\\laravel\\framework\\src\\Illuminate\\Cookie\\Middleware\\EncryptCookies.php(74): Illuminate\\Pipeline\\Pipeline->Illuminate\\Pipeline\\{closure}(Object(Illuminate\\Http\\Request))
#23 D:\\praktikum_laravel\\laravelPraktikum\\vendor\\laravel\\framework\\src\\Illuminate\\Pipeline\\Pipeline.php(208): Illuminate\\Cookie\\Middleware\\EncryptCookies->handle(Object(Illuminate\\Http\\Request), Object(Closure))
#24 D:\\praktikum_laravel\\laravelPraktikum\\vendor\\laravel\\framework\\src\\Illuminate\\Pipeline\\Pipeline.php(126): Illuminate\\Pipeline\\Pipeline->Illuminate\\Pipeline\\{closure}(Object(Illuminate\\Http\\Request))
#25 D:\\praktikum_laravel\\laravelPraktikum\\vendor\\laravel\\framework\\src\\Illuminate\\Routing\\Router.php(807): Illuminate\\Pipeline\\Pipeline->then(Object(Closure))
#26 D:\\praktikum_laravel\\laravelPraktikum\\vendor\\laravel\\framework\\src\\Illuminate\\Routing\\Router.php(786): Illuminate\\Routing\\Router->runRouteWithinStack(Object(Illuminate\\Routing\\Route), Object(Illuminate\\Http\\Request))
#27 D:\\praktikum_laravel\\laravelPraktikum\\vendor\\laravel\\framework\\src\\Illuminate\\Routing\\Router.php(750): Illuminate\\Routing\\Router->runRoute(Object(Illuminate\\Http\\Request), Object(Illuminate\\Routing\\Route))
#28 D:\\praktikum_laravel\\laravelPraktikum\\vendor\\laravel\\framework\\src\\Illuminate\\Routing\\Router.php(739): Illuminate\\Routing\\Router->dispatchToRoute(Object(Illuminate\\Http\\Request))
#29 D:\\praktikum_laravel\\laravelPraktikum\\vendor\\laravel\\framework\\src\\Illuminate\\Foundation\\Http\\Kernel.php(200): Illuminate\\Routing\\Router->dispatch(Object(Illuminate\\Http\\Request))
#30 D:\\praktikum_laravel\\laravelPraktikum\\vendor\\laravel\\framework\\src\\Illuminate\\Pipeline\\Pipeline.php(169): Illuminate\\Foundation\\Http\\Kernel->Illuminate\\Foundation\\Http\\{closure}(Object(Illuminate\\Http\\Request))
#31 D:\\praktikum_laravel\\laravelPraktikum\\vendor\\laravel\\framework\\src\\Illuminate\\Foundation\\Http\\Middleware\\TransformsRequest.php(21): Illuminate\\Pipeline\\Pipeline->Illuminate\\Pipeline\\{closure}(Object(Illuminate\\Http\\Request))
#32 D:\\praktikum_laravel\\laravelPraktikum\\vendor\\laravel\\framework\\src\\Illuminate\\Foundation\\Http\\Middleware\\ConvertEmptyStringsToNull.php(31): Illuminate\\Foundation\\Http\\Middleware\\TransformsRequest->handle(Object(Illuminate\\Http\\Request), Object(Closure))
#33 D:\\praktikum_laravel\\laravelPraktikum\\vendor\\laravel\\framework\\src\\Illuminate\\Pipeline\\Pipeline.php(208): Illuminate\\Foundation\\Http\\Middleware\\ConvertEmptyStringsToNull->handle(Object(Illuminate\\Http\\Request), Object(Closure))
#34 D:\\praktikum_laravel\\laravelPraktikum\\vendor\\laravel\\framework\\src\\Illuminate\\Foundation\\Http\\Middleware\\TransformsRequest.php(21): Illuminate\\Pipeline\\Pipeline->Illuminate\\Pipeline\\{closure}(Object(Illuminate\\Http\\Request))
#35 D:\\praktikum_laravel\\laravelPraktikum\\vendor\\laravel\\framework\\src\\Illuminate\\Foundation\\Http\\Middleware\\TrimStrings.php(51): Illuminate\\Foundation\\Http\\Middleware\\TransformsRequest->handle(Object(Illuminate\\Http\\Request), Object(Closure))
#36 D:\\praktikum_laravel\\laravelPraktikum\\vendor\\laravel\\framework\\src\\Illuminate\\Pipeline\\Pipeline.php(208): Illuminate\\Foundation\\Http\\Middleware\\TrimStrings->handle(Object(Illuminate\\Http\\Request), Object(Closure))
#37 D:\\praktikum_laravel\\laravelPraktikum\\vendor\\laravel\\framework\\src\\Illuminate\\Http\\Middleware\\ValidatePostSize.php(27): Illuminate\\Pipeline\\Pipeline->Illuminate\\Pipeline\\{closure}(Object(Illuminate\\Http\\Request))
#38 D:\\praktikum_laravel\\laravelPraktikum\\vendor\\laravel\\framework\\src\\Illuminate\\Pipeline\\Pipeline.php(208): Illuminate\\Http\\Middleware\\ValidatePostSize->handle(Object(Illuminate\\Http\\Request), Object(Closure))
#39 D:\\praktikum_laravel\\laravelPraktikum\\vendor\\laravel\\framework\\src\\Illuminate\\Foundation\\Http\\Middleware\\PreventRequestsDuringMaintenance.php(109): Illuminate\\Pipeline\\Pipeline->Illuminate\\Pipeline\\{closure}(Object(Illuminate\\Http\\Request))
#40 D:\\praktikum_laravel\\laravelPraktikum\\vendor\\laravel\\framework\\src\\Illuminate\\Pipeline\\Pipeline.php(208): Illuminate\\Foundation\\Http\\Middleware\\PreventRequestsDuringMaintenance->handle(Object(Illuminate\\Http\\Request), Object(Closure))
#41 D:\\praktikum_laravel\\laravelPraktikum\\vendor\\laravel\\framework\\src\\Illuminate\\Http\\Middleware\\HandleCors.php(48): Illuminate\\Pipeline\\Pipeline->Illuminate\\Pipeline\\{closure}(Object(Illuminate\\Http\\Request))
#42 D:\\praktikum_laravel\\laravelPraktikum\\vendor\\laravel\\framework\\src\\Illuminate\\Pipeline\\Pipeline.php(208): Illuminate\\Http\\Middleware\\HandleCors->handle(Object(Illuminate\\Http\\Request), Object(Closure))
#43 D:\\praktikum_laravel\\laravelPraktikum\\vendor\\laravel\\framework\\src\\Illuminate\\Http\\Middleware\\TrustProxies.php(58): Illuminate\\Pipeline\\Pipeline->Illuminate\\Pipeline\\{closure}(Object(Illuminate\\Http\\Request))
#44 D:\\praktikum_laravel\\laravelPraktikum\\vendor\\laravel\\framework\\src\\Illuminate\\Pipeline\\Pipeline.php(208): Illuminate\\Http\\Middleware\\TrustProxies->handle(Object(Illuminate\\Http\\Request), Object(Closure))
#45 D:\\praktikum_laravel\\laravelPraktikum\\vendor\\laravel\\framework\\src\\Illuminate\\Foundation\\Http\\Middleware\\InvokeDeferredCallbacks.php(22): Illuminate\\Pipeline\\Pipeline->Illuminate\\Pipeline\\{closure}(Object(Illuminate\\Http\\Request))
#46 D:\\praktikum_laravel\\laravelPraktikum\\vendor\\laravel\\framework\\src\\Illuminate\\Pipeline\\Pipeline.php(208): Illuminate\\Foundation\\Http\\Middleware\\InvokeDeferredCallbacks->handle(Object(Illuminate\\Http\\Request), Object(Closure))
#47 D:\\praktikum_laravel\\laravelPraktikum\\vendor\\laravel\\framework\\src\\Illuminate\\Http\\Middleware\\ValidatePathEncoding.php(26): Illuminate\\Pipeline\\Pipeline->Illuminate\\Pipeline\\{closure}(Object(Illuminate\\Http\\Request))
#48 D:\\praktikum_laravel\\laravelPraktikum\\vendor\\laravel\\framework\\src\\Illuminate\\Pipeline\\Pipeline.php(208): Illuminate\\Http\\Middleware\\ValidatePathEncoding->handle(Object(Illuminate\\Http\\Request), Object(Closure))
#49 D:\\praktikum_laravel\\laravelPraktikum\\vendor\\laravel\\framework\\src\\Illuminate\\Pipeline\\Pipeline.php(126): Illuminate\\Pipeline\\Pipeline->Illuminate\\Pipeline\\{closure}(Object(Illuminate\\Http\\Request))
#50 D:\\praktikum_laravel\\laravelPraktikum\\vendor\\laravel\\framework\\src\\Illuminate\\Foundation\\Http\\Kernel.php(175): Illuminate\\Pipeline\\Pipeline->then(Object(Closure))
#51 D:\\praktikum_laravel\\laravelPraktikum\\vendor\\laravel\\framework\\src\\Illuminate\\Foundation\\Http\\Kernel.php(144): Illuminate\\Foundation\\Http\\Kernel->sendRequestThroughRouter(Object(Illuminate\\Http\\Request))
#52 D:\\praktikum_laravel\\laravelPraktikum\\vendor\\laravel\\framework\\src\\Illuminate\\Foundation\\Application.php(1219): Illuminate\\Foundation\\Http\\Kernel->handle(Object(Illuminate\\Http\\Request))
#53 D:\\praktikum_laravel\\laravelPraktikum\\public\\index.php(20): Illuminate\\Foundation\\Application->handleRequest(Object(Illuminate\\Http\\Request))
#54 D:\\praktikum_laravel\\laravelPraktikum\\vendor\\laravel\\framework\\src\\Illuminate\\Foundation\\resources\\server.php(23): require_once('D:\\\\praktikum_la...')
#55 {main}

[previous exception] [object] (PDOException(code: 2002): SQLSTATE[HY000] [2002] No connection could be made because the target machine actively refused it at D:\\praktikum_laravel\\laravelPraktikum\\vendor\\laravel\\framework\\src\\Illuminate\\Database\\Connectors\\Connector.php:66)
[stacktrace]
#0 D:\\praktikum_laravel\\laravelPraktikum\\vendor\\laravel\\framework\\src\\Illuminate\\Database\\Connectors\\Connector.php(66): PDO->__construct('mysql:host=127....', 'root', Object(SensitiveParameterValue), Array)
#1 D:\\praktikum_laravel\\laravelPraktikum\\vendor\\laravel\\framework\\src\\Illuminate\\Database\\Connectors\\Connector.php(85): Illuminate\\Database\\Connectors\\Connector->createPdoConnection('mysql:host=127....', 'root', Object(SensitiveParameterValue), Array)
#2 D:\\praktikum_laravel\\laravelPraktikum\\vendor\\laravel\\framework\\src\\Illuminate\\Database\\Connectors\\Connector.php(48): Illuminate\\Database\\Connectors\\Connector->tryAgainIfCausedByLostConnection(Object(PDOException), 'mysql:host=127....', 'root', Object(SensitiveParameterValue), Array)
#3 D:\\praktikum_laravel\\laravelPraktikum\\vendor\\laravel\\framework\\src\\Illuminate\\Database\\Connectors\\MySqlConnector.php(24): Illuminate\\Database\\Connectors\\Connector->createConnection('mysql:host=127....', Array, Array)
#4 D:\\praktikum_laravel\\laravelPraktikum\\vendor\\laravel\\framework\\src\\Illuminate\\Database\\Connectors\\ConnectionFactory.php(184): Illuminate\\Database\\Connectors\\MySqlConnector->connect(Array)
#5 [internal function]: Illuminate\\Database\\Connectors\\ConnectionFactory->Illuminate\\Database\\Connectors\\{closure}()
#6 D:\\praktikum_laravel\\laravelPraktikum\\vendor\\laravel\\framework\\src\\Illuminate\\Database\\Connection.php(1228): call_user_func(Object(Closure))
#7 D:\\praktikum_laravel\\laravelPraktikum\\vendor\\laravel\\framework\\src\\Illuminate\\Database\\Connection.php(509): Illuminate\\Database\\Connection->getPdo()
#8 D:\\praktikum_laravel\\laravelPraktikum\\vendor\\laravel\\framework\\src\\Illuminate\\Database\\Connection.php(404): Illuminate\\Database\\Connection->getPdoForSelect(false)
#9 D:\\praktikum_laravel\\laravelPraktikum\\vendor\\laravel\\framework\\src\\Illuminate\\Database\\Connection.php(809): Illuminate\\Database\\Connection->Illuminate\\Database\\{closure}('select * from `...', Array)
#10 D:\\praktikum_laravel\\laravelPraktikum\\vendor\\laravel\\framework\\src\\Illuminate\\Database\\Connection.php(976): Illuminate\\Database\\Connection->runQueryCallback('select * from `...', Array, Object(Closure))
#11 D:\\praktikum_laravel\\laravelPraktikum\\vendor\\laravel\\framework\\src\\Illuminate\\Database\\Connection.php(955): Illuminate\\Database\\Connection->tryAgainIfCausedByLostConnection(Object(Illuminate\\Database\\QueryException), 'select * from `...', Array, Object(Closure))
#12 D:\\praktikum_laravel\\laravelPraktikum\\vendor\\laravel\\framework\\src\\Illuminate\\Database\\Connection.php(778): Illuminate\\Database\\Connection->handleQueryException(Object(Illuminate\\Database\\QueryException), 'select * from `...', Array, Object(Closure))
#13 D:\\praktikum_laravel\\laravelPraktikum\\vendor\\laravel\\framework\\src\\Illuminate\\Database\\Connection.php(395): Illuminate\\Database\\Connection->run('select * from `...', Array, Object(Closure))
#14 D:\\praktikum_laravel\\laravelPraktikum\\vendor\\laravel\\framework\\src\\Illuminate\\Database\\Query\\Builder.php(3120): Illuminate\\Database\\Connection->select('select * from `...', Array, false)
#15 D:\\praktikum_laravel\\laravelPraktikum\\vendor\\laravel\\framework\\src\\Illuminate\\Database\\Query\\Builder.php(3105): Illuminate\\Database\\Query\\Builder->runSelect()
#16 D:\\praktikum_laravel\\laravelPraktikum\\vendor\\laravel\\framework\\src\\Illuminate\\Database\\Query\\Builder.php(3695): Illuminate\\Database\\Query\\Builder->Illuminate\\Database\\Query\\{closure}()
#17 D:\\praktikum_laravel\\laravelPraktikum\\vendor\\laravel\\framework\\src\\Illuminate\\Database\\Query\\Builder.php(3104): Illuminate\\Database\\Query\\Builder->onceWithColumns(Array, Object(Closure))
#18 D:\\praktikum_laravel\\laravelPraktikum\\vendor\\laravel\\framework\\src\\Illuminate\\Database\\Concerns\\BuildsQueries.php(366): Illuminate\\Database\\Query\\Builder->get(Array)
#19 D:\\praktikum_laravel\\laravelPraktikum\\vendor\\laravel\\framework\\src\\Illuminate\\Database\\Query\\Builder.php(3027): Illuminate\\Database\\Query\\Builder->first(Array)
#20 D:\\praktikum_laravel\\laravelPraktikum\\vendor\\laravel\\framework\\src\\Illuminate\\Session\\DatabaseSessionHandler.php(96): Illuminate\\Database\\Query\\Builder->find('gsNFZcwUuWpDd6E...')
#21 D:\\praktikum_laravel\\laravelPraktikum\\vendor\\laravel\\framework\\src\\Illuminate\\Session\\Store.php(116): Illuminate\\Session\\DatabaseSessionHandler->read('gsNFZcwUuWpDd6E...')
#22 D:\\praktikum_laravel\\laravelPraktikum\\vendor\\laravel\\framework\\src\\Illuminate\\Session\\Store.php(104): Illuminate\\Session\\Store->readFromHandler()
#23 D:\\praktikum_laravel\\laravelPraktikum\\vendor\\laravel\\framework\\src\\Illuminate\\Session\\Store.php(88): Illuminate\\Session\\Store->loadSession()
#24 D:\\praktikum_laravel\\laravelPraktikum\\vendor\\laravel\\framework\\src\\Illuminate\\Session\\Middleware\\StartSession.php(146): Illuminate\\Session\\Store->start()
#25 D:\\praktikum_laravel\\laravelPraktikum\\vendor\\laravel\\framework\\src\\Illuminate\\Support\\helpers.php(399): Illuminate\\Session\\Middleware\\StartSession->Illuminate\\Session\\Middleware\\{closure}(Object(Illuminate\\Session\\Store))
#26 D:\\praktikum_laravel\\laravelPraktikum\\vendor\\laravel\\framework\\src\\Illuminate\\Session\\Middleware\\StartSession.php(143): tap(Object(Illuminate\\Session\\Store), Object(Closure))
#27 D:\\praktikum_laravel\\laravelPraktikum\\vendor\\laravel\\framework\\src\\Illuminate\\Session\\Middleware\\StartSession.php(115): Illuminate\\Session\\Middleware\\StartSession->startSession(Object(Illuminate\\Http\\Request), Object(Illuminate\\Session\\Store))
#28 D:\\praktikum_laravel\\laravelPraktikum\\vendor\\laravel\\framework\\src\\Illuminate\\Session\\Middleware\\StartSession.php(63): Illuminate\\Session\\Middleware\\StartSession->handleStatefulRequest(Object(Illuminate\\Http\\Request), Object(Illuminate\\Session\\Store), Object(Closure))
#29 D:\\praktikum_laravel\\laravelPraktikum\\vendor\\laravel\\framework\\src\\Illuminate\\Pipeline\\Pipeline.php(208): Illuminate\\Session\\Middleware\\StartSession->handle(Object(Illuminate\\Http\\Request), Object(Closure))
#30 D:\\praktikum_laravel\\laravelPraktikum\\vendor\\laravel\\framework\\src\\Illuminate\\Cookie\\Middleware\\AddQueuedCookiesToResponse.php(36): Illuminate\\Pipeline\\Pipeline->Illuminate\\Pipeline\\{closure}(Object(Illuminate\\Http\\Request))
#31 D:\\praktikum_laravel\\laravelPraktikum\\vendor\\laravel\\framework\\src\\Illuminate\\Pipeline\\Pipeline.php(208): Illuminate\\Cookie\\Middleware\\AddQueuedCookiesToResponse->handle(Object(Illuminate\\Http\\Request), Object(Closure))
#32 D:\\praktikum_laravel\\laravelPraktikum\\vendor\\laravel\\framework\\src\\Illuminate\\Cookie\\Middleware\\EncryptCookies.php(74): Illuminate\\Pipeline\\Pipeline->Illuminate\\Pipeline\\{closure}(Object(Illuminate\\Http\\Request))
#33 D:\\praktikum_laravel\\laravelPraktikum\\vendor\\laravel\\framework\\src\\Illuminate\\Pipeline\\Pipeline.php(208): Illuminate\\Cookie\\Middleware\\EncryptCookies->handle(Object(Illuminate\\Http\\Request), Object(Closure))
#34 D:\\praktikum_laravel\\laravelPraktikum\\vendor\\laravel\\framework\\src\\Illuminate\\Pipeline\\Pipeline.php(126): Illuminate\\Pipeline\\Pipeline->Illuminate\\Pipeline\\{closure}(Object(Illuminate\\Http\\Request))
#35 D:\\praktikum_laravel\\laravelPraktikum\\vendor\\laravel\\framework\\src\\Illuminate\\Routing\\Router.php(807): Illuminate\\Pipeline\\Pipeline->then(Object(Closure))
#36 D:\\praktikum_laravel\\laravelPraktikum\\vendor\\laravel\\framework\\src\\Illuminate\\Routing\\Router.php(786): Illuminate\\Routing\\Router->runRouteWithinStack(Object(Illuminate\\Routing\\Route), Object(Illuminate\\Http\\Request))
#37 D:\\praktikum_laravel\\laravelPraktikum\\vendor\\laravel\\framework\\src\\Illuminate\\Routing\\Router.php(750): Illuminate\\Routing\\Router->runRoute(Object(Illuminate\\Http\\Request), Object(Illuminate\\Routing\\Route))
#38 D:\\praktikum_laravel\\laravelPraktikum\\vendor\\laravel\\framework\\src\\Illuminate\\Routing\\Router.php(739): Illuminate\\Routing\\Router->dispatchToRoute(Object(Illuminate\\Http\\Request))
#39 D:\\praktikum_laravel\\laravelPraktikum\\vendor\\laravel\\framework\\src\\Illuminate\\Foundation\\Http\\Kernel.php(200): Illuminate\\Routing\\Router->dispatch(Object(Illuminate\\Http\\Request))
#40 D:\\praktikum_laravel\\laravelPraktikum\\vendor\\laravel\\framework\\src\\Illuminate\\Pipeline\\Pipeline.php(169): Illuminate\\Foundation\\Http\\Kernel->Illuminate\\Foundation\\Http\\{closure}(Object(Illuminate\\Http\\Request))
#41 D:\\praktikum_laravel\\laravelPraktikum\\vendor\\laravel\\framework\\src\\Illuminate\\Foundation\\Http\\Middleware\\TransformsRequest.php(21): Illuminate\\Pipeline\\Pipeline->Illuminate\\Pipeline\\{closure}(Object(Illuminate\\Http\\Request))
#42 D:\\praktikum_laravel\\laravelPraktikum\\vendor\\laravel\\framework\\src\\Illuminate\\Foundation\\Http\\Middleware\\ConvertEmptyStringsToNull.php(31): Illuminate\\Foundation\\Http\\Middleware\\TransformsRequest->handle(Object(Illuminate\\Http\\Request), Object(Closure))
#43 D:\\praktikum_laravel\\laravelPraktikum\\vendor\\laravel\\framework\\src\\Illuminate\\Pipeline\\Pipeline.php(208): Illuminate\\Foundation\\Http\\Middleware\\ConvertEmptyStringsToNull->handle(Object(Illuminate\\Http\\Request), Object(Closure))
#44 D:\\praktikum_laravel\\laravelPraktikum\\vendor\\laravel\\framework\\src\\Illuminate\\Foundation\\Http\\Middleware\\TransformsRequest.php(21): Illuminate\\Pipeline\\Pipeline->Illuminate\\Pipeline\\{closure}(Object(Illuminate\\Http\\Request))
#45 D:\\praktikum_laravel\\laravelPraktikum\\vendor\\laravel\\framework\\src\\Illuminate\\Foundation\\Http\\Middleware\\TrimStrings.php(51): Illuminate\\Foundation\\Http\\Middleware\\TransformsRequest->handle(Object(Illuminate\\Http\\Request), Object(Closure))
#46 D:\\praktikum_laravel\\laravelPraktikum\\vendor\\laravel\\framework\\src\\Illuminate\\Pipeline\\Pipeline.php(208): Illuminate\\Foundation\\Http\\Middleware\\TrimStrings->handle(Object(Illuminate\\Http\\Request), Object(Closure))
#47 D:\\praktikum_laravel\\laravelPraktikum\\vendor\\laravel\\framework\\src\\Illuminate\\Http\\Middleware\\ValidatePostSize.php(27): Illuminate\\Pipeline\\Pipeline->Illuminate\\Pipeline\\{closure}(Object(Illuminate\\Http\\Request))
#48 D:\\praktikum_laravel\\laravelPraktikum\\vendor\\laravel\\framework\\src\\Illuminate\\Pipeline\\Pipeline.php(208): Illuminate\\Http\\Middleware\\ValidatePostSize->handle(Object(Illuminate\\Http\\Request), Object(Closure))
#49 D:\\praktikum_laravel\\laravelPraktikum\\vendor\\laravel\\framework\\src\\Illuminate\\Foundation\\Http\\Middleware\\PreventRequestsDuringMaintenance.php(109): Illuminate\\Pipeline\\Pipeline->Illuminate\\Pipeline\\{closure}(Object(Illuminate\\Http\\Request))
#50 D:\\praktikum_laravel\\laravelPraktikum\\vendor\\laravel\\framework\\src\\Illuminate\\Pipeline\\Pipeline.php(208): Illuminate\\Foundation\\Http\\Middleware\\PreventRequestsDuringMaintenance->handle(Object(Illuminate\\Http\\Request), Object(Closure))
#51 D:\\praktikum_laravel\\laravelPraktikum\\vendor\\laravel\\framework\\src\\Illuminate\\Http\\Middleware\\HandleCors.php(48): Illuminate\\Pipeline\\Pipeline->Illuminate\\Pipeline\\{closure}(Object(Illuminate\\Http\\Request))
#52 D:\\praktikum_laravel\\laravelPraktikum\\vendor\\laravel\\framework\\src\\Illuminate\\Pipeline\\Pipeline.php(208): Illuminate\\Http\\Middleware\\HandleCors->handle(Object(Illuminate\\Http\\Request), Object(Closure))
#53 D:\\praktikum_laravel\\laravelPraktikum\\vendor\\laravel\\framework\\src\\Illuminate\\Http\\Middleware\\TrustProxies.php(58): Illuminate\\Pipeline\\Pipeline->Illuminate\\Pipeline\\{closure}(Object(Illuminate\\Http\\Request))
#54 D:\\praktikum_laravel\\laravelPraktikum\\vendor\\laravel\\framework\\src\\Illuminate\\Pipeline\\Pipeline.php(208): Illuminate\\Http\\Middleware\\TrustProxies->handle(Object(Illuminate\\Http\\Request), Object(Closure))
#55 D:\\praktikum_laravel\\laravelPraktikum\\vendor\\laravel\\framework\\src\\Illuminate\\Foundation\\Http\\Middleware\\InvokeDeferredCallbacks.php(22): Illuminate\\Pipeline\\Pipeline->Illuminate\\Pipeline\\{closure}(Object(Illuminate\\Http\\Request))
#56 D:\\praktikum_laravel\\laravelPraktikum\\vendor\\laravel\\framework\\src\\Illuminate\\Pipeline\\Pipeline.php(208): Illuminate\\Foundation\\Http\\Middleware\\InvokeDeferredCallbacks->handle(Object(Illuminate\\Http\\Request), Object(Closure))
#57 D:\\praktikum_laravel\\laravelPraktikum\\vendor\\laravel\\framework\\src\\Illuminate\\Http\\Middleware\\ValidatePathEncoding.php(26): Illuminate\\Pipeline\\Pipeline->Illuminate\\Pipeline\\{closure}(Object(Illuminate\\Http\\Request))
#58 D:\\praktikum_laravel\\laravelPraktikum\\vendor\\laravel\\framework\\src\\Illuminate\\Pipeline\\Pipeline.php(208): Illuminate\\Http\\Middleware\\ValidatePathEncoding->handle(Object(Illuminate\\Http\\Request), Object(Closure))
#59 D:\\praktikum_laravel\\laravelPraktikum\\vendor\\laravel\\framework\\src\\Illuminate\\Pipeline\\Pipeline.php(126): Illuminate\\Pipeline\\Pipeline->Illuminate\\Pipeline\\{closure}(Object(Illuminate\\Http\\Request))
#60 D:\\praktikum_laravel\\laravelPraktikum\\vendor\\laravel\\framework\\src\\Illuminate\\Foundation\\Http\\Kernel.php(175): Illuminate\\Pipeline\\Pipeline->then(Object(Closure))
#61 D:\\praktikum_laravel\\laravelPraktikum\\vendor\\laravel\\framework\\src\\Illuminate\\Foundation\\Http\\Kernel.php(144): Illuminate\\Foundation\\Http\\Kernel->sendRequestThroughRouter(Object(Illuminate\\Http\\Request))
#62 D:\\praktikum_laravel\\laravelPraktikum\\vendor\\laravel\\framework\\src\\Illuminate\\Foundation\\Application.php(1219): Illuminate\\Foundation\\Http\\Kernel->handle(Object(Illuminate\\Http\\Request))
#63 D:\\praktikum_laravel\\laravelPraktikum\\public\\index.php(20): Illuminate\\Foundation\\Application->handleRequest(Object(Illuminate\\Http\\Request))
#64 D:\\praktikum_laravel\\laravelPraktikum\\vendor\\laravel\\framework\\src\\Illuminate\\Foundation\\resources\\server.php(23): require_once('D:\\\\praktikum_la...')
#65 {main}
"} 
[2025-05-19 06:12:37] local.ERROR: SQLSTATE[HY000] [2002] No connection could be made because the target machine actively refused it (Connection: mysql, SQL: select * from `sessions` where `id` = n4UJmCu2tGvBihJiBVWopoRhR12KHkN0fbjvEh0c limit 1) {"exception":"[object] (Illuminate\\Database\\QueryException(code: 2002): SQLSTATE[HY000] [2002] No connection could be made because the target machine actively refused it (Connection: mysql, SQL: select * from `sessions` where `id` = n4UJmCu2tGvBihJiBVWopoRhR12KHkN0fbjvEh0c limit 1) at D:\\praktikum_laravel\\laravelPraktikum\\vendor\\laravel\\framework\\src\\Illuminate\\Database\\Connection.php:822)
[stacktrace]
#0 D:\\praktikum_laravel\\laravelPraktikum\\vendor\\laravel\\framework\\src\\Illuminate\\Database\\Connection.php(976): Illuminate\\Database\\Connection->runQueryCallback('select * from `...', Array, Object(Closure))
#1 D:\\praktikum_laravel\\laravelPraktikum\\vendor\\laravel\\framework\\src\\Illuminate\\Database\\Connection.php(955): Illuminate\\Database\\Connection->tryAgainIfCausedByLostConnection(Object(Illuminate\\Database\\QueryException), 'select * from `...', Array, Object(Closure))
#2 D:\\praktikum_laravel\\laravelPraktikum\\vendor\\laravel\\framework\\src\\Illuminate\\Database\\Connection.php(778): Illuminate\\Database\\Connection->handleQueryException(Object(Illuminate\\Database\\QueryException), 'select * from `...', Array, Object(Closure))
#3 D:\\praktikum_laravel\\laravelPraktikum\\vendor\\laravel\\framework\\src\\Illuminate\\Database\\Connection.php(395): Illuminate\\Database\\Connection->run('select * from `...', Array, Object(Closure))
#4 D:\\praktikum_laravel\\laravelPraktikum\\vendor\\laravel\\framework\\src\\Illuminate\\Database\\Query\\Builder.php(3120): Illuminate\\Database\\Connection->select('select * from `...', Array, false)
#5 D:\\praktikum_laravel\\laravelPraktikum\\vendor\\laravel\\framework\\src\\Illuminate\\Database\\Query\\Builder.php(3105): Illuminate\\Database\\Query\\Builder->runSelect()
#6 D:\\praktikum_laravel\\laravelPraktikum\\vendor\\laravel\\framework\\src\\Illuminate\\Database\\Query\\Builder.php(3695): Illuminate\\Database\\Query\\Builder->Illuminate\\Database\\Query\\{closure}()
#7 D:\\praktikum_laravel\\laravelPraktikum\\vendor\\laravel\\framework\\src\\Illuminate\\Database\\Query\\Builder.php(3104): Illuminate\\Database\\Query\\Builder->onceWithColumns(Array, Object(Closure))
#8 D:\\praktikum_laravel\\laravelPraktikum\\vendor\\laravel\\framework\\src\\Illuminate\\Database\\Concerns\\BuildsQueries.php(366): Illuminate\\Database\\Query\\Builder->get(Array)
#9 D:\\praktikum_laravel\\laravelPraktikum\\vendor\\laravel\\framework\\src\\Illuminate\\Database\\Query\\Builder.php(3027): Illuminate\\Database\\Query\\Builder->first(Array)
#10 D:\\praktikum_laravel\\laravelPraktikum\\vendor\\laravel\\framework\\src\\Illuminate\\Session\\DatabaseSessionHandler.php(96): Illuminate\\Database\\Query\\Builder->find('n4UJmCu2tGvBihJ...')
#11 D:\\praktikum_laravel\\laravelPraktikum\\vendor\\laravel\\framework\\src\\Illuminate\\Session\\Store.php(116): Illuminate\\Session\\DatabaseSessionHandler->read('n4UJmCu2tGvBihJ...')
#12 D:\\praktikum_laravel\\laravelPraktikum\\vendor\\laravel\\framework\\src\\Illuminate\\Session\\Store.php(104): Illuminate\\Session\\Store->readFromHandler()
#13 D:\\praktikum_laravel\\laravelPraktikum\\vendor\\laravel\\framework\\src\\Illuminate\\Session\\Store.php(88): Illuminate\\Session\\Store->loadSession()
#14 D:\\praktikum_laravel\\laravelPraktikum\\vendor\\laravel\\framework\\src\\Illuminate\\Session\\Middleware\\StartSession.php(146): Illuminate\\Session\\Store->start()
#15 D:\\praktikum_laravel\\laravelPraktikum\\vendor\\laravel\\framework\\src\\Illuminate\\Support\\helpers.php(399): Illuminate\\Session\\Middleware\\StartSession->Illuminate\\Session\\Middleware\\{closure}(Object(Illuminate\\Session\\Store))
#16 D:\\praktikum_laravel\\laravelPraktikum\\vendor\\laravel\\framework\\src\\Illuminate\\Session\\Middleware\\StartSession.php(143): tap(Object(Illuminate\\Session\\Store), Object(Closure))
#17 D:\\praktikum_laravel\\laravelPraktikum\\vendor\\laravel\\framework\\src\\Illuminate\\Session\\Middleware\\StartSession.php(115): Illuminate\\Session\\Middleware\\StartSession->startSession(Object(Illuminate\\Http\\Request), Object(Illuminate\\Session\\Store))
#18 D:\\praktikum_laravel\\laravelPraktikum\\vendor\\laravel\\framework\\src\\Illuminate\\Session\\Middleware\\StartSession.php(63): Illuminate\\Session\\Middleware\\StartSession->handleStatefulRequest(Object(Illuminate\\Http\\Request), Object(Illuminate\\Session\\Store), Object(Closure))
#19 D:\\praktikum_laravel\\laravelPraktikum\\vendor\\laravel\\framework\\src\\Illuminate\\Pipeline\\Pipeline.php(208): Illuminate\\Session\\Middleware\\StartSession->handle(Object(Illuminate\\Http\\Request), Object(Closure))
#20 D:\\praktikum_laravel\\laravelPraktikum\\vendor\\laravel\\framework\\src\\Illuminate\\Cookie\\Middleware\\AddQueuedCookiesToResponse.php(36): Illuminate\\Pipeline\\Pipeline->Illuminate\\Pipeline\\{closure}(Object(Illuminate\\Http\\Request))
#21 D:\\praktikum_laravel\\laravelPraktikum\\vendor\\laravel\\framework\\src\\Illuminate\\Pipeline\\Pipeline.php(208): Illuminate\\Cookie\\Middleware\\AddQueuedCookiesToResponse->handle(Object(Illuminate\\Http\\Request), Object(Closure))
#22 D:\\praktikum_laravel\\laravelPraktikum\\vendor\\laravel\\framework\\src\\Illuminate\\Cookie\\Middleware\\EncryptCookies.php(74): Illuminate\\Pipeline\\Pipeline->Illuminate\\Pipeline\\{closure}(Object(Illuminate\\Http\\Request))
#23 D:\\praktikum_laravel\\laravelPraktikum\\vendor\\laravel\\framework\\src\\Illuminate\\Pipeline\\Pipeline.php(208): Illuminate\\Cookie\\Middleware\\EncryptCookies->handle(Object(Illuminate\\Http\\Request), Object(Closure))
#24 D:\\praktikum_laravel\\laravelPraktikum\\vendor\\laravel\\framework\\src\\Illuminate\\Pipeline\\Pipeline.php(126): Illuminate\\Pipeline\\Pipeline->Illuminate\\Pipeline\\{closure}(Object(Illuminate\\Http\\Request))
#25 D:\\praktikum_laravel\\laravelPraktikum\\vendor\\laravel\\framework\\src\\Illuminate\\Routing\\Router.php(807): Illuminate\\Pipeline\\Pipeline->then(Object(Closure))
#26 D:\\praktikum_laravel\\laravelPraktikum\\vendor\\laravel\\framework\\src\\Illuminate\\Routing\\Router.php(786): Illuminate\\Routing\\Router->runRouteWithinStack(Object(Illuminate\\Routing\\Route), Object(Illuminate\\Http\\Request))
#27 D:\\praktikum_laravel\\laravelPraktikum\\vendor\\laravel\\framework\\src\\Illuminate\\Routing\\Router.php(750): Illuminate\\Routing\\Router->runRoute(Object(Illuminate\\Http\\Request), Object(Illuminate\\Routing\\Route))
#28 D:\\praktikum_laravel\\laravelPraktikum\\vendor\\laravel\\framework\\src\\Illuminate\\Routing\\Router.php(739): Illuminate\\Routing\\Router->dispatchToRoute(Object(Illuminate\\Http\\Request))
#29 D:\\praktikum_laravel\\laravelPraktikum\\vendor\\laravel\\framework\\src\\Illuminate\\Foundation\\Http\\Kernel.php(200): Illuminate\\Routing\\Router->dispatch(Object(Illuminate\\Http\\Request))
#30 D:\\praktikum_laravel\\laravelPraktikum\\vendor\\laravel\\framework\\src\\Illuminate\\Pipeline\\Pipeline.php(169): Illuminate\\Foundation\\Http\\Kernel->Illuminate\\Foundation\\Http\\{closure}(Object(Illuminate\\Http\\Request))
#31 D:\\praktikum_laravel\\laravelPraktikum\\vendor\\laravel\\framework\\src\\Illuminate\\Foundation\\Http\\Middleware\\TransformsRequest.php(21): Illuminate\\Pipeline\\Pipeline->Illuminate\\Pipeline\\{closure}(Object(Illuminate\\Http\\Request))
#32 D:\\praktikum_laravel\\laravelPraktikum\\vendor\\laravel\\framework\\src\\Illuminate\\Foundation\\Http\\Middleware\\ConvertEmptyStringsToNull.php(31): Illuminate\\Foundation\\Http\\Middleware\\TransformsRequest->handle(Object(Illuminate\\Http\\Request), Object(Closure))
#33 D:\\praktikum_laravel\\laravelPraktikum\\vendor\\laravel\\framework\\src\\Illuminate\\Pipeline\\Pipeline.php(208): Illuminate\\Foundation\\Http\\Middleware\\ConvertEmptyStringsToNull->handle(Object(Illuminate\\Http\\Request), Object(Closure))
#34 D:\\praktikum_laravel\\laravelPraktikum\\vendor\\laravel\\framework\\src\\Illuminate\\Foundation\\Http\\Middleware\\TransformsRequest.php(21): Illuminate\\Pipeline\\Pipeline->Illuminate\\Pipeline\\{closure}(Object(Illuminate\\Http\\Request))
#35 D:\\praktikum_laravel\\laravelPraktikum\\vendor\\laravel\\framework\\src\\Illuminate\\Foundation\\Http\\Middleware\\TrimStrings.php(51): Illuminate\\Foundation\\Http\\Middleware\\TransformsRequest->handle(Object(Illuminate\\Http\\Request), Object(Closure))
#36 D:\\praktikum_laravel\\laravelPraktikum\\vendor\\laravel\\framework\\src\\Illuminate\\Pipeline\\Pipeline.php(208): Illuminate\\Foundation\\Http\\Middleware\\TrimStrings->handle(Object(Illuminate\\Http\\Request), Object(Closure))
#37 D:\\praktikum_laravel\\laravelPraktikum\\vendor\\laravel\\framework\\src\\Illuminate\\Http\\Middleware\\ValidatePostSize.php(27): Illuminate\\Pipeline\\Pipeline->Illuminate\\Pipeline\\{closure}(Object(Illuminate\\Http\\Request))
#38 D:\\praktikum_laravel\\laravelPraktikum\\vendor\\laravel\\framework\\src\\Illuminate\\Pipeline\\Pipeline.php(208): Illuminate\\Http\\Middleware\\ValidatePostSize->handle(Object(Illuminate\\Http\\Request), Object(Closure))
#39 D:\\praktikum_laravel\\laravelPraktikum\\vendor\\laravel\\framework\\src\\Illuminate\\Foundation\\Http\\Middleware\\PreventRequestsDuringMaintenance.php(109): Illuminate\\Pipeline\\Pipeline->Illuminate\\Pipeline\\{closure}(Object(Illuminate\\Http\\Request))
#40 D:\\praktikum_laravel\\laravelPraktikum\\vendor\\laravel\\framework\\src\\Illuminate\\Pipeline\\Pipeline.php(208): Illuminate\\Foundation\\Http\\Middleware\\PreventRequestsDuringMaintenance->handle(Object(Illuminate\\Http\\Request), Object(Closure))
#41 D:\\praktikum_laravel\\laravelPraktikum\\vendor\\laravel\\framework\\src\\Illuminate\\Http\\Middleware\\HandleCors.php(48): Illuminate\\Pipeline\\Pipeline->Illuminate\\Pipeline\\{closure}(Object(Illuminate\\Http\\Request))
#42 D:\\praktikum_laravel\\laravelPraktikum\\vendor\\laravel\\framework\\src\\Illuminate\\Pipeline\\Pipeline.php(208): Illuminate\\Http\\Middleware\\HandleCors->handle(Object(Illuminate\\Http\\Request), Object(Closure))
#43 D:\\praktikum_laravel\\laravelPraktikum\\vendor\\laravel\\framework\\src\\Illuminate\\Http\\Middleware\\TrustProxies.php(58): Illuminate\\Pipeline\\Pipeline->Illuminate\\Pipeline\\{closure}(Object(Illuminate\\Http\\Request))
#44 D:\\praktikum_laravel\\laravelPraktikum\\vendor\\laravel\\framework\\src\\Illuminate\\Pipeline\\Pipeline.php(208): Illuminate\\Http\\Middleware\\TrustProxies->handle(Object(Illuminate\\Http\\Request), Object(Closure))
#45 D:\\praktikum_laravel\\laravelPraktikum\\vendor\\laravel\\framework\\src\\Illuminate\\Foundation\\Http\\Middleware\\InvokeDeferredCallbacks.php(22): Illuminate\\Pipeline\\Pipeline->Illuminate\\Pipeline\\{closure}(Object(Illuminate\\Http\\Request))
#46 D:\\praktikum_laravel\\laravelPraktikum\\vendor\\laravel\\framework\\src\\Illuminate\\Pipeline\\Pipeline.php(208): Illuminate\\Foundation\\Http\\Middleware\\InvokeDeferredCallbacks->handle(Object(Illuminate\\Http\\Request), Object(Closure))
#47 D:\\praktikum_laravel\\laravelPraktikum\\vendor\\laravel\\framework\\src\\Illuminate\\Http\\Middleware\\ValidatePathEncoding.php(26): Illuminate\\Pipeline\\Pipeline->Illuminate\\Pipeline\\{closure}(Object(Illuminate\\Http\\Request))
#48 D:\\praktikum_laravel\\laravelPraktikum\\vendor\\laravel\\framework\\src\\Illuminate\\Pipeline\\Pipeline.php(208): Illuminate\\Http\\Middleware\\ValidatePathEncoding->handle(Object(Illuminate\\Http\\Request), Object(Closure))
#49 D:\\praktikum_laravel\\laravelPraktikum\\vendor\\laravel\\framework\\src\\Illuminate\\Pipeline\\Pipeline.php(126): Illuminate\\Pipeline\\Pipeline->Illuminate\\Pipeline\\{closure}(Object(Illuminate\\Http\\Request))
#50 D:\\praktikum_laravel\\laravelPraktikum\\vendor\\laravel\\framework\\src\\Illuminate\\Foundation\\Http\\Kernel.php(175): Illuminate\\Pipeline\\Pipeline->then(Object(Closure))
#51 D:\\praktikum_laravel\\laravelPraktikum\\vendor\\laravel\\framework\\src\\Illuminate\\Foundation\\Http\\Kernel.php(144): Illuminate\\Foundation\\Http\\Kernel->sendRequestThroughRouter(Object(Illuminate\\Http\\Request))
#52 D:\\praktikum_laravel\\laravelPraktikum\\vendor\\laravel\\framework\\src\\Illuminate\\Foundation\\Application.php(1219): Illuminate\\Foundation\\Http\\Kernel->handle(Object(Illuminate\\Http\\Request))
#53 D:\\praktikum_laravel\\laravelPraktikum\\public\\index.php(20): Illuminate\\Foundation\\Application->handleRequest(Object(Illuminate\\Http\\Request))
#54 D:\\praktikum_laravel\\laravelPraktikum\\vendor\\laravel\\framework\\src\\Illuminate\\Foundation\\resources\\server.php(23): require_once('D:\\\\praktikum_la...')
#55 {main}

[previous exception] [object] (PDOException(code: 2002): SQLSTATE[HY000] [2002] No connection could be made because the target machine actively refused it at D:\\praktikum_laravel\\laravelPraktikum\\vendor\\laravel\\framework\\src\\Illuminate\\Database\\Connectors\\Connector.php:66)
[stacktrace]
#0 D:\\praktikum_laravel\\laravelPraktikum\\vendor\\laravel\\framework\\src\\Illuminate\\Database\\Connectors\\Connector.php(66): PDO->__construct('mysql:host=127....', 'root', Object(SensitiveParameterValue), Array)
#1 D:\\praktikum_laravel\\laravelPraktikum\\vendor\\laravel\\framework\\src\\Illuminate\\Database\\Connectors\\Connector.php(85): Illuminate\\Database\\Connectors\\Connector->createPdoConnection('mysql:host=127....', 'root', Object(SensitiveParameterValue), Array)
#2 D:\\praktikum_laravel\\laravelPraktikum\\vendor\\laravel\\framework\\src\\Illuminate\\Database\\Connectors\\Connector.php(48): Illuminate\\Database\\Connectors\\Connector->tryAgainIfCausedByLostConnection(Object(PDOException), 'mysql:host=127....', 'root', Object(SensitiveParameterValue), Array)
#3 D:\\praktikum_laravel\\laravelPraktikum\\vendor\\laravel\\framework\\src\\Illuminate\\Database\\Connectors\\MySqlConnector.php(24): Illuminate\\Database\\Connectors\\Connector->createConnection('mysql:host=127....', Array, Array)
#4 D:\\praktikum_laravel\\laravelPraktikum\\vendor\\laravel\\framework\\src\\Illuminate\\Database\\Connectors\\ConnectionFactory.php(184): Illuminate\\Database\\Connectors\\MySqlConnector->connect(Array)
#5 [internal function]: Illuminate\\Database\\Connectors\\ConnectionFactory->Illuminate\\Database\\Connectors\\{closure}()
#6 D:\\praktikum_laravel\\laravelPraktikum\\vendor\\laravel\\framework\\src\\Illuminate\\Database\\Connection.php(1228): call_user_func(Object(Closure))
#7 D:\\praktikum_laravel\\laravelPraktikum\\vendor\\laravel\\framework\\src\\Illuminate\\Database\\Connection.php(509): Illuminate\\Database\\Connection->getPdo()
#8 D:\\praktikum_laravel\\laravelPraktikum\\vendor\\laravel\\framework\\src\\Illuminate\\Database\\Connection.php(404): Illuminate\\Database\\Connection->getPdoForSelect(false)
#9 D:\\praktikum_laravel\\laravelPraktikum\\vendor\\laravel\\framework\\src\\Illuminate\\Database\\Connection.php(809): Illuminate\\Database\\Connection->Illuminate\\Database\\{closure}('select * from `...', Array)
#10 D:\\praktikum_laravel\\laravelPraktikum\\vendor\\laravel\\framework\\src\\Illuminate\\Database\\Connection.php(976): Illuminate\\Database\\Connection->runQueryCallback('select * from `...', Array, Object(Closure))
#11 D:\\praktikum_laravel\\laravelPraktikum\\vendor\\laravel\\framework\\src\\Illuminate\\Database\\Connection.php(955): Illuminate\\Database\\Connection->tryAgainIfCausedByLostConnection(Object(Illuminate\\Database\\QueryException), 'select * from `...', Array, Object(Closure))
#12 D:\\praktikum_laravel\\laravelPraktikum\\vendor\\laravel\\framework\\src\\Illuminate\\Database\\Connection.php(778): Illuminate\\Database\\Connection->handleQueryException(Object(Illuminate\\Database\\QueryException), 'select * from `...', Array, Object(Closure))
#13 D:\\praktikum_laravel\\laravelPraktikum\\vendor\\laravel\\framework\\src\\Illuminate\\Database\\Connection.php(395): Illuminate\\Database\\Connection->run('select * from `...', Array, Object(Closure))
#14 D:\\praktikum_laravel\\laravelPraktikum\\vendor\\laravel\\framework\\src\\Illuminate\\Database\\Query\\Builder.php(3120): Illuminate\\Database\\Connection->select('select * from `...', Array, false)
#15 D:\\praktikum_laravel\\laravelPraktikum\\vendor\\laravel\\framework\\src\\Illuminate\\Database\\Query\\Builder.php(3105): Illuminate\\Database\\Query\\Builder->runSelect()
#16 D:\\praktikum_laravel\\laravelPraktikum\\vendor\\laravel\\framework\\src\\Illuminate\\Database\\Query\\Builder.php(3695): Illuminate\\Database\\Query\\Builder->Illuminate\\Database\\Query\\{closure}()
#17 D:\\praktikum_laravel\\laravelPraktikum\\vendor\\laravel\\framework\\src\\Illuminate\\Database\\Query\\Builder.php(3104): Illuminate\\Database\\Query\\Builder->onceWithColumns(Array, Object(Closure))
#18 D:\\praktikum_laravel\\laravelPraktikum\\vendor\\laravel\\framework\\src\\Illuminate\\Database\\Concerns\\BuildsQueries.php(366): Illuminate\\Database\\Query\\Builder->get(Array)
#19 D:\\praktikum_laravel\\laravelPraktikum\\vendor\\laravel\\framework\\src\\Illuminate\\Database\\Query\\Builder.php(3027): Illuminate\\Database\\Query\\Builder->first(Array)
#20 D:\\praktikum_laravel\\laravelPraktikum\\vendor\\laravel\\framework\\src\\Illuminate\\Session\\DatabaseSessionHandler.php(96): Illuminate\\Database\\Query\\Builder->find('n4UJmCu2tGvBihJ...')
#21 D:\\praktikum_laravel\\laravelPraktikum\\vendor\\laravel\\framework\\src\\Illuminate\\Session\\Store.php(116): Illuminate\\Session\\DatabaseSessionHandler->read('n4UJmCu2tGvBihJ...')
#22 D:\\praktikum_laravel\\laravelPraktikum\\vendor\\laravel\\framework\\src\\Illuminate\\Session\\Store.php(104): Illuminate\\Session\\Store->readFromHandler()
#23 D:\\praktikum_laravel\\laravelPraktikum\\vendor\\laravel\\framework\\src\\Illuminate\\Session\\Store.php(88): Illuminate\\Session\\Store->loadSession()
#24 D:\\praktikum_laravel\\laravelPraktikum\\vendor\\laravel\\framework\\src\\Illuminate\\Session\\Middleware\\StartSession.php(146): Illuminate\\Session\\Store->start()
#25 D:\\praktikum_laravel\\laravelPraktikum\\vendor\\laravel\\framework\\src\\Illuminate\\Support\\helpers.php(399): Illuminate\\Session\\Middleware\\StartSession->Illuminate\\Session\\Middleware\\{closure}(Object(Illuminate\\Session\\Store))
#26 D:\\praktikum_laravel\\laravelPraktikum\\vendor\\laravel\\framework\\src\\Illuminate\\Session\\Middleware\\StartSession.php(143): tap(Object(Illuminate\\Session\\Store), Object(Closure))
#27 D:\\praktikum_laravel\\laravelPraktikum\\vendor\\laravel\\framework\\src\\Illuminate\\Session\\Middleware\\StartSession.php(115): Illuminate\\Session\\Middleware\\StartSession->startSession(Object(Illuminate\\Http\\Request), Object(Illuminate\\Session\\Store))
#28 D:\\praktikum_laravel\\laravelPraktikum\\vendor\\laravel\\framework\\src\\Illuminate\\Session\\Middleware\\StartSession.php(63): Illuminate\\Session\\Middleware\\StartSession->handleStatefulRequest(Object(Illuminate\\Http\\Request), Object(Illuminate\\Session\\Store), Object(Closure))
#29 D:\\praktikum_laravel\\laravelPraktikum\\vendor\\laravel\\framework\\src\\Illuminate\\Pipeline\\Pipeline.php(208): Illuminate\\Session\\Middleware\\StartSession->handle(Object(Illuminate\\Http\\Request), Object(Closure))
#30 D:\\praktikum_laravel\\laravelPraktikum\\vendor\\laravel\\framework\\src\\Illuminate\\Cookie\\Middleware\\AddQueuedCookiesToResponse.php(36): Illuminate\\Pipeline\\Pipeline->Illuminate\\Pipeline\\{closure}(Object(Illuminate\\Http\\Request))
#31 D:\\praktikum_laravel\\laravelPraktikum\\vendor\\laravel\\framework\\src\\Illuminate\\Pipeline\\Pipeline.php(208): Illuminate\\Cookie\\Middleware\\AddQueuedCookiesToResponse->handle(Object(Illuminate\\Http\\Request), Object(Closure))
#32 D:\\praktikum_laravel\\laravelPraktikum\\vendor\\laravel\\framework\\src\\Illuminate\\Cookie\\Middleware\\EncryptCookies.php(74): Illuminate\\Pipeline\\Pipeline->Illuminate\\Pipeline\\{closure}(Object(Illuminate\\Http\\Request))
#33 D:\\praktikum_laravel\\laravelPraktikum\\vendor\\laravel\\framework\\src\\Illuminate\\Pipeline\\Pipeline.php(208): Illuminate\\Cookie\\Middleware\\EncryptCookies->handle(Object(Illuminate\\Http\\Request), Object(Closure))
#34 D:\\praktikum_laravel\\laravelPraktikum\\vendor\\laravel\\framework\\src\\Illuminate\\Pipeline\\Pipeline.php(126): Illuminate\\Pipeline\\Pipeline->Illuminate\\Pipeline\\{closure}(Object(Illuminate\\Http\\Request))
#35 D:\\praktikum_laravel\\laravelPraktikum\\vendor\\laravel\\framework\\src\\Illuminate\\Routing\\Router.php(807): Illuminate\\Pipeline\\Pipeline->then(Object(Closure))
#36 D:\\praktikum_laravel\\laravelPraktikum\\vendor\\laravel\\framework\\src\\Illuminate\\Routing\\Router.php(786): Illuminate\\Routing\\Router->runRouteWithinStack(Object(Illuminate\\Routing\\Route), Object(Illuminate\\Http\\Request))
#37 D:\\praktikum_laravel\\laravelPraktikum\\vendor\\laravel\\framework\\src\\Illuminate\\Routing\\Router.php(750): Illuminate\\Routing\\Router->runRoute(Object(Illuminate\\Http\\Request), Object(Illuminate\\Routing\\Route))
#38 D:\\praktikum_laravel\\laravelPraktikum\\vendor\\laravel\\framework\\src\\Illuminate\\Routing\\Router.php(739): Illuminate\\Routing\\Router->dispatchToRoute(Object(Illuminate\\Http\\Request))
#39 D:\\praktikum_laravel\\laravelPraktikum\\vendor\\laravel\\framework\\src\\Illuminate\\Foundation\\Http\\Kernel.php(200): Illuminate\\Routing\\Router->dispatch(Object(Illuminate\\Http\\Request))
#40 D:\\praktikum_laravel\\laravelPraktikum\\vendor\\laravel\\framework\\src\\Illuminate\\Pipeline\\Pipeline.php(169): Illuminate\\Foundation\\Http\\Kernel->Illuminate\\Foundation\\Http\\{closure}(Object(Illuminate\\Http\\Request))
#41 D:\\praktikum_laravel\\laravelPraktikum\\vendor\\laravel\\framework\\src\\Illuminate\\Foundation\\Http\\Middleware\\TransformsRequest.php(21): Illuminate\\Pipeline\\Pipeline->Illuminate\\Pipeline\\{closure}(Object(Illuminate\\Http\\Request))
#42 D:\\praktikum_laravel\\laravelPraktikum\\vendor\\laravel\\framework\\src\\Illuminate\\Foundation\\Http\\Middleware\\ConvertEmptyStringsToNull.php(31): Illuminate\\Foundation\\Http\\Middleware\\TransformsRequest->handle(Object(Illuminate\\Http\\Request), Object(Closure))
#43 D:\\praktikum_laravel\\laravelPraktikum\\vendor\\laravel\\framework\\src\\Illuminate\\Pipeline\\Pipeline.php(208): Illuminate\\Foundation\\Http\\Middleware\\ConvertEmptyStringsToNull->handle(Object(Illuminate\\Http\\Request), Object(Closure))
#44 D:\\praktikum_laravel\\laravelPraktikum\\vendor\\laravel\\framework\\src\\Illuminate\\Foundation\\Http\\Middleware\\TransformsRequest.php(21): Illuminate\\Pipeline\\Pipeline->Illuminate\\Pipeline\\{closure}(Object(Illuminate\\Http\\Request))
#45 D:\\praktikum_laravel\\laravelPraktikum\\vendor\\laravel\\framework\\src\\Illuminate\\Foundation\\Http\\Middleware\\TrimStrings.php(51): Illuminate\\Foundation\\Http\\Middleware\\TransformsRequest->handle(Object(Illuminate\\Http\\Request), Object(Closure))
#46 D:\\praktikum_laravel\\laravelPraktikum\\vendor\\laravel\\framework\\src\\Illuminate\\Pipeline\\Pipeline.php(208): Illuminate\\Foundation\\Http\\Middleware\\TrimStrings->handle(Object(Illuminate\\Http\\Request), Object(Closure))
#47 D:\\praktikum_laravel\\laravelPraktikum\\vendor\\laravel\\framework\\src\\Illuminate\\Http\\Middleware\\ValidatePostSize.php(27): Illuminate\\Pipeline\\Pipeline->Illuminate\\Pipeline\\{closure}(Object(Illuminate\\Http\\Request))
#48 D:\\praktikum_laravel\\laravelPraktikum\\vendor\\laravel\\framework\\src\\Illuminate\\Pipeline\\Pipeline.php(208): Illuminate\\Http\\Middleware\\ValidatePostSize->handle(Object(Illuminate\\Http\\Request), Object(Closure))
#49 D:\\praktikum_laravel\\laravelPraktikum\\vendor\\laravel\\framework\\src\\Illuminate\\Foundation\\Http\\Middleware\\PreventRequestsDuringMaintenance.php(109): Illuminate\\Pipeline\\Pipeline->Illuminate\\Pipeline\\{closure}(Object(Illuminate\\Http\\Request))
#50 D:\\praktikum_laravel\\laravelPraktikum\\vendor\\laravel\\framework\\src\\Illuminate\\Pipeline\\Pipeline.php(208): Illuminate\\Foundation\\Http\\Middleware\\PreventRequestsDuringMaintenance->handle(Object(Illuminate\\Http\\Request), Object(Closure))
#51 D:\\praktikum_laravel\\laravelPraktikum\\vendor\\laravel\\framework\\src\\Illuminate\\Http\\Middleware\\HandleCors.php(48): Illuminate\\Pipeline\\Pipeline->Illuminate\\Pipeline\\{closure}(Object(Illuminate\\Http\\Request))
#52 D:\\praktikum_laravel\\laravelPraktikum\\vendor\\laravel\\framework\\src\\Illuminate\\Pipeline\\Pipeline.php(208): Illuminate\\Http\\Middleware\\HandleCors->handle(Object(Illuminate\\Http\\Request), Object(Closure))
#53 D:\\praktikum_laravel\\laravelPraktikum\\vendor\\laravel\\framework\\src\\Illuminate\\Http\\Middleware\\TrustProxies.php(58): Illuminate\\Pipeline\\Pipeline->Illuminate\\Pipeline\\{closure}(Object(Illuminate\\Http\\Request))
#54 D:\\praktikum_laravel\\laravelPraktikum\\vendor\\laravel\\framework\\src\\Illuminate\\Pipeline\\Pipeline.php(208): Illuminate\\Http\\Middleware\\TrustProxies->handle(Object(Illuminate\\Http\\Request), Object(Closure))
#55 D:\\praktikum_laravel\\laravelPraktikum\\vendor\\laravel\\framework\\src\\Illuminate\\Foundation\\Http\\Middleware\\InvokeDeferredCallbacks.php(22): Illuminate\\Pipeline\\Pipeline->Illuminate\\Pipeline\\{closure}(Object(Illuminate\\Http\\Request))
#56 D:\\praktikum_laravel\\laravelPraktikum\\vendor\\laravel\\framework\\src\\Illuminate\\Pipeline\\Pipeline.php(208): Illuminate\\Foundation\\Http\\Middleware\\InvokeDeferredCallbacks->handle(Object(Illuminate\\Http\\Request), Object(Closure))
#57 D:\\praktikum_laravel\\laravelPraktikum\\vendor\\laravel\\framework\\src\\Illuminate\\Http\\Middleware\\ValidatePathEncoding.php(26): Illuminate\\Pipeline\\Pipeline->Illuminate\\Pipeline\\{closure}(Object(Illuminate\\Http\\Request))
#58 D:\\praktikum_laravel\\laravelPraktikum\\vendor\\laravel\\framework\\src\\Illuminate\\Pipeline\\Pipeline.php(208): Illuminate\\Http\\Middleware\\ValidatePathEncoding->handle(Object(Illuminate\\Http\\Request), Object(Closure))
#59 D:\\praktikum_laravel\\laravelPraktikum\\vendor\\laravel\\framework\\src\\Illuminate\\Pipeline\\Pipeline.php(126): Illuminate\\Pipeline\\Pipeline->Illuminate\\Pipeline\\{closure}(Object(Illuminate\\Http\\Request))
#60 D:\\praktikum_laravel\\laravelPraktikum\\vendor\\laravel\\framework\\src\\Illuminate\\Foundation\\Http\\Kernel.php(175): Illuminate\\Pipeline\\Pipeline->then(Object(Closure))
#61 D:\\praktikum_laravel\\laravelPraktikum\\vendor\\laravel\\framework\\src\\Illuminate\\Foundation\\Http\\Kernel.php(144): Illuminate\\Foundation\\Http\\Kernel->sendRequestThroughRouter(Object(Illuminate\\Http\\Request))
#62 D:\\praktikum_laravel\\laravelPraktikum\\vendor\\laravel\\framework\\src\\Illuminate\\Foundation\\Application.php(1219): Illuminate\\Foundation\\Http\\Kernel->handle(Object(Illuminate\\Http\\Request))
#63 D:\\praktikum_laravel\\laravelPraktikum\\public\\index.php(20): Illuminate\\Foundation\\Application->handleRequest(Object(Illuminate\\Http\\Request))
#64 D:\\praktikum_laravel\\laravelPraktikum\\vendor\\laravel\\framework\\src\\Illuminate\\Foundation\\resources\\server.php(23): require_once('D:\\\\praktikum_la...')
#65 {main}
"} 
[2025-05-19 06:13:44] local.ERROR: SQLSTATE[HY000] [2002] No connection could be made because the target machine actively refused it (Connection: mysql, SQL: select * from `sessions` where `id` = DTZFGm7IkyoyXJYHzN54oOZqjolyrJd6wPfC5Hyp limit 1) {"exception":"[object] (Illuminate\\Database\\QueryException(code: 2002): SQLSTATE[HY000] [2002] No connection could be made because the target machine actively refused it (Connection: mysql, SQL: select * from `sessions` where `id` = DTZFGm7IkyoyXJYHzN54oOZqjolyrJd6wPfC5Hyp limit 1) at D:\\praktikum_laravel\\laravelPraktikum\\vendor\\laravel\\framework\\src\\Illuminate\\Database\\Connection.php:822)
[stacktrace]
#0 D:\\praktikum_laravel\\laravelPraktikum\\vendor\\laravel\\framework\\src\\Illuminate\\Database\\Connection.php(976): Illuminate\\Database\\Connection->runQueryCallback('select * from `...', Array, Object(Closure))
#1 D:\\praktikum_laravel\\laravelPraktikum\\vendor\\laravel\\framework\\src\\Illuminate\\Database\\Connection.php(955): Illuminate\\Database\\Connection->tryAgainIfCausedByLostConnection(Object(Illuminate\\Database\\QueryException), 'select * from `...', Array, Object(Closure))
#2 D:\\praktikum_laravel\\laravelPraktikum\\vendor\\laravel\\framework\\src\\Illuminate\\Database\\Connection.php(778): Illuminate\\Database\\Connection->handleQueryException(Object(Illuminate\\Database\\QueryException), 'select * from `...', Array, Object(Closure))
#3 D:\\praktikum_laravel\\laravelPraktikum\\vendor\\laravel\\framework\\src\\Illuminate\\Database\\Connection.php(395): Illuminate\\Database\\Connection->run('select * from `...', Array, Object(Closure))
#4 D:\\praktikum_laravel\\laravelPraktikum\\vendor\\laravel\\framework\\src\\Illuminate\\Database\\Query\\Builder.php(3120): Illuminate\\Database\\Connection->select('select * from `...', Array, false)
#5 D:\\praktikum_laravel\\laravelPraktikum\\vendor\\laravel\\framework\\src\\Illuminate\\Database\\Query\\Builder.php(3105): Illuminate\\Database\\Query\\Builder->runSelect()
#6 D:\\praktikum_laravel\\laravelPraktikum\\vendor\\laravel\\framework\\src\\Illuminate\\Database\\Query\\Builder.php(3695): Illuminate\\Database\\Query\\Builder->Illuminate\\Database\\Query\\{closure}()
#7 D:\\praktikum_laravel\\laravelPraktikum\\vendor\\laravel\\framework\\src\\Illuminate\\Database\\Query\\Builder.php(3104): Illuminate\\Database\\Query\\Builder->onceWithColumns(Array, Object(Closure))
#8 D:\\praktikum_laravel\\laravelPraktikum\\vendor\\laravel\\framework\\src\\Illuminate\\Database\\Concerns\\BuildsQueries.php(366): Illuminate\\Database\\Query\\Builder->get(Array)
#9 D:\\praktikum_laravel\\laravelPraktikum\\vendor\\laravel\\framework\\src\\Illuminate\\Database\\Query\\Builder.php(3027): Illuminate\\Database\\Query\\Builder->first(Array)
#10 D:\\praktikum_laravel\\laravelPraktikum\\vendor\\laravel\\framework\\src\\Illuminate\\Session\\DatabaseSessionHandler.php(96): Illuminate\\Database\\Query\\Builder->find('DTZFGm7IkyoyXJY...')
#11 D:\\praktikum_laravel\\laravelPraktikum\\vendor\\laravel\\framework\\src\\Illuminate\\Session\\Store.php(116): Illuminate\\Session\\DatabaseSessionHandler->read('DTZFGm7IkyoyXJY...')
#12 D:\\praktikum_laravel\\laravelPraktikum\\vendor\\laravel\\framework\\src\\Illuminate\\Session\\Store.php(104): Illuminate\\Session\\Store->readFromHandler()
#13 D:\\praktikum_laravel\\laravelPraktikum\\vendor\\laravel\\framework\\src\\Illuminate\\Session\\Store.php(88): Illuminate\\Session\\Store->loadSession()
#14 D:\\praktikum_laravel\\laravelPraktikum\\vendor\\laravel\\framework\\src\\Illuminate\\Session\\Middleware\\StartSession.php(146): Illuminate\\Session\\Store->start()
#15 D:\\praktikum_laravel\\laravelPraktikum\\vendor\\laravel\\framework\\src\\Illuminate\\Support\\helpers.php(399): Illuminate\\Session\\Middleware\\StartSession->Illuminate\\Session\\Middleware\\{closure}(Object(Illuminate\\Session\\Store))
#16 D:\\praktikum_laravel\\laravelPraktikum\\vendor\\laravel\\framework\\src\\Illuminate\\Session\\Middleware\\StartSession.php(143): tap(Object(Illuminate\\Session\\Store), Object(Closure))
#17 D:\\praktikum_laravel\\laravelPraktikum\\vendor\\laravel\\framework\\src\\Illuminate\\Session\\Middleware\\StartSession.php(115): Illuminate\\Session\\Middleware\\StartSession->startSession(Object(Illuminate\\Http\\Request), Object(Illuminate\\Session\\Store))
#18 D:\\praktikum_laravel\\laravelPraktikum\\vendor\\laravel\\framework\\src\\Illuminate\\Session\\Middleware\\StartSession.php(63): Illuminate\\Session\\Middleware\\StartSession->handleStatefulRequest(Object(Illuminate\\Http\\Request), Object(Illuminate\\Session\\Store), Object(Closure))
#19 D:\\praktikum_laravel\\laravelPraktikum\\vendor\\laravel\\framework\\src\\Illuminate\\Pipeline\\Pipeline.php(208): Illuminate\\Session\\Middleware\\StartSession->handle(Object(Illuminate\\Http\\Request), Object(Closure))
#20 D:\\praktikum_laravel\\laravelPraktikum\\vendor\\laravel\\framework\\src\\Illuminate\\Cookie\\Middleware\\AddQueuedCookiesToResponse.php(36): Illuminate\\Pipeline\\Pipeline->Illuminate\\Pipeline\\{closure}(Object(Illuminate\\Http\\Request))
#21 D:\\praktikum_laravel\\laravelPraktikum\\vendor\\laravel\\framework\\src\\Illuminate\\Pipeline\\Pipeline.php(208): Illuminate\\Cookie\\Middleware\\AddQueuedCookiesToResponse->handle(Object(Illuminate\\Http\\Request), Object(Closure))
#22 D:\\praktikum_laravel\\laravelPraktikum\\vendor\\laravel\\framework\\src\\Illuminate\\Cookie\\Middleware\\EncryptCookies.php(74): Illuminate\\Pipeline\\Pipeline->Illuminate\\Pipeline\\{closure}(Object(Illuminate\\Http\\Request))
#23 D:\\praktikum_laravel\\laravelPraktikum\\vendor\\laravel\\framework\\src\\Illuminate\\Pipeline\\Pipeline.php(208): Illuminate\\Cookie\\Middleware\\EncryptCookies->handle(Object(Illuminate\\Http\\Request), Object(Closure))
#24 D:\\praktikum_laravel\\laravelPraktikum\\vendor\\laravel\\framework\\src\\Illuminate\\Pipeline\\Pipeline.php(126): Illuminate\\Pipeline\\Pipeline->Illuminate\\Pipeline\\{closure}(Object(Illuminate\\Http\\Request))
#25 D:\\praktikum_laravel\\laravelPraktikum\\vendor\\laravel\\framework\\src\\Illuminate\\Routing\\Router.php(807): Illuminate\\Pipeline\\Pipeline->then(Object(Closure))
#26 D:\\praktikum_laravel\\laravelPraktikum\\vendor\\laravel\\framework\\src\\Illuminate\\Routing\\Router.php(786): Illuminate\\Routing\\Router->runRouteWithinStack(Object(Illuminate\\Routing\\Route), Object(Illuminate\\Http\\Request))
#27 D:\\praktikum_laravel\\laravelPraktikum\\vendor\\laravel\\framework\\src\\Illuminate\\Routing\\Router.php(750): Illuminate\\Routing\\Router->runRoute(Object(Illuminate\\Http\\Request), Object(Illuminate\\Routing\\Route))
#28 D:\\praktikum_laravel\\laravelPraktikum\\vendor\\laravel\\framework\\src\\Illuminate\\Routing\\Router.php(739): Illuminate\\Routing\\Router->dispatchToRoute(Object(Illuminate\\Http\\Request))
#29 D:\\praktikum_laravel\\laravelPraktikum\\vendor\\laravel\\framework\\src\\Illuminate\\Foundation\\Http\\Kernel.php(200): Illuminate\\Routing\\Router->dispatch(Object(Illuminate\\Http\\Request))
#30 D:\\praktikum_laravel\\laravelPraktikum\\vendor\\laravel\\framework\\src\\Illuminate\\Pipeline\\Pipeline.php(169): Illuminate\\Foundation\\Http\\Kernel->Illuminate\\Foundation\\Http\\{closure}(Object(Illuminate\\Http\\Request))
#31 D:\\praktikum_laravel\\laravelPraktikum\\vendor\\laravel\\framework\\src\\Illuminate\\Foundation\\Http\\Middleware\\TransformsRequest.php(21): Illuminate\\Pipeline\\Pipeline->Illuminate\\Pipeline\\{closure}(Object(Illuminate\\Http\\Request))
#32 D:\\praktikum_laravel\\laravelPraktikum\\vendor\\laravel\\framework\\src\\Illuminate\\Foundation\\Http\\Middleware\\ConvertEmptyStringsToNull.php(31): Illuminate\\Foundation\\Http\\Middleware\\TransformsRequest->handle(Object(Illuminate\\Http\\Request), Object(Closure))
#33 D:\\praktikum_laravel\\laravelPraktikum\\vendor\\laravel\\framework\\src\\Illuminate\\Pipeline\\Pipeline.php(208): Illuminate\\Foundation\\Http\\Middleware\\ConvertEmptyStringsToNull->handle(Object(Illuminate\\Http\\Request), Object(Closure))
#34 D:\\praktikum_laravel\\laravelPraktikum\\vendor\\laravel\\framework\\src\\Illuminate\\Foundation\\Http\\Middleware\\TransformsRequest.php(21): Illuminate\\Pipeline\\Pipeline->Illuminate\\Pipeline\\{closure}(Object(Illuminate\\Http\\Request))
#35 D:\\praktikum_laravel\\laravelPraktikum\\vendor\\laravel\\framework\\src\\Illuminate\\Foundation\\Http\\Middleware\\TrimStrings.php(51): Illuminate\\Foundation\\Http\\Middleware\\TransformsRequest->handle(Object(Illuminate\\Http\\Request), Object(Closure))
#36 D:\\praktikum_laravel\\laravelPraktikum\\vendor\\laravel\\framework\\src\\Illuminate\\Pipeline\\Pipeline.php(208): Illuminate\\Foundation\\Http\\Middleware\\TrimStrings->handle(Object(Illuminate\\Http\\Request), Object(Closure))
#37 D:\\praktikum_laravel\\laravelPraktikum\\vendor\\laravel\\framework\\src\\Illuminate\\Http\\Middleware\\ValidatePostSize.php(27): Illuminate\\Pipeline\\Pipeline->Illuminate\\Pipeline\\{closure}(Object(Illuminate\\Http\\Request))
#38 D:\\praktikum_laravel\\laravelPraktikum\\vendor\\laravel\\framework\\src\\Illuminate\\Pipeline\\Pipeline.php(208): Illuminate\\Http\\Middleware\\ValidatePostSize->handle(Object(Illuminate\\Http\\Request), Object(Closure))
#39 D:\\praktikum_laravel\\laravelPraktikum\\vendor\\laravel\\framework\\src\\Illuminate\\Foundation\\Http\\Middleware\\PreventRequestsDuringMaintenance.php(109): Illuminate\\Pipeline\\Pipeline->Illuminate\\Pipeline\\{closure}(Object(Illuminate\\Http\\Request))
#40 D:\\praktikum_laravel\\laravelPraktikum\\vendor\\laravel\\framework\\src\\Illuminate\\Pipeline\\Pipeline.php(208): Illuminate\\Foundation\\Http\\Middleware\\PreventRequestsDuringMaintenance->handle(Object(Illuminate\\Http\\Request), Object(Closure))
#41 D:\\praktikum_laravel\\laravelPraktikum\\vendor\\laravel\\framework\\src\\Illuminate\\Http\\Middleware\\HandleCors.php(48): Illuminate\\Pipeline\\Pipeline->Illuminate\\Pipeline\\{closure}(Object(Illuminate\\Http\\Request))
#42 D:\\praktikum_laravel\\laravelPraktikum\\vendor\\laravel\\framework\\src\\Illuminate\\Pipeline\\Pipeline.php(208): Illuminate\\Http\\Middleware\\HandleCors->handle(Object(Illuminate\\Http\\Request), Object(Closure))
#43 D:\\praktikum_laravel\\laravelPraktikum\\vendor\\laravel\\framework\\src\\Illuminate\\Http\\Middleware\\TrustProxies.php(58): Illuminate\\Pipeline\\Pipeline->Illuminate\\Pipeline\\{closure}(Object(Illuminate\\Http\\Request))
#44 D:\\praktikum_laravel\\laravelPraktikum\\vendor\\laravel\\framework\\src\\Illuminate\\Pipeline\\Pipeline.php(208): Illuminate\\Http\\Middleware\\TrustProxies->handle(Object(Illuminate\\Http\\Request), Object(Closure))
#45 D:\\praktikum_laravel\\laravelPraktikum\\vendor\\laravel\\framework\\src\\Illuminate\\Foundation\\Http\\Middleware\\InvokeDeferredCallbacks.php(22): Illuminate\\Pipeline\\Pipeline->Illuminate\\Pipeline\\{closure}(Object(Illuminate\\Http\\Request))
#46 D:\\praktikum_laravel\\laravelPraktikum\\vendor\\laravel\\framework\\src\\Illuminate\\Pipeline\\Pipeline.php(208): Illuminate\\Foundation\\Http\\Middleware\\InvokeDeferredCallbacks->handle(Object(Illuminate\\Http\\Request), Object(Closure))
#47 D:\\praktikum_laravel\\laravelPraktikum\\vendor\\laravel\\framework\\src\\Illuminate\\Http\\Middleware\\ValidatePathEncoding.php(26): Illuminate\\Pipeline\\Pipeline->Illuminate\\Pipeline\\{closure}(Object(Illuminate\\Http\\Request))
#48 D:\\praktikum_laravel\\laravelPraktikum\\vendor\\laravel\\framework\\src\\Illuminate\\Pipeline\\Pipeline.php(208): Illuminate\\Http\\Middleware\\ValidatePathEncoding->handle(Object(Illuminate\\Http\\Request), Object(Closure))
#49 D:\\praktikum_laravel\\laravelPraktikum\\vendor\\laravel\\framework\\src\\Illuminate\\Pipeline\\Pipeline.php(126): Illuminate\\Pipeline\\Pipeline->Illuminate\\Pipeline\\{closure}(Object(Illuminate\\Http\\Request))
#50 D:\\praktikum_laravel\\laravelPraktikum\\vendor\\laravel\\framework\\src\\Illuminate\\Foundation\\Http\\Kernel.php(175): Illuminate\\Pipeline\\Pipeline->then(Object(Closure))
#51 D:\\praktikum_laravel\\laravelPraktikum\\vendor\\laravel\\framework\\src\\Illuminate\\Foundation\\Http\\Kernel.php(144): Illuminate\\Foundation\\Http\\Kernel->sendRequestThroughRouter(Object(Illuminate\\Http\\Request))
#52 D:\\praktikum_laravel\\laravelPraktikum\\vendor\\laravel\\framework\\src\\Illuminate\\Foundation\\Application.php(1219): Illuminate\\Foundation\\Http\\Kernel->handle(Object(Illuminate\\Http\\Request))
#53 D:\\praktikum_laravel\\laravelPraktikum\\public\\index.php(20): Illuminate\\Foundation\\Application->handleRequest(Object(Illuminate\\Http\\Request))
#54 D:\\praktikum_laravel\\laravelPraktikum\\vendor\\laravel\\framework\\src\\Illuminate\\Foundation\\resources\\server.php(23): require_once('D:\\\\praktikum_la...')
#55 {main}

[previous exception] [object] (PDOException(code: 2002): SQLSTATE[HY000] [2002] No connection could be made because the target machine actively refused it at D:\\praktikum_laravel\\laravelPraktikum\\vendor\\laravel\\framework\\src\\Illuminate\\Database\\Connectors\\Connector.php:66)
[stacktrace]
#0 D:\\praktikum_laravel\\laravelPraktikum\\vendor\\laravel\\framework\\src\\Illuminate\\Database\\Connectors\\Connector.php(66): PDO->__construct('mysql:host=127....', 'root', Object(SensitiveParameterValue), Array)
#1 D:\\praktikum_laravel\\laravelPraktikum\\vendor\\laravel\\framework\\src\\Illuminate\\Database\\Connectors\\Connector.php(85): Illuminate\\Database\\Connectors\\Connector->createPdoConnection('mysql:host=127....', 'root', Object(SensitiveParameterValue), Array)
#2 D:\\praktikum_laravel\\laravelPraktikum\\vendor\\laravel\\framework\\src\\Illuminate\\Database\\Connectors\\Connector.php(48): Illuminate\\Database\\Connectors\\Connector->tryAgainIfCausedByLostConnection(Object(PDOException), 'mysql:host=127....', 'root', Object(SensitiveParameterValue), Array)
#3 D:\\praktikum_laravel\\laravelPraktikum\\vendor\\laravel\\framework\\src\\Illuminate\\Database\\Connectors\\MySqlConnector.php(24): Illuminate\\Database\\Connectors\\Connector->createConnection('mysql:host=127....', Array, Array)
#4 D:\\praktikum_laravel\\laravelPraktikum\\vendor\\laravel\\framework\\src\\Illuminate\\Database\\Connectors\\ConnectionFactory.php(184): Illuminate\\Database\\Connectors\\MySqlConnector->connect(Array)
#5 [internal function]: Illuminate\\Database\\Connectors\\ConnectionFactory->Illuminate\\Database\\Connectors\\{closure}()
#6 D:\\praktikum_laravel\\laravelPraktikum\\vendor\\laravel\\framework\\src\\Illuminate\\Database\\Connection.php(1228): call_user_func(Object(Closure))
#7 D:\\praktikum_laravel\\laravelPraktikum\\vendor\\laravel\\framework\\src\\Illuminate\\Database\\Connection.php(509): Illuminate\\Database\\Connection->getPdo()
#8 D:\\praktikum_laravel\\laravelPraktikum\\vendor\\laravel\\framework\\src\\Illuminate\\Database\\Connection.php(404): Illuminate\\Database\\Connection->getPdoForSelect(false)
#9 D:\\praktikum_laravel\\laravelPraktikum\\vendor\\laravel\\framework\\src\\Illuminate\\Database\\Connection.php(809): Illuminate\\Database\\Connection->Illuminate\\Database\\{closure}('select * from `...', Array)
#10 D:\\praktikum_laravel\\laravelPraktikum\\vendor\\laravel\\framework\\src\\Illuminate\\Database\\Connection.php(976): Illuminate\\Database\\Connection->runQueryCallback('select * from `...', Array, Object(Closure))
#11 D:\\praktikum_laravel\\laravelPraktikum\\vendor\\laravel\\framework\\src\\Illuminate\\Database\\Connection.php(955): Illuminate\\Database\\Connection->tryAgainIfCausedByLostConnection(Object(Illuminate\\Database\\QueryException), 'select * from `...', Array, Object(Closure))
#12 D:\\praktikum_laravel\\laravelPraktikum\\vendor\\laravel\\framework\\src\\Illuminate\\Database\\Connection.php(778): Illuminate\\Database\\Connection->handleQueryException(Object(Illuminate\\Database\\QueryException), 'select * from `...', Array, Object(Closure))
#13 D:\\praktikum_laravel\\laravelPraktikum\\vendor\\laravel\\framework\\src\\Illuminate\\Database\\Connection.php(395): Illuminate\\Database\\Connection->run('select * from `...', Array, Object(Closure))
#14 D:\\praktikum_laravel\\laravelPraktikum\\vendor\\laravel\\framework\\src\\Illuminate\\Database\\Query\\Builder.php(3120): Illuminate\\Database\\Connection->select('select * from `...', Array, false)
#15 D:\\praktikum_laravel\\laravelPraktikum\\vendor\\laravel\\framework\\src\\Illuminate\\Database\\Query\\Builder.php(3105): Illuminate\\Database\\Query\\Builder->runSelect()
#16 D:\\praktikum_laravel\\laravelPraktikum\\vendor\\laravel\\framework\\src\\Illuminate\\Database\\Query\\Builder.php(3695): Illuminate\\Database\\Query\\Builder->Illuminate\\Database\\Query\\{closure}()
#17 D:\\praktikum_laravel\\laravelPraktikum\\vendor\\laravel\\framework\\src\\Illuminate\\Database\\Query\\Builder.php(3104): Illuminate\\Database\\Query\\Builder->onceWithColumns(Array, Object(Closure))
#18 D:\\praktikum_laravel\\laravelPraktikum\\vendor\\laravel\\framework\\src\\Illuminate\\Database\\Concerns\\BuildsQueries.php(366): Illuminate\\Database\\Query\\Builder->get(Array)
#19 D:\\praktikum_laravel\\laravelPraktikum\\vendor\\laravel\\framework\\src\\Illuminate\\Database\\Query\\Builder.php(3027): Illuminate\\Database\\Query\\Builder->first(Array)
#20 D:\\praktikum_laravel\\laravelPraktikum\\vendor\\laravel\\framework\\src\\Illuminate\\Session\\DatabaseSessionHandler.php(96): Illuminate\\Database\\Query\\Builder->find('DTZFGm7IkyoyXJY...')
#21 D:\\praktikum_laravel\\laravelPraktikum\\vendor\\laravel\\framework\\src\\Illuminate\\Session\\Store.php(116): Illuminate\\Session\\DatabaseSessionHandler->read('DTZFGm7IkyoyXJY...')
#22 D:\\praktikum_laravel\\laravelPraktikum\\vendor\\laravel\\framework\\src\\Illuminate\\Session\\Store.php(104): Illuminate\\Session\\Store->readFromHandler()
#23 D:\\praktikum_laravel\\laravelPraktikum\\vendor\\laravel\\framework\\src\\Illuminate\\Session\\Store.php(88): Illuminate\\Session\\Store->loadSession()
#24 D:\\praktikum_laravel\\laravelPraktikum\\vendor\\laravel\\framework\\src\\Illuminate\\Session\\Middleware\\StartSession.php(146): Illuminate\\Session\\Store->start()
#25 D:\\praktikum_laravel\\laravelPraktikum\\vendor\\laravel\\framework\\src\\Illuminate\\Support\\helpers.php(399): Illuminate\\Session\\Middleware\\StartSession->Illuminate\\Session\\Middleware\\{closure}(Object(Illuminate\\Session\\Store))
#26 D:\\praktikum_laravel\\laravelPraktikum\\vendor\\laravel\\framework\\src\\Illuminate\\Session\\Middleware\\StartSession.php(143): tap(Object(Illuminate\\Session\\Store), Object(Closure))
#27 D:\\praktikum_laravel\\laravelPraktikum\\vendor\\laravel\\framework\\src\\Illuminate\\Session\\Middleware\\StartSession.php(115): Illuminate\\Session\\Middleware\\StartSession->startSession(Object(Illuminate\\Http\\Request), Object(Illuminate\\Session\\Store))
#28 D:\\praktikum_laravel\\laravelPraktikum\\vendor\\laravel\\framework\\src\\Illuminate\\Session\\Middleware\\StartSession.php(63): Illuminate\\Session\\Middleware\\StartSession->handleStatefulRequest(Object(Illuminate\\Http\\Request), Object(Illuminate\\Session\\Store), Object(Closure))
#29 D:\\praktikum_laravel\\laravelPraktikum\\vendor\\laravel\\framework\\src\\Illuminate\\Pipeline\\Pipeline.php(208): Illuminate\\Session\\Middleware\\StartSession->handle(Object(Illuminate\\Http\\Request), Object(Closure))
#30 D:\\praktikum_laravel\\laravelPraktikum\\vendor\\laravel\\framework\\src\\Illuminate\\Cookie\\Middleware\\AddQueuedCookiesToResponse.php(36): Illuminate\\Pipeline\\Pipeline->Illuminate\\Pipeline\\{closure}(Object(Illuminate\\Http\\Request))
#31 D:\\praktikum_laravel\\laravelPraktikum\\vendor\\laravel\\framework\\src\\Illuminate\\Pipeline\\Pipeline.php(208): Illuminate\\Cookie\\Middleware\\AddQueuedCookiesToResponse->handle(Object(Illuminate\\Http\\Request), Object(Closure))
#32 D:\\praktikum_laravel\\laravelPraktikum\\vendor\\laravel\\framework\\src\\Illuminate\\Cookie\\Middleware\\EncryptCookies.php(74): Illuminate\\Pipeline\\Pipeline->Illuminate\\Pipeline\\{closure}(Object(Illuminate\\Http\\Request))
#33 D:\\praktikum_laravel\\laravelPraktikum\\vendor\\laravel\\framework\\src\\Illuminate\\Pipeline\\Pipeline.php(208): Illuminate\\Cookie\\Middleware\\EncryptCookies->handle(Object(Illuminate\\Http\\Request), Object(Closure))
#34 D:\\praktikum_laravel\\laravelPraktikum\\vendor\\laravel\\framework\\src\\Illuminate\\Pipeline\\Pipeline.php(126): Illuminate\\Pipeline\\Pipeline->Illuminate\\Pipeline\\{closure}(Object(Illuminate\\Http\\Request))
#35 D:\\praktikum_laravel\\laravelPraktikum\\vendor\\laravel\\framework\\src\\Illuminate\\Routing\\Router.php(807): Illuminate\\Pipeline\\Pipeline->then(Object(Closure))
#36 D:\\praktikum_laravel\\laravelPraktikum\\vendor\\laravel\\framework\\src\\Illuminate\\Routing\\Router.php(786): Illuminate\\Routing\\Router->runRouteWithinStack(Object(Illuminate\\Routing\\Route), Object(Illuminate\\Http\\Request))
#37 D:\\praktikum_laravel\\laravelPraktikum\\vendor\\laravel\\framework\\src\\Illuminate\\Routing\\Router.php(750): Illuminate\\Routing\\Router->runRoute(Object(Illuminate\\Http\\Request), Object(Illuminate\\Routing\\Route))
#38 D:\\praktikum_laravel\\laravelPraktikum\\vendor\\laravel\\framework\\src\\Illuminate\\Routing\\Router.php(739): Illuminate\\Routing\\Router->dispatchToRoute(Object(Illuminate\\Http\\Request))
#39 D:\\praktikum_laravel\\laravelPraktikum\\vendor\\laravel\\framework\\src\\Illuminate\\Foundation\\Http\\Kernel.php(200): Illuminate\\Routing\\Router->dispatch(Object(Illuminate\\Http\\Request))
#40 D:\\praktikum_laravel\\laravelPraktikum\\vendor\\laravel\\framework\\src\\Illuminate\\Pipeline\\Pipeline.php(169): Illuminate\\Foundation\\Http\\Kernel->Illuminate\\Foundation\\Http\\{closure}(Object(Illuminate\\Http\\Request))
#41 D:\\praktikum_laravel\\laravelPraktikum\\vendor\\laravel\\framework\\src\\Illuminate\\Foundation\\Http\\Middleware\\TransformsRequest.php(21): Illuminate\\Pipeline\\Pipeline->Illuminate\\Pipeline\\{closure}(Object(Illuminate\\Http\\Request))
#42 D:\\praktikum_laravel\\laravelPraktikum\\vendor\\laravel\\framework\\src\\Illuminate\\Foundation\\Http\\Middleware\\ConvertEmptyStringsToNull.php(31): Illuminate\\Foundation\\Http\\Middleware\\TransformsRequest->handle(Object(Illuminate\\Http\\Request), Object(Closure))
#43 D:\\praktikum_laravel\\laravelPraktikum\\vendor\\laravel\\framework\\src\\Illuminate\\Pipeline\\Pipeline.php(208): Illuminate\\Foundation\\Http\\Middleware\\ConvertEmptyStringsToNull->handle(Object(Illuminate\\Http\\Request), Object(Closure))
#44 D:\\praktikum_laravel\\laravelPraktikum\\vendor\\laravel\\framework\\src\\Illuminate\\Foundation\\Http\\Middleware\\TransformsRequest.php(21): Illuminate\\Pipeline\\Pipeline->Illuminate\\Pipeline\\{closure}(Object(Illuminate\\Http\\Request))
#45 D:\\praktikum_laravel\\laravelPraktikum\\vendor\\laravel\\framework\\src\\Illuminate\\Foundation\\Http\\Middleware\\TrimStrings.php(51): Illuminate\\Foundation\\Http\\Middleware\\TransformsRequest->handle(Object(Illuminate\\Http\\Request), Object(Closure))
#46 D:\\praktikum_laravel\\laravelPraktikum\\vendor\\laravel\\framework\\src\\Illuminate\\Pipeline\\Pipeline.php(208): Illuminate\\Foundation\\Http\\Middleware\\TrimStrings->handle(Object(Illuminate\\Http\\Request), Object(Closure))
#47 D:\\praktikum_laravel\\laravelPraktikum\\vendor\\laravel\\framework\\src\\Illuminate\\Http\\Middleware\\ValidatePostSize.php(27): Illuminate\\Pipeline\\Pipeline->Illuminate\\Pipeline\\{closure}(Object(Illuminate\\Http\\Request))
#48 D:\\praktikum_laravel\\laravelPraktikum\\vendor\\laravel\\framework\\src\\Illuminate\\Pipeline\\Pipeline.php(208): Illuminate\\Http\\Middleware\\ValidatePostSize->handle(Object(Illuminate\\Http\\Request), Object(Closure))
#49 D:\\praktikum_laravel\\laravelPraktikum\\vendor\\laravel\\framework\\src\\Illuminate\\Foundation\\Http\\Middleware\\PreventRequestsDuringMaintenance.php(109): Illuminate\\Pipeline\\Pipeline->Illuminate\\Pipeline\\{closure}(Object(Illuminate\\Http\\Request))
#50 D:\\praktikum_laravel\\laravelPraktikum\\vendor\\laravel\\framework\\src\\Illuminate\\Pipeline\\Pipeline.php(208): Illuminate\\Foundation\\Http\\Middleware\\PreventRequestsDuringMaintenance->handle(Object(Illuminate\\Http\\Request), Object(Closure))
#51 D:\\praktikum_laravel\\laravelPraktikum\\vendor\\laravel\\framework\\src\\Illuminate\\Http\\Middleware\\HandleCors.php(48): Illuminate\\Pipeline\\Pipeline->Illuminate\\Pipeline\\{closure}(Object(Illuminate\\Http\\Request))
#52 D:\\praktikum_laravel\\laravelPraktikum\\vendor\\laravel\\framework\\src\\Illuminate\\Pipeline\\Pipeline.php(208): Illuminate\\Http\\Middleware\\HandleCors->handle(Object(Illuminate\\Http\\Request), Object(Closure))
#53 D:\\praktikum_laravel\\laravelPraktikum\\vendor\\laravel\\framework\\src\\Illuminate\\Http\\Middleware\\TrustProxies.php(58): Illuminate\\Pipeline\\Pipeline->Illuminate\\Pipeline\\{closure}(Object(Illuminate\\Http\\Request))
#54 D:\\praktikum_laravel\\laravelPraktikum\\vendor\\laravel\\framework\\src\\Illuminate\\Pipeline\\Pipeline.php(208): Illuminate\\Http\\Middleware\\TrustProxies->handle(Object(Illuminate\\Http\\Request), Object(Closure))
#55 D:\\praktikum_laravel\\laravelPraktikum\\vendor\\laravel\\framework\\src\\Illuminate\\Foundation\\Http\\Middleware\\InvokeDeferredCallbacks.php(22): Illuminate\\Pipeline\\Pipeline->Illuminate\\Pipeline\\{closure}(Object(Illuminate\\Http\\Request))
#56 D:\\praktikum_laravel\\laravelPraktikum\\vendor\\laravel\\framework\\src\\Illuminate\\Pipeline\\Pipeline.php(208): Illuminate\\Foundation\\Http\\Middleware\\InvokeDeferredCallbacks->handle(Object(Illuminate\\Http\\Request), Object(Closure))
#57 D:\\praktikum_laravel\\laravelPraktikum\\vendor\\laravel\\framework\\src\\Illuminate\\Http\\Middleware\\ValidatePathEncoding.php(26): Illuminate\\Pipeline\\Pipeline->Illuminate\\Pipeline\\{closure}(Object(Illuminate\\Http\\Request))
#58 D:\\praktikum_laravel\\laravelPraktikum\\vendor\\laravel\\framework\\src\\Illuminate\\Pipeline\\Pipeline.php(208): Illuminate\\Http\\Middleware\\ValidatePathEncoding->handle(Object(Illuminate\\Http\\Request), Object(Closure))
#59 D:\\praktikum_laravel\\laravelPraktikum\\vendor\\laravel\\framework\\src\\Illuminate\\Pipeline\\Pipeline.php(126): Illuminate\\Pipeline\\Pipeline->Illuminate\\Pipeline\\{closure}(Object(Illuminate\\Http\\Request))
#60 D:\\praktikum_laravel\\laravelPraktikum\\vendor\\laravel\\framework\\src\\Illuminate\\Foundation\\Http\\Kernel.php(175): Illuminate\\Pipeline\\Pipeline->then(Object(Closure))
#61 D:\\praktikum_laravel\\laravelPraktikum\\vendor\\laravel\\framework\\src\\Illuminate\\Foundation\\Http\\Kernel.php(144): Illuminate\\Foundation\\Http\\Kernel->sendRequestThroughRouter(Object(Illuminate\\Http\\Request))
#62 D:\\praktikum_laravel\\laravelPraktikum\\vendor\\laravel\\framework\\src\\Illuminate\\Foundation\\Application.php(1219): Illuminate\\Foundation\\Http\\Kernel->handle(Object(Illuminate\\Http\\Request))
#63 D:\\praktikum_laravel\\laravelPraktikum\\public\\index.php(20): Illuminate\\Foundation\\Application->handleRequest(Object(Illuminate\\Http\\Request))
#64 D:\\praktikum_laravel\\laravelPraktikum\\vendor\\laravel\\framework\\src\\Illuminate\\Foundation\\resources\\server.php(23): require_once('D:\\\\praktikum_la...')
#65 {main}
"} 
[2025-05-19 06:14:16] local.ERROR: SQLSTATE[HY000] [2002] No connection could be made because the target machine actively refused it (Connection: mysql, SQL: select * from `sessions` where `id` = 9JwkFdtvGkTSHm0i8laXXegryh71t4NYeW06Z6Z9 limit 1) {"exception":"[object] (Illuminate\\Database\\QueryException(code: 2002): SQLSTATE[HY000] [2002] No connection could be made because the target machine actively refused it (Connection: mysql, SQL: select * from `sessions` where `id` = 9JwkFdtvGkTSHm0i8laXXegryh71t4NYeW06Z6Z9 limit 1) at D:\\praktikum_laravel\\laravelPraktikum\\vendor\\laravel\\framework\\src\\Illuminate\\Database\\Connection.php:822)
[stacktrace]
#0 D:\\praktikum_laravel\\laravelPraktikum\\vendor\\laravel\\framework\\src\\Illuminate\\Database\\Connection.php(976): Illuminate\\Database\\Connection->runQueryCallback('select * from `...', Array, Object(Closure))
#1 D:\\praktikum_laravel\\laravelPraktikum\\vendor\\laravel\\framework\\src\\Illuminate\\Database\\Connection.php(955): Illuminate\\Database\\Connection->tryAgainIfCausedByLostConnection(Object(Illuminate\\Database\\QueryException), 'select * from `...', Array, Object(Closure))
#2 D:\\praktikum_laravel\\laravelPraktikum\\vendor\\laravel\\framework\\src\\Illuminate\\Database\\Connection.php(778): Illuminate\\Database\\Connection->handleQueryException(Object(Illuminate\\Database\\QueryException), 'select * from `...', Array, Object(Closure))
#3 D:\\praktikum_laravel\\laravelPraktikum\\vendor\\laravel\\framework\\src\\Illuminate\\Database\\Connection.php(395): Illuminate\\Database\\Connection->run('select * from `...', Array, Object(Closure))
#4 D:\\praktikum_laravel\\laravelPraktikum\\vendor\\laravel\\framework\\src\\Illuminate\\Database\\Query\\Builder.php(3120): Illuminate\\Database\\Connection->select('select * from `...', Array, false)
#5 D:\\praktikum_laravel\\laravelPraktikum\\vendor\\laravel\\framework\\src\\Illuminate\\Database\\Query\\Builder.php(3105): Illuminate\\Database\\Query\\Builder->runSelect()
#6 D:\\praktikum_laravel\\laravelPraktikum\\vendor\\laravel\\framework\\src\\Illuminate\\Database\\Query\\Builder.php(3695): Illuminate\\Database\\Query\\Builder->Illuminate\\Database\\Query\\{closure}()
#7 D:\\praktikum_laravel\\laravelPraktikum\\vendor\\laravel\\framework\\src\\Illuminate\\Database\\Query\\Builder.php(3104): Illuminate\\Database\\Query\\Builder->onceWithColumns(Array, Object(Closure))
#8 D:\\praktikum_laravel\\laravelPraktikum\\vendor\\laravel\\framework\\src\\Illuminate\\Database\\Concerns\\BuildsQueries.php(366): Illuminate\\Database\\Query\\Builder->get(Array)
#9 D:\\praktikum_laravel\\laravelPraktikum\\vendor\\laravel\\framework\\src\\Illuminate\\Database\\Query\\Builder.php(3027): Illuminate\\Database\\Query\\Builder->first(Array)
#10 D:\\praktikum_laravel\\laravelPraktikum\\vendor\\laravel\\framework\\src\\Illuminate\\Session\\DatabaseSessionHandler.php(96): Illuminate\\Database\\Query\\Builder->find('9JwkFdtvGkTSHm0...')
#11 D:\\praktikum_laravel\\laravelPraktikum\\vendor\\laravel\\framework\\src\\Illuminate\\Session\\Store.php(116): Illuminate\\Session\\DatabaseSessionHandler->read('9JwkFdtvGkTSHm0...')
#12 D:\\praktikum_laravel\\laravelPraktikum\\vendor\\laravel\\framework\\src\\Illuminate\\Session\\Store.php(104): Illuminate\\Session\\Store->readFromHandler()
#13 D:\\praktikum_laravel\\laravelPraktikum\\vendor\\laravel\\framework\\src\\Illuminate\\Session\\Store.php(88): Illuminate\\Session\\Store->loadSession()
#14 D:\\praktikum_laravel\\laravelPraktikum\\vendor\\laravel\\framework\\src\\Illuminate\\Session\\Middleware\\StartSession.php(146): Illuminate\\Session\\Store->start()
#15 D:\\praktikum_laravel\\laravelPraktikum\\vendor\\laravel\\framework\\src\\Illuminate\\Support\\helpers.php(399): Illuminate\\Session\\Middleware\\StartSession->Illuminate\\Session\\Middleware\\{closure}(Object(Illuminate\\Session\\Store))
#16 D:\\praktikum_laravel\\laravelPraktikum\\vendor\\laravel\\framework\\src\\Illuminate\\Session\\Middleware\\StartSession.php(143): tap(Object(Illuminate\\Session\\Store), Object(Closure))
#17 D:\\praktikum_laravel\\laravelPraktikum\\vendor\\laravel\\framework\\src\\Illuminate\\Session\\Middleware\\StartSession.php(115): Illuminate\\Session\\Middleware\\StartSession->startSession(Object(Illuminate\\Http\\Request), Object(Illuminate\\Session\\Store))
#18 D:\\praktikum_laravel\\laravelPraktikum\\vendor\\laravel\\framework\\src\\Illuminate\\Session\\Middleware\\StartSession.php(63): Illuminate\\Session\\Middleware\\StartSession->handleStatefulRequest(Object(Illuminate\\Http\\Request), Object(Illuminate\\Session\\Store), Object(Closure))
#19 D:\\praktikum_laravel\\laravelPraktikum\\vendor\\laravel\\framework\\src\\Illuminate\\Pipeline\\Pipeline.php(208): Illuminate\\Session\\Middleware\\StartSession->handle(Object(Illuminate\\Http\\Request), Object(Closure))
#20 D:\\praktikum_laravel\\laravelPraktikum\\vendor\\laravel\\framework\\src\\Illuminate\\Cookie\\Middleware\\AddQueuedCookiesToResponse.php(36): Illuminate\\Pipeline\\Pipeline->Illuminate\\Pipeline\\{closure}(Object(Illuminate\\Http\\Request))
#21 D:\\praktikum_laravel\\laravelPraktikum\\vendor\\laravel\\framework\\src\\Illuminate\\Pipeline\\Pipeline.php(208): Illuminate\\Cookie\\Middleware\\AddQueuedCookiesToResponse->handle(Object(Illuminate\\Http\\Request), Object(Closure))
#22 D:\\praktikum_laravel\\laravelPraktikum\\vendor\\laravel\\framework\\src\\Illuminate\\Cookie\\Middleware\\EncryptCookies.php(74): Illuminate\\Pipeline\\Pipeline->Illuminate\\Pipeline\\{closure}(Object(Illuminate\\Http\\Request))
#23 D:\\praktikum_laravel\\laravelPraktikum\\vendor\\laravel\\framework\\src\\Illuminate\\Pipeline\\Pipeline.php(208): Illuminate\\Cookie\\Middleware\\EncryptCookies->handle(Object(Illuminate\\Http\\Request), Object(Closure))
#24 D:\\praktikum_laravel\\laravelPraktikum\\vendor\\laravel\\framework\\src\\Illuminate\\Pipeline\\Pipeline.php(126): Illuminate\\Pipeline\\Pipeline->Illuminate\\Pipeline\\{closure}(Object(Illuminate\\Http\\Request))
#25 D:\\praktikum_laravel\\laravelPraktikum\\vendor\\laravel\\framework\\src\\Illuminate\\Routing\\Router.php(807): Illuminate\\Pipeline\\Pipeline->then(Object(Closure))
#26 D:\\praktikum_laravel\\laravelPraktikum\\vendor\\laravel\\framework\\src\\Illuminate\\Routing\\Router.php(786): Illuminate\\Routing\\Router->runRouteWithinStack(Object(Illuminate\\Routing\\Route), Object(Illuminate\\Http\\Request))
#27 D:\\praktikum_laravel\\laravelPraktikum\\vendor\\laravel\\framework\\src\\Illuminate\\Routing\\Router.php(750): Illuminate\\Routing\\Router->runRoute(Object(Illuminate\\Http\\Request), Object(Illuminate\\Routing\\Route))
#28 D:\\praktikum_laravel\\laravelPraktikum\\vendor\\laravel\\framework\\src\\Illuminate\\Routing\\Router.php(739): Illuminate\\Routing\\Router->dispatchToRoute(Object(Illuminate\\Http\\Request))
#29 D:\\praktikum_laravel\\laravelPraktikum\\vendor\\laravel\\framework\\src\\Illuminate\\Foundation\\Http\\Kernel.php(200): Illuminate\\Routing\\Router->dispatch(Object(Illuminate\\Http\\Request))
#30 D:\\praktikum_laravel\\laravelPraktikum\\vendor\\laravel\\framework\\src\\Illuminate\\Pipeline\\Pipeline.php(169): Illuminate\\Foundation\\Http\\Kernel->Illuminate\\Foundation\\Http\\{closure}(Object(Illuminate\\Http\\Request))
#31 D:\\praktikum_laravel\\laravelPraktikum\\vendor\\laravel\\framework\\src\\Illuminate\\Foundation\\Http\\Middleware\\TransformsRequest.php(21): Illuminate\\Pipeline\\Pipeline->Illuminate\\Pipeline\\{closure}(Object(Illuminate\\Http\\Request))
#32 D:\\praktikum_laravel\\laravelPraktikum\\vendor\\laravel\\framework\\src\\Illuminate\\Foundation\\Http\\Middleware\\ConvertEmptyStringsToNull.php(31): Illuminate\\Foundation\\Http\\Middleware\\TransformsRequest->handle(Object(Illuminate\\Http\\Request), Object(Closure))
#33 D:\\praktikum_laravel\\laravelPraktikum\\vendor\\laravel\\framework\\src\\Illuminate\\Pipeline\\Pipeline.php(208): Illuminate\\Foundation\\Http\\Middleware\\ConvertEmptyStringsToNull->handle(Object(Illuminate\\Http\\Request), Object(Closure))
#34 D:\\praktikum_laravel\\laravelPraktikum\\vendor\\laravel\\framework\\src\\Illuminate\\Foundation\\Http\\Middleware\\TransformsRequest.php(21): Illuminate\\Pipeline\\Pipeline->Illuminate\\Pipeline\\{closure}(Object(Illuminate\\Http\\Request))
#35 D:\\praktikum_laravel\\laravelPraktikum\\vendor\\laravel\\framework\\src\\Illuminate\\Foundation\\Http\\Middleware\\TrimStrings.php(51): Illuminate\\Foundation\\Http\\Middleware\\TransformsRequest->handle(Object(Illuminate\\Http\\Request), Object(Closure))
#36 D:\\praktikum_laravel\\laravelPraktikum\\vendor\\laravel\\framework\\src\\Illuminate\\Pipeline\\Pipeline.php(208): Illuminate\\Foundation\\Http\\Middleware\\TrimStrings->handle(Object(Illuminate\\Http\\Request), Object(Closure))
#37 D:\\praktikum_laravel\\laravelPraktikum\\vendor\\laravel\\framework\\src\\Illuminate\\Http\\Middleware\\ValidatePostSize.php(27): Illuminate\\Pipeline\\Pipeline->Illuminate\\Pipeline\\{closure}(Object(Illuminate\\Http\\Request))
#38 D:\\praktikum_laravel\\laravelPraktikum\\vendor\\laravel\\framework\\src\\Illuminate\\Pipeline\\Pipeline.php(208): Illuminate\\Http\\Middleware\\ValidatePostSize->handle(Object(Illuminate\\Http\\Request), Object(Closure))
#39 D:\\praktikum_laravel\\laravelPraktikum\\vendor\\laravel\\framework\\src\\Illuminate\\Foundation\\Http\\Middleware\\PreventRequestsDuringMaintenance.php(109): Illuminate\\Pipeline\\Pipeline->Illuminate\\Pipeline\\{closure}(Object(Illuminate\\Http\\Request))
#40 D:\\praktikum_laravel\\laravelPraktikum\\vendor\\laravel\\framework\\src\\Illuminate\\Pipeline\\Pipeline.php(208): Illuminate\\Foundation\\Http\\Middleware\\PreventRequestsDuringMaintenance->handle(Object(Illuminate\\Http\\Request), Object(Closure))
#41 D:\\praktikum_laravel\\laravelPraktikum\\vendor\\laravel\\framework\\src\\Illuminate\\Http\\Middleware\\HandleCors.php(48): Illuminate\\Pipeline\\Pipeline->Illuminate\\Pipeline\\{closure}(Object(Illuminate\\Http\\Request))
#42 D:\\praktikum_laravel\\laravelPraktikum\\vendor\\laravel\\framework\\src\\Illuminate\\Pipeline\\Pipeline.php(208): Illuminate\\Http\\Middleware\\HandleCors->handle(Object(Illuminate\\Http\\Request), Object(Closure))
#43 D:\\praktikum_laravel\\laravelPraktikum\\vendor\\laravel\\framework\\src\\Illuminate\\Http\\Middleware\\TrustProxies.php(58): Illuminate\\Pipeline\\Pipeline->Illuminate\\Pipeline\\{closure}(Object(Illuminate\\Http\\Request))
#44 D:\\praktikum_laravel\\laravelPraktikum\\vendor\\laravel\\framework\\src\\Illuminate\\Pipeline\\Pipeline.php(208): Illuminate\\Http\\Middleware\\TrustProxies->handle(Object(Illuminate\\Http\\Request), Object(Closure))
#45 D:\\praktikum_laravel\\laravelPraktikum\\vendor\\laravel\\framework\\src\\Illuminate\\Foundation\\Http\\Middleware\\InvokeDeferredCallbacks.php(22): Illuminate\\Pipeline\\Pipeline->Illuminate\\Pipeline\\{closure}(Object(Illuminate\\Http\\Request))
#46 D:\\praktikum_laravel\\laravelPraktikum\\vendor\\laravel\\framework\\src\\Illuminate\\Pipeline\\Pipeline.php(208): Illuminate\\Foundation\\Http\\Middleware\\InvokeDeferredCallbacks->handle(Object(Illuminate\\Http\\Request), Object(Closure))
#47 D:\\praktikum_laravel\\laravelPraktikum\\vendor\\laravel\\framework\\src\\Illuminate\\Http\\Middleware\\ValidatePathEncoding.php(26): Illuminate\\Pipeline\\Pipeline->Illuminate\\Pipeline\\{closure}(Object(Illuminate\\Http\\Request))
#48 D:\\praktikum_laravel\\laravelPraktikum\\vendor\\laravel\\framework\\src\\Illuminate\\Pipeline\\Pipeline.php(208): Illuminate\\Http\\Middleware\\ValidatePathEncoding->handle(Object(Illuminate\\Http\\Request), Object(Closure))
#49 D:\\praktikum_laravel\\laravelPraktikum\\vendor\\laravel\\framework\\src\\Illuminate\\Pipeline\\Pipeline.php(126): Illuminate\\Pipeline\\Pipeline->Illuminate\\Pipeline\\{closure}(Object(Illuminate\\Http\\Request))
#50 D:\\praktikum_laravel\\laravelPraktikum\\vendor\\laravel\\framework\\src\\Illuminate\\Foundation\\Http\\Kernel.php(175): Illuminate\\Pipeline\\Pipeline->then(Object(Closure))
#51 D:\\praktikum_laravel\\laravelPraktikum\\vendor\\laravel\\framework\\src\\Illuminate\\Foundation\\Http\\Kernel.php(144): Illuminate\\Foundation\\Http\\Kernel->sendRequestThroughRouter(Object(Illuminate\\Http\\Request))
#52 D:\\praktikum_laravel\\laravelPraktikum\\vendor\\laravel\\framework\\src\\Illuminate\\Foundation\\Application.php(1219): Illuminate\\Foundation\\Http\\Kernel->handle(Object(Illuminate\\Http\\Request))
#53 D:\\praktikum_laravel\\laravelPraktikum\\public\\index.php(20): Illuminate\\Foundation\\Application->handleRequest(Object(Illuminate\\Http\\Request))
#54 D:\\praktikum_laravel\\laravelPraktikum\\vendor\\laravel\\framework\\src\\Illuminate\\Foundation\\resources\\server.php(23): require_once('D:\\\\praktikum_la...')
#55 {main}

[previous exception] [object] (PDOException(code: 2002): SQLSTATE[HY000] [2002] No connection could be made because the target machine actively refused it at D:\\praktikum_laravel\\laravelPraktikum\\vendor\\laravel\\framework\\src\\Illuminate\\Database\\Connectors\\Connector.php:66)
[stacktrace]
#0 D:\\praktikum_laravel\\laravelPraktikum\\vendor\\laravel\\framework\\src\\Illuminate\\Database\\Connectors\\Connector.php(66): PDO->__construct('mysql:host=127....', 'root', Object(SensitiveParameterValue), Array)
#1 D:\\praktikum_laravel\\laravelPraktikum\\vendor\\laravel\\framework\\src\\Illuminate\\Database\\Connectors\\Connector.php(85): Illuminate\\Database\\Connectors\\Connector->createPdoConnection('mysql:host=127....', 'root', Object(SensitiveParameterValue), Array)
#2 D:\\praktikum_laravel\\laravelPraktikum\\vendor\\laravel\\framework\\src\\Illuminate\\Database\\Connectors\\Connector.php(48): Illuminate\\Database\\Connectors\\Connector->tryAgainIfCausedByLostConnection(Object(PDOException), 'mysql:host=127....', 'root', Object(SensitiveParameterValue), Array)
#3 D:\\praktikum_laravel\\laravelPraktikum\\vendor\\laravel\\framework\\src\\Illuminate\\Database\\Connectors\\MySqlConnector.php(24): Illuminate\\Database\\Connectors\\Connector->createConnection('mysql:host=127....', Array, Array)
#4 D:\\praktikum_laravel\\laravelPraktikum\\vendor\\laravel\\framework\\src\\Illuminate\\Database\\Connectors\\ConnectionFactory.php(184): Illuminate\\Database\\Connectors\\MySqlConnector->connect(Array)
#5 [internal function]: Illuminate\\Database\\Connectors\\ConnectionFactory->Illuminate\\Database\\Connectors\\{closure}()
#6 D:\\praktikum_laravel\\laravelPraktikum\\vendor\\laravel\\framework\\src\\Illuminate\\Database\\Connection.php(1228): call_user_func(Object(Closure))
#7 D:\\praktikum_laravel\\laravelPraktikum\\vendor\\laravel\\framework\\src\\Illuminate\\Database\\Connection.php(509): Illuminate\\Database\\Connection->getPdo()
#8 D:\\praktikum_laravel\\laravelPraktikum\\vendor\\laravel\\framework\\src\\Illuminate\\Database\\Connection.php(404): Illuminate\\Database\\Connection->getPdoForSelect(false)
#9 D:\\praktikum_laravel\\laravelPraktikum\\vendor\\laravel\\framework\\src\\Illuminate\\Database\\Connection.php(809): Illuminate\\Database\\Connection->Illuminate\\Database\\{closure}('select * from `...', Array)
#10 D:\\praktikum_laravel\\laravelPraktikum\\vendor\\laravel\\framework\\src\\Illuminate\\Database\\Connection.php(976): Illuminate\\Database\\Connection->runQueryCallback('select * from `...', Array, Object(Closure))
#11 D:\\praktikum_laravel\\laravelPraktikum\\vendor\\laravel\\framework\\src\\Illuminate\\Database\\Connection.php(955): Illuminate\\Database\\Connection->tryAgainIfCausedByLostConnection(Object(Illuminate\\Database\\QueryException), 'select * from `...', Array, Object(Closure))
#12 D:\\praktikum_laravel\\laravelPraktikum\\vendor\\laravel\\framework\\src\\Illuminate\\Database\\Connection.php(778): Illuminate\\Database\\Connection->handleQueryException(Object(Illuminate\\Database\\QueryException), 'select * from `...', Array, Object(Closure))
#13 D:\\praktikum_laravel\\laravelPraktikum\\vendor\\laravel\\framework\\src\\Illuminate\\Database\\Connection.php(395): Illuminate\\Database\\Connection->run('select * from `...', Array, Object(Closure))
#14 D:\\praktikum_laravel\\laravelPraktikum\\vendor\\laravel\\framework\\src\\Illuminate\\Database\\Query\\Builder.php(3120): Illuminate\\Database\\Connection->select('select * from `...', Array, false)
#15 D:\\praktikum_laravel\\laravelPraktikum\\vendor\\laravel\\framework\\src\\Illuminate\\Database\\Query\\Builder.php(3105): Illuminate\\Database\\Query\\Builder->runSelect()
#16 D:\\praktikum_laravel\\laravelPraktikum\\vendor\\laravel\\framework\\src\\Illuminate\\Database\\Query\\Builder.php(3695): Illuminate\\Database\\Query\\Builder->Illuminate\\Database\\Query\\{closure}()
#17 D:\\praktikum_laravel\\laravelPraktikum\\vendor\\laravel\\framework\\src\\Illuminate\\Database\\Query\\Builder.php(3104): Illuminate\\Database\\Query\\Builder->onceWithColumns(Array, Object(Closure))
#18 D:\\praktikum_laravel\\laravelPraktikum\\vendor\\laravel\\framework\\src\\Illuminate\\Database\\Concerns\\BuildsQueries.php(366): Illuminate\\Database\\Query\\Builder->get(Array)
#19 D:\\praktikum_laravel\\laravelPraktikum\\vendor\\laravel\\framework\\src\\Illuminate\\Database\\Query\\Builder.php(3027): Illuminate\\Database\\Query\\Builder->first(Array)
#20 D:\\praktikum_laravel\\laravelPraktikum\\vendor\\laravel\\framework\\src\\Illuminate\\Session\\DatabaseSessionHandler.php(96): Illuminate\\Database\\Query\\Builder->find('9JwkFdtvGkTSHm0...')
#21 D:\\praktikum_laravel\\laravelPraktikum\\vendor\\laravel\\framework\\src\\Illuminate\\Session\\Store.php(116): Illuminate\\Session\\DatabaseSessionHandler->read('9JwkFdtvGkTSHm0...')
#22 D:\\praktikum_laravel\\laravelPraktikum\\vendor\\laravel\\framework\\src\\Illuminate\\Session\\Store.php(104): Illuminate\\Session\\Store->readFromHandler()
#23 D:\\praktikum_laravel\\laravelPraktikum\\vendor\\laravel\\framework\\src\\Illuminate\\Session\\Store.php(88): Illuminate\\Session\\Store->loadSession()
#24 D:\\praktikum_laravel\\laravelPraktikum\\vendor\\laravel\\framework\\src\\Illuminate\\Session\\Middleware\\StartSession.php(146): Illuminate\\Session\\Store->start()
#25 D:\\praktikum_laravel\\laravelPraktikum\\vendor\\laravel\\framework\\src\\Illuminate\\Support\\helpers.php(399): Illuminate\\Session\\Middleware\\StartSession->Illuminate\\Session\\Middleware\\{closure}(Object(Illuminate\\Session\\Store))
#26 D:\\praktikum_laravel\\laravelPraktikum\\vendor\\laravel\\framework\\src\\Illuminate\\Session\\Middleware\\StartSession.php(143): tap(Object(Illuminate\\Session\\Store), Object(Closure))
#27 D:\\praktikum_laravel\\laravelPraktikum\\vendor\\laravel\\framework\\src\\Illuminate\\Session\\Middleware\\StartSession.php(115): Illuminate\\Session\\Middleware\\StartSession->startSession(Object(Illuminate\\Http\\Request), Object(Illuminate\\Session\\Store))
#28 D:\\praktikum_laravel\\laravelPraktikum\\vendor\\laravel\\framework\\src\\Illuminate\\Session\\Middleware\\StartSession.php(63): Illuminate\\Session\\Middleware\\StartSession->handleStatefulRequest(Object(Illuminate\\Http\\Request), Object(Illuminate\\Session\\Store), Object(Closure))
#29 D:\\praktikum_laravel\\laravelPraktikum\\vendor\\laravel\\framework\\src\\Illuminate\\Pipeline\\Pipeline.php(208): Illuminate\\Session\\Middleware\\StartSession->handle(Object(Illuminate\\Http\\Request), Object(Closure))
#30 D:\\praktikum_laravel\\laravelPraktikum\\vendor\\laravel\\framework\\src\\Illuminate\\Cookie\\Middleware\\AddQueuedCookiesToResponse.php(36): Illuminate\\Pipeline\\Pipeline->Illuminate\\Pipeline\\{closure}(Object(Illuminate\\Http\\Request))
#31 D:\\praktikum_laravel\\laravelPraktikum\\vendor\\laravel\\framework\\src\\Illuminate\\Pipeline\\Pipeline.php(208): Illuminate\\Cookie\\Middleware\\AddQueuedCookiesToResponse->handle(Object(Illuminate\\Http\\Request), Object(Closure))
#32 D:\\praktikum_laravel\\laravelPraktikum\\vendor\\laravel\\framework\\src\\Illuminate\\Cookie\\Middleware\\EncryptCookies.php(74): Illuminate\\Pipeline\\Pipeline->Illuminate\\Pipeline\\{closure}(Object(Illuminate\\Http\\Request))
#33 D:\\praktikum_laravel\\laravelPraktikum\\vendor\\laravel\\framework\\src\\Illuminate\\Pipeline\\Pipeline.php(208): Illuminate\\Cookie\\Middleware\\EncryptCookies->handle(Object(Illuminate\\Http\\Request), Object(Closure))
#34 D:\\praktikum_laravel\\laravelPraktikum\\vendor\\laravel\\framework\\src\\Illuminate\\Pipeline\\Pipeline.php(126): Illuminate\\Pipeline\\Pipeline->Illuminate\\Pipeline\\{closure}(Object(Illuminate\\Http\\Request))
#35 D:\\praktikum_laravel\\laravelPraktikum\\vendor\\laravel\\framework\\src\\Illuminate\\Routing\\Router.php(807): Illuminate\\Pipeline\\Pipeline->then(Object(Closure))
#36 D:\\praktikum_laravel\\laravelPraktikum\\vendor\\laravel\\framework\\src\\Illuminate\\Routing\\Router.php(786): Illuminate\\Routing\\Router->runRouteWithinStack(Object(Illuminate\\Routing\\Route), Object(Illuminate\\Http\\Request))
#37 D:\\praktikum_laravel\\laravelPraktikum\\vendor\\laravel\\framework\\src\\Illuminate\\Routing\\Router.php(750): Illuminate\\Routing\\Router->runRoute(Object(Illuminate\\Http\\Request), Object(Illuminate\\Routing\\Route))
#38 D:\\praktikum_laravel\\laravelPraktikum\\vendor\\laravel\\framework\\src\\Illuminate\\Routing\\Router.php(739): Illuminate\\Routing\\Router->dispatchToRoute(Object(Illuminate\\Http\\Request))
#39 D:\\praktikum_laravel\\laravelPraktikum\\vendor\\laravel\\framework\\src\\Illuminate\\Foundation\\Http\\Kernel.php(200): Illuminate\\Routing\\Router->dispatch(Object(Illuminate\\Http\\Request))
#40 D:\\praktikum_laravel\\laravelPraktikum\\vendor\\laravel\\framework\\src\\Illuminate\\Pipeline\\Pipeline.php(169): Illuminate\\Foundation\\Http\\Kernel->Illuminate\\Foundation\\Http\\{closure}(Object(Illuminate\\Http\\Request))
#41 D:\\praktikum_laravel\\laravelPraktikum\\vendor\\laravel\\framework\\src\\Illuminate\\Foundation\\Http\\Middleware\\TransformsRequest.php(21): Illuminate\\Pipeline\\Pipeline->Illuminate\\Pipeline\\{closure}(Object(Illuminate\\Http\\Request))
#42 D:\\praktikum_laravel\\laravelPraktikum\\vendor\\laravel\\framework\\src\\Illuminate\\Foundation\\Http\\Middleware\\ConvertEmptyStringsToNull.php(31): Illuminate\\Foundation\\Http\\Middleware\\TransformsRequest->handle(Object(Illuminate\\Http\\Request), Object(Closure))
#43 D:\\praktikum_laravel\\laravelPraktikum\\vendor\\laravel\\framework\\src\\Illuminate\\Pipeline\\Pipeline.php(208): Illuminate\\Foundation\\Http\\Middleware\\ConvertEmptyStringsToNull->handle(Object(Illuminate\\Http\\Request), Object(Closure))
#44 D:\\praktikum_laravel\\laravelPraktikum\\vendor\\laravel\\framework\\src\\Illuminate\\Foundation\\Http\\Middleware\\TransformsRequest.php(21): Illuminate\\Pipeline\\Pipeline->Illuminate\\Pipeline\\{closure}(Object(Illuminate\\Http\\Request))
#45 D:\\praktikum_laravel\\laravelPraktikum\\vendor\\laravel\\framework\\src\\Illuminate\\Foundation\\Http\\Middleware\\TrimStrings.php(51): Illuminate\\Foundation\\Http\\Middleware\\TransformsRequest->handle(Object(Illuminate\\Http\\Request), Object(Closure))
#46 D:\\praktikum_laravel\\laravelPraktikum\\vendor\\laravel\\framework\\src\\Illuminate\\Pipeline\\Pipeline.php(208): Illuminate\\Foundation\\Http\\Middleware\\TrimStrings->handle(Object(Illuminate\\Http\\Request), Object(Closure))
#47 D:\\praktikum_laravel\\laravelPraktikum\\vendor\\laravel\\framework\\src\\Illuminate\\Http\\Middleware\\ValidatePostSize.php(27): Illuminate\\Pipeline\\Pipeline->Illuminate\\Pipeline\\{closure}(Object(Illuminate\\Http\\Request))
#48 D:\\praktikum_laravel\\laravelPraktikum\\vendor\\laravel\\framework\\src\\Illuminate\\Pipeline\\Pipeline.php(208): Illuminate\\Http\\Middleware\\ValidatePostSize->handle(Object(Illuminate\\Http\\Request), Object(Closure))
#49 D:\\praktikum_laravel\\laravelPraktikum\\vendor\\laravel\\framework\\src\\Illuminate\\Foundation\\Http\\Middleware\\PreventRequestsDuringMaintenance.php(109): Illuminate\\Pipeline\\Pipeline->Illuminate\\Pipeline\\{closure}(Object(Illuminate\\Http\\Request))
#50 D:\\praktikum_laravel\\laravelPraktikum\\vendor\\laravel\\framework\\src\\Illuminate\\Pipeline\\Pipeline.php(208): Illuminate\\Foundation\\Http\\Middleware\\PreventRequestsDuringMaintenance->handle(Object(Illuminate\\Http\\Request), Object(Closure))
#51 D:\\praktikum_laravel\\laravelPraktikum\\vendor\\laravel\\framework\\src\\Illuminate\\Http\\Middleware\\HandleCors.php(48): Illuminate\\Pipeline\\Pipeline->Illuminate\\Pipeline\\{closure}(Object(Illuminate\\Http\\Request))
#52 D:\\praktikum_laravel\\laravelPraktikum\\vendor\\laravel\\framework\\src\\Illuminate\\Pipeline\\Pipeline.php(208): Illuminate\\Http\\Middleware\\HandleCors->handle(Object(Illuminate\\Http\\Request), Object(Closure))
#53 D:\\praktikum_laravel\\laravelPraktikum\\vendor\\laravel\\framework\\src\\Illuminate\\Http\\Middleware\\TrustProxies.php(58): Illuminate\\Pipeline\\Pipeline->Illuminate\\Pipeline\\{closure}(Object(Illuminate\\Http\\Request))
#54 D:\\praktikum_laravel\\laravelPraktikum\\vendor\\laravel\\framework\\src\\Illuminate\\Pipeline\\Pipeline.php(208): Illuminate\\Http\\Middleware\\TrustProxies->handle(Object(Illuminate\\Http\\Request), Object(Closure))
#55 D:\\praktikum_laravel\\laravelPraktikum\\vendor\\laravel\\framework\\src\\Illuminate\\Foundation\\Http\\Middleware\\InvokeDeferredCallbacks.php(22): Illuminate\\Pipeline\\Pipeline->Illuminate\\Pipeline\\{closure}(Object(Illuminate\\Http\\Request))
#56 D:\\praktikum_laravel\\laravelPraktikum\\vendor\\laravel\\framework\\src\\Illuminate\\Pipeline\\Pipeline.php(208): Illuminate\\Foundation\\Http\\Middleware\\InvokeDeferredCallbacks->handle(Object(Illuminate\\Http\\Request), Object(Closure))
#57 D:\\praktikum_laravel\\laravelPraktikum\\vendor\\laravel\\framework\\src\\Illuminate\\Http\\Middleware\\ValidatePathEncoding.php(26): Illuminate\\Pipeline\\Pipeline->Illuminate\\Pipeline\\{closure}(Object(Illuminate\\Http\\Request))
#58 D:\\praktikum_laravel\\laravelPraktikum\\vendor\\laravel\\framework\\src\\Illuminate\\Pipeline\\Pipeline.php(208): Illuminate\\Http\\Middleware\\ValidatePathEncoding->handle(Object(Illuminate\\Http\\Request), Object(Closure))
#59 D:\\praktikum_laravel\\laravelPraktikum\\vendor\\laravel\\framework\\src\\Illuminate\\Pipeline\\Pipeline.php(126): Illuminate\\Pipeline\\Pipeline->Illuminate\\Pipeline\\{closure}(Object(Illuminate\\Http\\Request))
#60 D:\\praktikum_laravel\\laravelPraktikum\\vendor\\laravel\\framework\\src\\Illuminate\\Foundation\\Http\\Kernel.php(175): Illuminate\\Pipeline\\Pipeline->then(Object(Closure))
#61 D:\\praktikum_laravel\\laravelPraktikum\\vendor\\laravel\\framework\\src\\Illuminate\\Foundation\\Http\\Kernel.php(144): Illuminate\\Foundation\\Http\\Kernel->sendRequestThroughRouter(Object(Illuminate\\Http\\Request))
#62 D:\\praktikum_laravel\\laravelPraktikum\\vendor\\laravel\\framework\\src\\Illuminate\\Foundation\\Application.php(1219): Illuminate\\Foundation\\Http\\Kernel->handle(Object(Illuminate\\Http\\Request))
#63 D:\\praktikum_laravel\\laravelPraktikum\\public\\index.php(20): Illuminate\\Foundation\\Application->handleRequest(Object(Illuminate\\Http\\Request))
#64 D:\\praktikum_laravel\\laravelPraktikum\\vendor\\laravel\\framework\\src\\Illuminate\\Foundation\\resources\\server.php(23): require_once('D:\\\\praktikum_la...')
#65 {main}
"} 
[2025-05-19 06:18:20] local.ERROR: SQLSTATE[HY000] [2002] No connection could be made because the target machine actively refused it (Connection: mysql, SQL: select * from `sessions` where `id` = 7f2OerbzNkOTRTvxjMf6fpkuO9Hx4yiiSSmXThFG limit 1) {"exception":"[object] (Illuminate\\Database\\QueryException(code: 2002): SQLSTATE[HY000] [2002] No connection could be made because the target machine actively refused it (Connection: mysql, SQL: select * from `sessions` where `id` = 7f2OerbzNkOTRTvxjMf6fpkuO9Hx4yiiSSmXThFG limit 1) at D:\\praktikum_laravel\\laravelPraktikum\\vendor\\laravel\\framework\\src\\Illuminate\\Database\\Connection.php:822)
[stacktrace]
#0 D:\\praktikum_laravel\\laravelPraktikum\\vendor\\laravel\\framework\\src\\Illuminate\\Database\\Connection.php(976): Illuminate\\Database\\Connection->runQueryCallback('select * from `...', Array, Object(Closure))
#1 D:\\praktikum_laravel\\laravelPraktikum\\vendor\\laravel\\framework\\src\\Illuminate\\Database\\Connection.php(955): Illuminate\\Database\\Connection->tryAgainIfCausedByLostConnection(Object(Illuminate\\Database\\QueryException), 'select * from `...', Array, Object(Closure))
#2 D:\\praktikum_laravel\\laravelPraktikum\\vendor\\laravel\\framework\\src\\Illuminate\\Database\\Connection.php(778): Illuminate\\Database\\Connection->handleQueryException(Object(Illuminate\\Database\\QueryException), 'select * from `...', Array, Object(Closure))
#3 D:\\praktikum_laravel\\laravelPraktikum\\vendor\\laravel\\framework\\src\\Illuminate\\Database\\Connection.php(395): Illuminate\\Database\\Connection->run('select * from `...', Array, Object(Closure))
#4 D:\\praktikum_laravel\\laravelPraktikum\\vendor\\laravel\\framework\\src\\Illuminate\\Database\\Query\\Builder.php(3120): Illuminate\\Database\\Connection->select('select * from `...', Array, false)
#5 D:\\praktikum_laravel\\laravelPraktikum\\vendor\\laravel\\framework\\src\\Illuminate\\Database\\Query\\Builder.php(3105): Illuminate\\Database\\Query\\Builder->runSelect()
#6 D:\\praktikum_laravel\\laravelPraktikum\\vendor\\laravel\\framework\\src\\Illuminate\\Database\\Query\\Builder.php(3695): Illuminate\\Database\\Query\\Builder->Illuminate\\Database\\Query\\{closure}()
#7 D:\\praktikum_laravel\\laravelPraktikum\\vendor\\laravel\\framework\\src\\Illuminate\\Database\\Query\\Builder.php(3104): Illuminate\\Database\\Query\\Builder->onceWithColumns(Array, Object(Closure))
#8 D:\\praktikum_laravel\\laravelPraktikum\\vendor\\laravel\\framework\\src\\Illuminate\\Database\\Concerns\\BuildsQueries.php(366): Illuminate\\Database\\Query\\Builder->get(Array)
#9 D:\\praktikum_laravel\\laravelPraktikum\\vendor\\laravel\\framework\\src\\Illuminate\\Database\\Query\\Builder.php(3027): Illuminate\\Database\\Query\\Builder->first(Array)
#10 D:\\praktikum_laravel\\laravelPraktikum\\vendor\\laravel\\framework\\src\\Illuminate\\Session\\DatabaseSessionHandler.php(96): Illuminate\\Database\\Query\\Builder->find('7f2OerbzNkOTRTv...')
#11 D:\\praktikum_laravel\\laravelPraktikum\\vendor\\laravel\\framework\\src\\Illuminate\\Session\\Store.php(116): Illuminate\\Session\\DatabaseSessionHandler->read('7f2OerbzNkOTRTv...')
#12 D:\\praktikum_laravel\\laravelPraktikum\\vendor\\laravel\\framework\\src\\Illuminate\\Session\\Store.php(104): Illuminate\\Session\\Store->readFromHandler()
#13 D:\\praktikum_laravel\\laravelPraktikum\\vendor\\laravel\\framework\\src\\Illuminate\\Session\\Store.php(88): Illuminate\\Session\\Store->loadSession()
#14 D:\\praktikum_laravel\\laravelPraktikum\\vendor\\laravel\\framework\\src\\Illuminate\\Session\\Middleware\\StartSession.php(146): Illuminate\\Session\\Store->start()
#15 D:\\praktikum_laravel\\laravelPraktikum\\vendor\\laravel\\framework\\src\\Illuminate\\Support\\helpers.php(399): Illuminate\\Session\\Middleware\\StartSession->Illuminate\\Session\\Middleware\\{closure}(Object(Illuminate\\Session\\Store))
#16 D:\\praktikum_laravel\\laravelPraktikum\\vendor\\laravel\\framework\\src\\Illuminate\\Session\\Middleware\\StartSession.php(143): tap(Object(Illuminate\\Session\\Store), Object(Closure))
#17 D:\\praktikum_laravel\\laravelPraktikum\\vendor\\laravel\\framework\\src\\Illuminate\\Session\\Middleware\\StartSession.php(115): Illuminate\\Session\\Middleware\\StartSession->startSession(Object(Illuminate\\Http\\Request), Object(Illuminate\\Session\\Store))
#18 D:\\praktikum_laravel\\laravelPraktikum\\vendor\\laravel\\framework\\src\\Illuminate\\Session\\Middleware\\StartSession.php(63): Illuminate\\Session\\Middleware\\StartSession->handleStatefulRequest(Object(Illuminate\\Http\\Request), Object(Illuminate\\Session\\Store), Object(Closure))
#19 D:\\praktikum_laravel\\laravelPraktikum\\vendor\\laravel\\framework\\src\\Illuminate\\Pipeline\\Pipeline.php(208): Illuminate\\Session\\Middleware\\StartSession->handle(Object(Illuminate\\Http\\Request), Object(Closure))
#20 D:\\praktikum_laravel\\laravelPraktikum\\vendor\\laravel\\framework\\src\\Illuminate\\Cookie\\Middleware\\AddQueuedCookiesToResponse.php(36): Illuminate\\Pipeline\\Pipeline->Illuminate\\Pipeline\\{closure}(Object(Illuminate\\Http\\Request))
#21 D:\\praktikum_laravel\\laravelPraktikum\\vendor\\laravel\\framework\\src\\Illuminate\\Pipeline\\Pipeline.php(208): Illuminate\\Cookie\\Middleware\\AddQueuedCookiesToResponse->handle(Object(Illuminate\\Http\\Request), Object(Closure))
#22 D:\\praktikum_laravel\\laravelPraktikum\\vendor\\laravel\\framework\\src\\Illuminate\\Cookie\\Middleware\\EncryptCookies.php(74): Illuminate\\Pipeline\\Pipeline->Illuminate\\Pipeline\\{closure}(Object(Illuminate\\Http\\Request))
#23 D:\\praktikum_laravel\\laravelPraktikum\\vendor\\laravel\\framework\\src\\Illuminate\\Pipeline\\Pipeline.php(208): Illuminate\\Cookie\\Middleware\\EncryptCookies->handle(Object(Illuminate\\Http\\Request), Object(Closure))
#24 D:\\praktikum_laravel\\laravelPraktikum\\vendor\\laravel\\framework\\src\\Illuminate\\Pipeline\\Pipeline.php(126): Illuminate\\Pipeline\\Pipeline->Illuminate\\Pipeline\\{closure}(Object(Illuminate\\Http\\Request))
#25 D:\\praktikum_laravel\\laravelPraktikum\\vendor\\laravel\\framework\\src\\Illuminate\\Routing\\Router.php(807): Illuminate\\Pipeline\\Pipeline->then(Object(Closure))
#26 D:\\praktikum_laravel\\laravelPraktikum\\vendor\\laravel\\framework\\src\\Illuminate\\Routing\\Router.php(786): Illuminate\\Routing\\Router->runRouteWithinStack(Object(Illuminate\\Routing\\Route), Object(Illuminate\\Http\\Request))
#27 D:\\praktikum_laravel\\laravelPraktikum\\vendor\\laravel\\framework\\src\\Illuminate\\Routing\\Router.php(750): Illuminate\\Routing\\Router->runRoute(Object(Illuminate\\Http\\Request), Object(Illuminate\\Routing\\Route))
#28 D:\\praktikum_laravel\\laravelPraktikum\\vendor\\laravel\\framework\\src\\Illuminate\\Routing\\Router.php(739): Illuminate\\Routing\\Router->dispatchToRoute(Object(Illuminate\\Http\\Request))
#29 D:\\praktikum_laravel\\laravelPraktikum\\vendor\\laravel\\framework\\src\\Illuminate\\Foundation\\Http\\Kernel.php(200): Illuminate\\Routing\\Router->dispatch(Object(Illuminate\\Http\\Request))
#30 D:\\praktikum_laravel\\laravelPraktikum\\vendor\\laravel\\framework\\src\\Illuminate\\Pipeline\\Pipeline.php(169): Illuminate\\Foundation\\Http\\Kernel->Illuminate\\Foundation\\Http\\{closure}(Object(Illuminate\\Http\\Request))
#31 D:\\praktikum_laravel\\laravelPraktikum\\vendor\\laravel\\framework\\src\\Illuminate\\Foundation\\Http\\Middleware\\TransformsRequest.php(21): Illuminate\\Pipeline\\Pipeline->Illuminate\\Pipeline\\{closure}(Object(Illuminate\\Http\\Request))
#32 D:\\praktikum_laravel\\laravelPraktikum\\vendor\\laravel\\framework\\src\\Illuminate\\Foundation\\Http\\Middleware\\ConvertEmptyStringsToNull.php(31): Illuminate\\Foundation\\Http\\Middleware\\TransformsRequest->handle(Object(Illuminate\\Http\\Request), Object(Closure))
#33 D:\\praktikum_laravel\\laravelPraktikum\\vendor\\laravel\\framework\\src\\Illuminate\\Pipeline\\Pipeline.php(208): Illuminate\\Foundation\\Http\\Middleware\\ConvertEmptyStringsToNull->handle(Object(Illuminate\\Http\\Request), Object(Closure))
#34 D:\\praktikum_laravel\\laravelPraktikum\\vendor\\laravel\\framework\\src\\Illuminate\\Foundation\\Http\\Middleware\\TransformsRequest.php(21): Illuminate\\Pipeline\\Pipeline->Illuminate\\Pipeline\\{closure}(Object(Illuminate\\Http\\Request))
#35 D:\\praktikum_laravel\\laravelPraktikum\\vendor\\laravel\\framework\\src\\Illuminate\\Foundation\\Http\\Middleware\\TrimStrings.php(51): Illuminate\\Foundation\\Http\\Middleware\\TransformsRequest->handle(Object(Illuminate\\Http\\Request), Object(Closure))
#36 D:\\praktikum_laravel\\laravelPraktikum\\vendor\\laravel\\framework\\src\\Illuminate\\Pipeline\\Pipeline.php(208): Illuminate\\Foundation\\Http\\Middleware\\TrimStrings->handle(Object(Illuminate\\Http\\Request), Object(Closure))
#37 D:\\praktikum_laravel\\laravelPraktikum\\vendor\\laravel\\framework\\src\\Illuminate\\Http\\Middleware\\ValidatePostSize.php(27): Illuminate\\Pipeline\\Pipeline->Illuminate\\Pipeline\\{closure}(Object(Illuminate\\Http\\Request))
#38 D:\\praktikum_laravel\\laravelPraktikum\\vendor\\laravel\\framework\\src\\Illuminate\\Pipeline\\Pipeline.php(208): Illuminate\\Http\\Middleware\\ValidatePostSize->handle(Object(Illuminate\\Http\\Request), Object(Closure))
#39 D:\\praktikum_laravel\\laravelPraktikum\\vendor\\laravel\\framework\\src\\Illuminate\\Foundation\\Http\\Middleware\\PreventRequestsDuringMaintenance.php(109): Illuminate\\Pipeline\\Pipeline->Illuminate\\Pipeline\\{closure}(Object(Illuminate\\Http\\Request))
#40 D:\\praktikum_laravel\\laravelPraktikum\\vendor\\laravel\\framework\\src\\Illuminate\\Pipeline\\Pipeline.php(208): Illuminate\\Foundation\\Http\\Middleware\\PreventRequestsDuringMaintenance->handle(Object(Illuminate\\Http\\Request), Object(Closure))
#41 D:\\praktikum_laravel\\laravelPraktikum\\vendor\\laravel\\framework\\src\\Illuminate\\Http\\Middleware\\HandleCors.php(48): Illuminate\\Pipeline\\Pipeline->Illuminate\\Pipeline\\{closure}(Object(Illuminate\\Http\\Request))
#42 D:\\praktikum_laravel\\laravelPraktikum\\vendor\\laravel\\framework\\src\\Illuminate\\Pipeline\\Pipeline.php(208): Illuminate\\Http\\Middleware\\HandleCors->handle(Object(Illuminate\\Http\\Request), Object(Closure))
#43 D:\\praktikum_laravel\\laravelPraktikum\\vendor\\laravel\\framework\\src\\Illuminate\\Http\\Middleware\\TrustProxies.php(58): Illuminate\\Pipeline\\Pipeline->Illuminate\\Pipeline\\{closure}(Object(Illuminate\\Http\\Request))
#44 D:\\praktikum_laravel\\laravelPraktikum\\vendor\\laravel\\framework\\src\\Illuminate\\Pipeline\\Pipeline.php(208): Illuminate\\Http\\Middleware\\TrustProxies->handle(Object(Illuminate\\Http\\Request), Object(Closure))
#45 D:\\praktikum_laravel\\laravelPraktikum\\vendor\\laravel\\framework\\src\\Illuminate\\Foundation\\Http\\Middleware\\InvokeDeferredCallbacks.php(22): Illuminate\\Pipeline\\Pipeline->Illuminate\\Pipeline\\{closure}(Object(Illuminate\\Http\\Request))
#46 D:\\praktikum_laravel\\laravelPraktikum\\vendor\\laravel\\framework\\src\\Illuminate\\Pipeline\\Pipeline.php(208): Illuminate\\Foundation\\Http\\Middleware\\InvokeDeferredCallbacks->handle(Object(Illuminate\\Http\\Request), Object(Closure))
#47 D:\\praktikum_laravel\\laravelPraktikum\\vendor\\laravel\\framework\\src\\Illuminate\\Http\\Middleware\\ValidatePathEncoding.php(26): Illuminate\\Pipeline\\Pipeline->Illuminate\\Pipeline\\{closure}(Object(Illuminate\\Http\\Request))
#48 D:\\praktikum_laravel\\laravelPraktikum\\vendor\\laravel\\framework\\src\\Illuminate\\Pipeline\\Pipeline.php(208): Illuminate\\Http\\Middleware\\ValidatePathEncoding->handle(Object(Illuminate\\Http\\Request), Object(Closure))
#49 D:\\praktikum_laravel\\laravelPraktikum\\vendor\\laravel\\framework\\src\\Illuminate\\Pipeline\\Pipeline.php(126): Illuminate\\Pipeline\\Pipeline->Illuminate\\Pipeline\\{closure}(Object(Illuminate\\Http\\Request))
#50 D:\\praktikum_laravel\\laravelPraktikum\\vendor\\laravel\\framework\\src\\Illuminate\\Foundation\\Http\\Kernel.php(175): Illuminate\\Pipeline\\Pipeline->then(Object(Closure))
#51 D:\\praktikum_laravel\\laravelPraktikum\\vendor\\laravel\\framework\\src\\Illuminate\\Foundation\\Http\\Kernel.php(144): Illuminate\\Foundation\\Http\\Kernel->sendRequestThroughRouter(Object(Illuminate\\Http\\Request))
#52 D:\\praktikum_laravel\\laravelPraktikum\\vendor\\laravel\\framework\\src\\Illuminate\\Foundation\\Application.php(1219): Illuminate\\Foundation\\Http\\Kernel->handle(Object(Illuminate\\Http\\Request))
#53 D:\\praktikum_laravel\\laravelPraktikum\\public\\index.php(20): Illuminate\\Foundation\\Application->handleRequest(Object(Illuminate\\Http\\Request))
#54 D:\\praktikum_laravel\\laravelPraktikum\\vendor\\laravel\\framework\\src\\Illuminate\\Foundation\\resources\\server.php(23): require_once('D:\\\\praktikum_la...')
#55 {main}

[previous exception] [object] (PDOException(code: 2002): SQLSTATE[HY000] [2002] No connection could be made because the target machine actively refused it at D:\\praktikum_laravel\\laravelPraktikum\\vendor\\laravel\\framework\\src\\Illuminate\\Database\\Connectors\\Connector.php:66)
[stacktrace]
#0 D:\\praktikum_laravel\\laravelPraktikum\\vendor\\laravel\\framework\\src\\Illuminate\\Database\\Connectors\\Connector.php(66): PDO->__construct('mysql:host=127....', 'root', Object(SensitiveParameterValue), Array)
#1 D:\\praktikum_laravel\\laravelPraktikum\\vendor\\laravel\\framework\\src\\Illuminate\\Database\\Connectors\\Connector.php(85): Illuminate\\Database\\Connectors\\Connector->createPdoConnection('mysql:host=127....', 'root', Object(SensitiveParameterValue), Array)
#2 D:\\praktikum_laravel\\laravelPraktikum\\vendor\\laravel\\framework\\src\\Illuminate\\Database\\Connectors\\Connector.php(48): Illuminate\\Database\\Connectors\\Connector->tryAgainIfCausedByLostConnection(Object(PDOException), 'mysql:host=127....', 'root', Object(SensitiveParameterValue), Array)
#3 D:\\praktikum_laravel\\laravelPraktikum\\vendor\\laravel\\framework\\src\\Illuminate\\Database\\Connectors\\MySqlConnector.php(24): Illuminate\\Database\\Connectors\\Connector->createConnection('mysql:host=127....', Array, Array)
#4 D:\\praktikum_laravel\\laravelPraktikum\\vendor\\laravel\\framework\\src\\Illuminate\\Database\\Connectors\\ConnectionFactory.php(184): Illuminate\\Database\\Connectors\\MySqlConnector->connect(Array)
#5 [internal function]: Illuminate\\Database\\Connectors\\ConnectionFactory->Illuminate\\Database\\Connectors\\{closure}()
#6 D:\\praktikum_laravel\\laravelPraktikum\\vendor\\laravel\\framework\\src\\Illuminate\\Database\\Connection.php(1228): call_user_func(Object(Closure))
#7 D:\\praktikum_laravel\\laravelPraktikum\\vendor\\laravel\\framework\\src\\Illuminate\\Database\\Connection.php(509): Illuminate\\Database\\Connection->getPdo()
#8 D:\\praktikum_laravel\\laravelPraktikum\\vendor\\laravel\\framework\\src\\Illuminate\\Database\\Connection.php(404): Illuminate\\Database\\Connection->getPdoForSelect(false)
#9 D:\\praktikum_laravel\\laravelPraktikum\\vendor\\laravel\\framework\\src\\Illuminate\\Database\\Connection.php(809): Illuminate\\Database\\Connection->Illuminate\\Database\\{closure}('select * from `...', Array)
#10 D:\\praktikum_laravel\\laravelPraktikum\\vendor\\laravel\\framework\\src\\Illuminate\\Database\\Connection.php(976): Illuminate\\Database\\Connection->runQueryCallback('select * from `...', Array, Object(Closure))
#11 D:\\praktikum_laravel\\laravelPraktikum\\vendor\\laravel\\framework\\src\\Illuminate\\Database\\Connection.php(955): Illuminate\\Database\\Connection->tryAgainIfCausedByLostConnection(Object(Illuminate\\Database\\QueryException), 'select * from `...', Array, Object(Closure))
#12 D:\\praktikum_laravel\\laravelPraktikum\\vendor\\laravel\\framework\\src\\Illuminate\\Database\\Connection.php(778): Illuminate\\Database\\Connection->handleQueryException(Object(Illuminate\\Database\\QueryException), 'select * from `...', Array, Object(Closure))
#13 D:\\praktikum_laravel\\laravelPraktikum\\vendor\\laravel\\framework\\src\\Illuminate\\Database\\Connection.php(395): Illuminate\\Database\\Connection->run('select * from `...', Array, Object(Closure))
#14 D:\\praktikum_laravel\\laravelPraktikum\\vendor\\laravel\\framework\\src\\Illuminate\\Database\\Query\\Builder.php(3120): Illuminate\\Database\\Connection->select('select * from `...', Array, false)
#15 D:\\praktikum_laravel\\laravelPraktikum\\vendor\\laravel\\framework\\src\\Illuminate\\Database\\Query\\Builder.php(3105): Illuminate\\Database\\Query\\Builder->runSelect()
#16 D:\\praktikum_laravel\\laravelPraktikum\\vendor\\laravel\\framework\\src\\Illuminate\\Database\\Query\\Builder.php(3695): Illuminate\\Database\\Query\\Builder->Illuminate\\Database\\Query\\{closure}()
#17 D:\\praktikum_laravel\\laravelPraktikum\\vendor\\laravel\\framework\\src\\Illuminate\\Database\\Query\\Builder.php(3104): Illuminate\\Database\\Query\\Builder->onceWithColumns(Array, Object(Closure))
#18 D:\\praktikum_laravel\\laravelPraktikum\\vendor\\laravel\\framework\\src\\Illuminate\\Database\\Concerns\\BuildsQueries.php(366): Illuminate\\Database\\Query\\Builder->get(Array)
#19 D:\\praktikum_laravel\\laravelPraktikum\\vendor\\laravel\\framework\\src\\Illuminate\\Database\\Query\\Builder.php(3027): Illuminate\\Database\\Query\\Builder->first(Array)
#20 D:\\praktikum_laravel\\laravelPraktikum\\vendor\\laravel\\framework\\src\\Illuminate\\Session\\DatabaseSessionHandler.php(96): Illuminate\\Database\\Query\\Builder->find('7f2OerbzNkOTRTv...')
#21 D:\\praktikum_laravel\\laravelPraktikum\\vendor\\laravel\\framework\\src\\Illuminate\\Session\\Store.php(116): Illuminate\\Session\\DatabaseSessionHandler->read('7f2OerbzNkOTRTv...')
#22 D:\\praktikum_laravel\\laravelPraktikum\\vendor\\laravel\\framework\\src\\Illuminate\\Session\\Store.php(104): Illuminate\\Session\\Store->readFromHandler()
#23 D:\\praktikum_laravel\\laravelPraktikum\\vendor\\laravel\\framework\\src\\Illuminate\\Session\\Store.php(88): Illuminate\\Session\\Store->loadSession()
#24 D:\\praktikum_laravel\\laravelPraktikum\\vendor\\laravel\\framework\\src\\Illuminate\\Session\\Middleware\\StartSession.php(146): Illuminate\\Session\\Store->start()
#25 D:\\praktikum_laravel\\laravelPraktikum\\vendor\\laravel\\framework\\src\\Illuminate\\Support\\helpers.php(399): Illuminate\\Session\\Middleware\\StartSession->Illuminate\\Session\\Middleware\\{closure}(Object(Illuminate\\Session\\Store))
#26 D:\\praktikum_laravel\\laravelPraktikum\\vendor\\laravel\\framework\\src\\Illuminate\\Session\\Middleware\\StartSession.php(143): tap(Object(Illuminate\\Session\\Store), Object(Closure))
#27 D:\\praktikum_laravel\\laravelPraktikum\\vendor\\laravel\\framework\\src\\Illuminate\\Session\\Middleware\\StartSession.php(115): Illuminate\\Session\\Middleware\\StartSession->startSession(Object(Illuminate\\Http\\Request), Object(Illuminate\\Session\\Store))
#28 D:\\praktikum_laravel\\laravelPraktikum\\vendor\\laravel\\framework\\src\\Illuminate\\Session\\Middleware\\StartSession.php(63): Illuminate\\Session\\Middleware\\StartSession->handleStatefulRequest(Object(Illuminate\\Http\\Request), Object(Illuminate\\Session\\Store), Object(Closure))
#29 D:\\praktikum_laravel\\laravelPraktikum\\vendor\\laravel\\framework\\src\\Illuminate\\Pipeline\\Pipeline.php(208): Illuminate\\Session\\Middleware\\StartSession->handle(Object(Illuminate\\Http\\Request), Object(Closure))
#30 D:\\praktikum_laravel\\laravelPraktikum\\vendor\\laravel\\framework\\src\\Illuminate\\Cookie\\Middleware\\AddQueuedCookiesToResponse.php(36): Illuminate\\Pipeline\\Pipeline->Illuminate\\Pipeline\\{closure}(Object(Illuminate\\Http\\Request))
#31 D:\\praktikum_laravel\\laravelPraktikum\\vendor\\laravel\\framework\\src\\Illuminate\\Pipeline\\Pipeline.php(208): Illuminate\\Cookie\\Middleware\\AddQueuedCookiesToResponse->handle(Object(Illuminate\\Http\\Request), Object(Closure))
#32 D:\\praktikum_laravel\\laravelPraktikum\\vendor\\laravel\\framework\\src\\Illuminate\\Cookie\\Middleware\\EncryptCookies.php(74): Illuminate\\Pipeline\\Pipeline->Illuminate\\Pipeline\\{closure}(Object(Illuminate\\Http\\Request))
#33 D:\\praktikum_laravel\\laravelPraktikum\\vendor\\laravel\\framework\\src\\Illuminate\\Pipeline\\Pipeline.php(208): Illuminate\\Cookie\\Middleware\\EncryptCookies->handle(Object(Illuminate\\Http\\Request), Object(Closure))
#34 D:\\praktikum_laravel\\laravelPraktikum\\vendor\\laravel\\framework\\src\\Illuminate\\Pipeline\\Pipeline.php(126): Illuminate\\Pipeline\\Pipeline->Illuminate\\Pipeline\\{closure}(Object(Illuminate\\Http\\Request))
#35 D:\\praktikum_laravel\\laravelPraktikum\\vendor\\laravel\\framework\\src\\Illuminate\\Routing\\Router.php(807): Illuminate\\Pipeline\\Pipeline->then(Object(Closure))
#36 D:\\praktikum_laravel\\laravelPraktikum\\vendor\\laravel\\framework\\src\\Illuminate\\Routing\\Router.php(786): Illuminate\\Routing\\Router->runRouteWithinStack(Object(Illuminate\\Routing\\Route), Object(Illuminate\\Http\\Request))
#37 D:\\praktikum_laravel\\laravelPraktikum\\vendor\\laravel\\framework\\src\\Illuminate\\Routing\\Router.php(750): Illuminate\\Routing\\Router->runRoute(Object(Illuminate\\Http\\Request), Object(Illuminate\\Routing\\Route))
#38 D:\\praktikum_laravel\\laravelPraktikum\\vendor\\laravel\\framework\\src\\Illuminate\\Routing\\Router.php(739): Illuminate\\Routing\\Router->dispatchToRoute(Object(Illuminate\\Http\\Request))
#39 D:\\praktikum_laravel\\laravelPraktikum\\vendor\\laravel\\framework\\src\\Illuminate\\Foundation\\Http\\Kernel.php(200): Illuminate\\Routing\\Router->dispatch(Object(Illuminate\\Http\\Request))
#40 D:\\praktikum_laravel\\laravelPraktikum\\vendor\\laravel\\framework\\src\\Illuminate\\Pipeline\\Pipeline.php(169): Illuminate\\Foundation\\Http\\Kernel->Illuminate\\Foundation\\Http\\{closure}(Object(Illuminate\\Http\\Request))
#41 D:\\praktikum_laravel\\laravelPraktikum\\vendor\\laravel\\framework\\src\\Illuminate\\Foundation\\Http\\Middleware\\TransformsRequest.php(21): Illuminate\\Pipeline\\Pipeline->Illuminate\\Pipeline\\{closure}(Object(Illuminate\\Http\\Request))
#42 D:\\praktikum_laravel\\laravelPraktikum\\vendor\\laravel\\framework\\src\\Illuminate\\Foundation\\Http\\Middleware\\ConvertEmptyStringsToNull.php(31): Illuminate\\Foundation\\Http\\Middleware\\TransformsRequest->handle(Object(Illuminate\\Http\\Request), Object(Closure))
#43 D:\\praktikum_laravel\\laravelPraktikum\\vendor\\laravel\\framework\\src\\Illuminate\\Pipeline\\Pipeline.php(208): Illuminate\\Foundation\\Http\\Middleware\\ConvertEmptyStringsToNull->handle(Object(Illuminate\\Http\\Request), Object(Closure))
#44 D:\\praktikum_laravel\\laravelPraktikum\\vendor\\laravel\\framework\\src\\Illuminate\\Foundation\\Http\\Middleware\\TransformsRequest.php(21): Illuminate\\Pipeline\\Pipeline->Illuminate\\Pipeline\\{closure}(Object(Illuminate\\Http\\Request))
#45 D:\\praktikum_laravel\\laravelPraktikum\\vendor\\laravel\\framework\\src\\Illuminate\\Foundation\\Http\\Middleware\\TrimStrings.php(51): Illuminate\\Foundation\\Http\\Middleware\\TransformsRequest->handle(Object(Illuminate\\Http\\Request), Object(Closure))
#46 D:\\praktikum_laravel\\laravelPraktikum\\vendor\\laravel\\framework\\src\\Illuminate\\Pipeline\\Pipeline.php(208): Illuminate\\Foundation\\Http\\Middleware\\TrimStrings->handle(Object(Illuminate\\Http\\Request), Object(Closure))
#47 D:\\praktikum_laravel\\laravelPraktikum\\vendor\\laravel\\framework\\src\\Illuminate\\Http\\Middleware\\ValidatePostSize.php(27): Illuminate\\Pipeline\\Pipeline->Illuminate\\Pipeline\\{closure}(Object(Illuminate\\Http\\Request))
#48 D:\\praktikum_laravel\\laravelPraktikum\\vendor\\laravel\\framework\\src\\Illuminate\\Pipeline\\Pipeline.php(208): Illuminate\\Http\\Middleware\\ValidatePostSize->handle(Object(Illuminate\\Http\\Request), Object(Closure))
#49 D:\\praktikum_laravel\\laravelPraktikum\\vendor\\laravel\\framework\\src\\Illuminate\\Foundation\\Http\\Middleware\\PreventRequestsDuringMaintenance.php(109): Illuminate\\Pipeline\\Pipeline->Illuminate\\Pipeline\\{closure}(Object(Illuminate\\Http\\Request))
#50 D:\\praktikum_laravel\\laravelPraktikum\\vendor\\laravel\\framework\\src\\Illuminate\\Pipeline\\Pipeline.php(208): Illuminate\\Foundation\\Http\\Middleware\\PreventRequestsDuringMaintenance->handle(Object(Illuminate\\Http\\Request), Object(Closure))
#51 D:\\praktikum_laravel\\laravelPraktikum\\vendor\\laravel\\framework\\src\\Illuminate\\Http\\Middleware\\HandleCors.php(48): Illuminate\\Pipeline\\Pipeline->Illuminate\\Pipeline\\{closure}(Object(Illuminate\\Http\\Request))
#52 D:\\praktikum_laravel\\laravelPraktikum\\vendor\\laravel\\framework\\src\\Illuminate\\Pipeline\\Pipeline.php(208): Illuminate\\Http\\Middleware\\HandleCors->handle(Object(Illuminate\\Http\\Request), Object(Closure))
#53 D:\\praktikum_laravel\\laravelPraktikum\\vendor\\laravel\\framework\\src\\Illuminate\\Http\\Middleware\\TrustProxies.php(58): Illuminate\\Pipeline\\Pipeline->Illuminate\\Pipeline\\{closure}(Object(Illuminate\\Http\\Request))
#54 D:\\praktikum_laravel\\laravelPraktikum\\vendor\\laravel\\framework\\src\\Illuminate\\Pipeline\\Pipeline.php(208): Illuminate\\Http\\Middleware\\TrustProxies->handle(Object(Illuminate\\Http\\Request), Object(Closure))
#55 D:\\praktikum_laravel\\laravelPraktikum\\vendor\\laravel\\framework\\src\\Illuminate\\Foundation\\Http\\Middleware\\InvokeDeferredCallbacks.php(22): Illuminate\\Pipeline\\Pipeline->Illuminate\\Pipeline\\{closure}(Object(Illuminate\\Http\\Request))
#56 D:\\praktikum_laravel\\laravelPraktikum\\vendor\\laravel\\framework\\src\\Illuminate\\Pipeline\\Pipeline.php(208): Illuminate\\Foundation\\Http\\Middleware\\InvokeDeferredCallbacks->handle(Object(Illuminate\\Http\\Request), Object(Closure))
#57 D:\\praktikum_laravel\\laravelPraktikum\\vendor\\laravel\\framework\\src\\Illuminate\\Http\\Middleware\\ValidatePathEncoding.php(26): Illuminate\\Pipeline\\Pipeline->Illuminate\\Pipeline\\{closure}(Object(Illuminate\\Http\\Request))
#58 D:\\praktikum_laravel\\laravelPraktikum\\vendor\\laravel\\framework\\src\\Illuminate\\Pipeline\\Pipeline.php(208): Illuminate\\Http\\Middleware\\ValidatePathEncoding->handle(Object(Illuminate\\Http\\Request), Object(Closure))
#59 D:\\praktikum_laravel\\laravelPraktikum\\vendor\\laravel\\framework\\src\\Illuminate\\Pipeline\\Pipeline.php(126): Illuminate\\Pipeline\\Pipeline->Illuminate\\Pipeline\\{closure}(Object(Illuminate\\Http\\Request))
#60 D:\\praktikum_laravel\\laravelPraktikum\\vendor\\laravel\\framework\\src\\Illuminate\\Foundation\\Http\\Kernel.php(175): Illuminate\\Pipeline\\Pipeline->then(Object(Closure))
#61 D:\\praktikum_laravel\\laravelPraktikum\\vendor\\laravel\\framework\\src\\Illuminate\\Foundation\\Http\\Kernel.php(144): Illuminate\\Foundation\\Http\\Kernel->sendRequestThroughRouter(Object(Illuminate\\Http\\Request))
#62 D:\\praktikum_laravel\\laravelPraktikum\\vendor\\laravel\\framework\\src\\Illuminate\\Foundation\\Application.php(1219): Illuminate\\Foundation\\Http\\Kernel->handle(Object(Illuminate\\Http\\Request))
#63 D:\\praktikum_laravel\\laravelPraktikum\\public\\index.php(20): Illuminate\\Foundation\\Application->handleRequest(Object(Illuminate\\Http\\Request))
#64 D:\\praktikum_laravel\\laravelPraktikum\\vendor\\laravel\\framework\\src\\Illuminate\\Foundation\\resources\\server.php(23): require_once('D:\\\\praktikum_la...')
#65 {main}
"} 
[2025-05-19 06:18:45] local.ERROR: SQLSTATE[HY000] [2002] No connection could be made because the target machine actively refused it (Connection: mysql, SQL: select * from `sessions` where `id` = go4vY9JUo8qq9LonLwFRFniNdZYz32MjbCEXtdcV limit 1) {"exception":"[object] (Illuminate\\Database\\QueryException(code: 2002): SQLSTATE[HY000] [2002] No connection could be made because the target machine actively refused it (Connection: mysql, SQL: select * from `sessions` where `id` = go4vY9JUo8qq9LonLwFRFniNdZYz32MjbCEXtdcV limit 1) at D:\\praktikum_laravel\\laravelPraktikum\\vendor\\laravel\\framework\\src\\Illuminate\\Database\\Connection.php:822)
[stacktrace]
#0 D:\\praktikum_laravel\\laravelPraktikum\\vendor\\laravel\\framework\\src\\Illuminate\\Database\\Connection.php(976): Illuminate\\Database\\Connection->runQueryCallback('select * from `...', Array, Object(Closure))
#1 D:\\praktikum_laravel\\laravelPraktikum\\vendor\\laravel\\framework\\src\\Illuminate\\Database\\Connection.php(955): Illuminate\\Database\\Connection->tryAgainIfCausedByLostConnection(Object(Illuminate\\Database\\QueryException), 'select * from `...', Array, Object(Closure))
#2 D:\\praktikum_laravel\\laravelPraktikum\\vendor\\laravel\\framework\\src\\Illuminate\\Database\\Connection.php(778): Illuminate\\Database\\Connection->handleQueryException(Object(Illuminate\\Database\\QueryException), 'select * from `...', Array, Object(Closure))
#3 D:\\praktikum_laravel\\laravelPraktikum\\vendor\\laravel\\framework\\src\\Illuminate\\Database\\Connection.php(395): Illuminate\\Database\\Connection->run('select * from `...', Array, Object(Closure))
#4 D:\\praktikum_laravel\\laravelPraktikum\\vendor\\laravel\\framework\\src\\Illuminate\\Database\\Query\\Builder.php(3120): Illuminate\\Database\\Connection->select('select * from `...', Array, false)
#5 D:\\praktikum_laravel\\laravelPraktikum\\vendor\\laravel\\framework\\src\\Illuminate\\Database\\Query\\Builder.php(3105): Illuminate\\Database\\Query\\Builder->runSelect()
#6 D:\\praktikum_laravel\\laravelPraktikum\\vendor\\laravel\\framework\\src\\Illuminate\\Database\\Query\\Builder.php(3695): Illuminate\\Database\\Query\\Builder->Illuminate\\Database\\Query\\{closure}()
#7 D:\\praktikum_laravel\\laravelPraktikum\\vendor\\laravel\\framework\\src\\Illuminate\\Database\\Query\\Builder.php(3104): Illuminate\\Database\\Query\\Builder->onceWithColumns(Array, Object(Closure))
#8 D:\\praktikum_laravel\\laravelPraktikum\\vendor\\laravel\\framework\\src\\Illuminate\\Database\\Concerns\\BuildsQueries.php(366): Illuminate\\Database\\Query\\Builder->get(Array)
#9 D:\\praktikum_laravel\\laravelPraktikum\\vendor\\laravel\\framework\\src\\Illuminate\\Database\\Query\\Builder.php(3027): Illuminate\\Database\\Query\\Builder->first(Array)
#10 D:\\praktikum_laravel\\laravelPraktikum\\vendor\\laravel\\framework\\src\\Illuminate\\Session\\DatabaseSessionHandler.php(96): Illuminate\\Database\\Query\\Builder->find('go4vY9JUo8qq9Lo...')
#11 D:\\praktikum_laravel\\laravelPraktikum\\vendor\\laravel\\framework\\src\\Illuminate\\Session\\Store.php(116): Illuminate\\Session\\DatabaseSessionHandler->read('go4vY9JUo8qq9Lo...')
#12 D:\\praktikum_laravel\\laravelPraktikum\\vendor\\laravel\\framework\\src\\Illuminate\\Session\\Store.php(104): Illuminate\\Session\\Store->readFromHandler()
#13 D:\\praktikum_laravel\\laravelPraktikum\\vendor\\laravel\\framework\\src\\Illuminate\\Session\\Store.php(88): Illuminate\\Session\\Store->loadSession()
#14 D:\\praktikum_laravel\\laravelPraktikum\\vendor\\laravel\\framework\\src\\Illuminate\\Session\\Middleware\\StartSession.php(146): Illuminate\\Session\\Store->start()
#15 D:\\praktikum_laravel\\laravelPraktikum\\vendor\\laravel\\framework\\src\\Illuminate\\Support\\helpers.php(399): Illuminate\\Session\\Middleware\\StartSession->Illuminate\\Session\\Middleware\\{closure}(Object(Illuminate\\Session\\Store))
#16 D:\\praktikum_laravel\\laravelPraktikum\\vendor\\laravel\\framework\\src\\Illuminate\\Session\\Middleware\\StartSession.php(143): tap(Object(Illuminate\\Session\\Store), Object(Closure))
#17 D:\\praktikum_laravel\\laravelPraktikum\\vendor\\laravel\\framework\\src\\Illuminate\\Session\\Middleware\\StartSession.php(115): Illuminate\\Session\\Middleware\\StartSession->startSession(Object(Illuminate\\Http\\Request), Object(Illuminate\\Session\\Store))
#18 D:\\praktikum_laravel\\laravelPraktikum\\vendor\\laravel\\framework\\src\\Illuminate\\Session\\Middleware\\StartSession.php(63): Illuminate\\Session\\Middleware\\StartSession->handleStatefulRequest(Object(Illuminate\\Http\\Request), Object(Illuminate\\Session\\Store), Object(Closure))
#19 D:\\praktikum_laravel\\laravelPraktikum\\vendor\\laravel\\framework\\src\\Illuminate\\Pipeline\\Pipeline.php(208): Illuminate\\Session\\Middleware\\StartSession->handle(Object(Illuminate\\Http\\Request), Object(Closure))
#20 D:\\praktikum_laravel\\laravelPraktikum\\vendor\\laravel\\framework\\src\\Illuminate\\Cookie\\Middleware\\AddQueuedCookiesToResponse.php(36): Illuminate\\Pipeline\\Pipeline->Illuminate\\Pipeline\\{closure}(Object(Illuminate\\Http\\Request))
#21 D:\\praktikum_laravel\\laravelPraktikum\\vendor\\laravel\\framework\\src\\Illuminate\\Pipeline\\Pipeline.php(208): Illuminate\\Cookie\\Middleware\\AddQueuedCookiesToResponse->handle(Object(Illuminate\\Http\\Request), Object(Closure))
#22 D:\\praktikum_laravel\\laravelPraktikum\\vendor\\laravel\\framework\\src\\Illuminate\\Cookie\\Middleware\\EncryptCookies.php(74): Illuminate\\Pipeline\\Pipeline->Illuminate\\Pipeline\\{closure}(Object(Illuminate\\Http\\Request))
#23 D:\\praktikum_laravel\\laravelPraktikum\\vendor\\laravel\\framework\\src\\Illuminate\\Pipeline\\Pipeline.php(208): Illuminate\\Cookie\\Middleware\\EncryptCookies->handle(Object(Illuminate\\Http\\Request), Object(Closure))
#24 D:\\praktikum_laravel\\laravelPraktikum\\vendor\\laravel\\framework\\src\\Illuminate\\Pipeline\\Pipeline.php(126): Illuminate\\Pipeline\\Pipeline->Illuminate\\Pipeline\\{closure}(Object(Illuminate\\Http\\Request))
#25 D:\\praktikum_laravel\\laravelPraktikum\\vendor\\laravel\\framework\\src\\Illuminate\\Routing\\Router.php(807): Illuminate\\Pipeline\\Pipeline->then(Object(Closure))
#26 D:\\praktikum_laravel\\laravelPraktikum\\vendor\\laravel\\framework\\src\\Illuminate\\Routing\\Router.php(786): Illuminate\\Routing\\Router->runRouteWithinStack(Object(Illuminate\\Routing\\Route), Object(Illuminate\\Http\\Request))
#27 D:\\praktikum_laravel\\laravelPraktikum\\vendor\\laravel\\framework\\src\\Illuminate\\Routing\\Router.php(750): Illuminate\\Routing\\Router->runRoute(Object(Illuminate\\Http\\Request), Object(Illuminate\\Routing\\Route))
#28 D:\\praktikum_laravel\\laravelPraktikum\\vendor\\laravel\\framework\\src\\Illuminate\\Routing\\Router.php(739): Illuminate\\Routing\\Router->dispatchToRoute(Object(Illuminate\\Http\\Request))
#29 D:\\praktikum_laravel\\laravelPraktikum\\vendor\\laravel\\framework\\src\\Illuminate\\Foundation\\Http\\Kernel.php(200): Illuminate\\Routing\\Router->dispatch(Object(Illuminate\\Http\\Request))
#30 D:\\praktikum_laravel\\laravelPraktikum\\vendor\\laravel\\framework\\src\\Illuminate\\Pipeline\\Pipeline.php(169): Illuminate\\Foundation\\Http\\Kernel->Illuminate\\Foundation\\Http\\{closure}(Object(Illuminate\\Http\\Request))
#31 D:\\praktikum_laravel\\laravelPraktikum\\vendor\\laravel\\framework\\src\\Illuminate\\Foundation\\Http\\Middleware\\TransformsRequest.php(21): Illuminate\\Pipeline\\Pipeline->Illuminate\\Pipeline\\{closure}(Object(Illuminate\\Http\\Request))
#32 D:\\praktikum_laravel\\laravelPraktikum\\vendor\\laravel\\framework\\src\\Illuminate\\Foundation\\Http\\Middleware\\ConvertEmptyStringsToNull.php(31): Illuminate\\Foundation\\Http\\Middleware\\TransformsRequest->handle(Object(Illuminate\\Http\\Request), Object(Closure))
#33 D:\\praktikum_laravel\\laravelPraktikum\\vendor\\laravel\\framework\\src\\Illuminate\\Pipeline\\Pipeline.php(208): Illuminate\\Foundation\\Http\\Middleware\\ConvertEmptyStringsToNull->handle(Object(Illuminate\\Http\\Request), Object(Closure))
#34 D:\\praktikum_laravel\\laravelPraktikum\\vendor\\laravel\\framework\\src\\Illuminate\\Foundation\\Http\\Middleware\\TransformsRequest.php(21): Illuminate\\Pipeline\\Pipeline->Illuminate\\Pipeline\\{closure}(Object(Illuminate\\Http\\Request))
#35 D:\\praktikum_laravel\\laravelPraktikum\\vendor\\laravel\\framework\\src\\Illuminate\\Foundation\\Http\\Middleware\\TrimStrings.php(51): Illuminate\\Foundation\\Http\\Middleware\\TransformsRequest->handle(Object(Illuminate\\Http\\Request), Object(Closure))
#36 D:\\praktikum_laravel\\laravelPraktikum\\vendor\\laravel\\framework\\src\\Illuminate\\Pipeline\\Pipeline.php(208): Illuminate\\Foundation\\Http\\Middleware\\TrimStrings->handle(Object(Illuminate\\Http\\Request), Object(Closure))
#37 D:\\praktikum_laravel\\laravelPraktikum\\vendor\\laravel\\framework\\src\\Illuminate\\Http\\Middleware\\ValidatePostSize.php(27): Illuminate\\Pipeline\\Pipeline->Illuminate\\Pipeline\\{closure}(Object(Illuminate\\Http\\Request))
#38 D:\\praktikum_laravel\\laravelPraktikum\\vendor\\laravel\\framework\\src\\Illuminate\\Pipeline\\Pipeline.php(208): Illuminate\\Http\\Middleware\\ValidatePostSize->handle(Object(Illuminate\\Http\\Request), Object(Closure))
#39 D:\\praktikum_laravel\\laravelPraktikum\\vendor\\laravel\\framework\\src\\Illuminate\\Foundation\\Http\\Middleware\\PreventRequestsDuringMaintenance.php(109): Illuminate\\Pipeline\\Pipeline->Illuminate\\Pipeline\\{closure}(Object(Illuminate\\Http\\Request))
#40 D:\\praktikum_laravel\\laravelPraktikum\\vendor\\laravel\\framework\\src\\Illuminate\\Pipeline\\Pipeline.php(208): Illuminate\\Foundation\\Http\\Middleware\\PreventRequestsDuringMaintenance->handle(Object(Illuminate\\Http\\Request), Object(Closure))
#41 D:\\praktikum_laravel\\laravelPraktikum\\vendor\\laravel\\framework\\src\\Illuminate\\Http\\Middleware\\HandleCors.php(48): Illuminate\\Pipeline\\Pipeline->Illuminate\\Pipeline\\{closure}(Object(Illuminate\\Http\\Request))
#42 D:\\praktikum_laravel\\laravelPraktikum\\vendor\\laravel\\framework\\src\\Illuminate\\Pipeline\\Pipeline.php(208): Illuminate\\Http\\Middleware\\HandleCors->handle(Object(Illuminate\\Http\\Request), Object(Closure))
#43 D:\\praktikum_laravel\\laravelPraktikum\\vendor\\laravel\\framework\\src\\Illuminate\\Http\\Middleware\\TrustProxies.php(58): Illuminate\\Pipeline\\Pipeline->Illuminate\\Pipeline\\{closure}(Object(Illuminate\\Http\\Request))
#44 D:\\praktikum_laravel\\laravelPraktikum\\vendor\\laravel\\framework\\src\\Illuminate\\Pipeline\\Pipeline.php(208): Illuminate\\Http\\Middleware\\TrustProxies->handle(Object(Illuminate\\Http\\Request), Object(Closure))
#45 D:\\praktikum_laravel\\laravelPraktikum\\vendor\\laravel\\framework\\src\\Illuminate\\Foundation\\Http\\Middleware\\InvokeDeferredCallbacks.php(22): Illuminate\\Pipeline\\Pipeline->Illuminate\\Pipeline\\{closure}(Object(Illuminate\\Http\\Request))
#46 D:\\praktikum_laravel\\laravelPraktikum\\vendor\\laravel\\framework\\src\\Illuminate\\Pipeline\\Pipeline.php(208): Illuminate\\Foundation\\Http\\Middleware\\InvokeDeferredCallbacks->handle(Object(Illuminate\\Http\\Request), Object(Closure))
#47 D:\\praktikum_laravel\\laravelPraktikum\\vendor\\laravel\\framework\\src\\Illuminate\\Http\\Middleware\\ValidatePathEncoding.php(26): Illuminate\\Pipeline\\Pipeline->Illuminate\\Pipeline\\{closure}(Object(Illuminate\\Http\\Request))
#48 D:\\praktikum_laravel\\laravelPraktikum\\vendor\\laravel\\framework\\src\\Illuminate\\Pipeline\\Pipeline.php(208): Illuminate\\Http\\Middleware\\ValidatePathEncoding->handle(Object(Illuminate\\Http\\Request), Object(Closure))
#49 D:\\praktikum_laravel\\laravelPraktikum\\vendor\\laravel\\framework\\src\\Illuminate\\Pipeline\\Pipeline.php(126): Illuminate\\Pipeline\\Pipeline->Illuminate\\Pipeline\\{closure}(Object(Illuminate\\Http\\Request))
#50 D:\\praktikum_laravel\\laravelPraktikum\\vendor\\laravel\\framework\\src\\Illuminate\\Foundation\\Http\\Kernel.php(175): Illuminate\\Pipeline\\Pipeline->then(Object(Closure))
#51 D:\\praktikum_laravel\\laravelPraktikum\\vendor\\laravel\\framework\\src\\Illuminate\\Foundation\\Http\\Kernel.php(144): Illuminate\\Foundation\\Http\\Kernel->sendRequestThroughRouter(Object(Illuminate\\Http\\Request))
#52 D:\\praktikum_laravel\\laravelPraktikum\\vendor\\laravel\\framework\\src\\Illuminate\\Foundation\\Application.php(1219): Illuminate\\Foundation\\Http\\Kernel->handle(Object(Illuminate\\Http\\Request))
#53 D:\\praktikum_laravel\\laravelPraktikum\\public\\index.php(20): Illuminate\\Foundation\\Application->handleRequest(Object(Illuminate\\Http\\Request))
#54 D:\\praktikum_laravel\\laravelPraktikum\\vendor\\laravel\\framework\\src\\Illuminate\\Foundation\\resources\\server.php(23): require_once('D:\\\\praktikum_la...')
#55 {main}

[previous exception] [object] (PDOException(code: 2002): SQLSTATE[HY000] [2002] No connection could be made because the target machine actively refused it at D:\\praktikum_laravel\\laravelPraktikum\\vendor\\laravel\\framework\\src\\Illuminate\\Database\\Connectors\\Connector.php:66)
[stacktrace]
#0 D:\\praktikum_laravel\\laravelPraktikum\\vendor\\laravel\\framework\\src\\Illuminate\\Database\\Connectors\\Connector.php(66): PDO->__construct('mysql:host=127....', 'root', Object(SensitiveParameterValue), Array)
#1 D:\\praktikum_laravel\\laravelPraktikum\\vendor\\laravel\\framework\\src\\Illuminate\\Database\\Connectors\\Connector.php(85): Illuminate\\Database\\Connectors\\Connector->createPdoConnection('mysql:host=127....', 'root', Object(SensitiveParameterValue), Array)
#2 D:\\praktikum_laravel\\laravelPraktikum\\vendor\\laravel\\framework\\src\\Illuminate\\Database\\Connectors\\Connector.php(48): Illuminate\\Database\\Connectors\\Connector->tryAgainIfCausedByLostConnection(Object(PDOException), 'mysql:host=127....', 'root', Object(SensitiveParameterValue), Array)
#3 D:\\praktikum_laravel\\laravelPraktikum\\vendor\\laravel\\framework\\src\\Illuminate\\Database\\Connectors\\MySqlConnector.php(24): Illuminate\\Database\\Connectors\\Connector->createConnection('mysql:host=127....', Array, Array)
#4 D:\\praktikum_laravel\\laravelPraktikum\\vendor\\laravel\\framework\\src\\Illuminate\\Database\\Connectors\\ConnectionFactory.php(184): Illuminate\\Database\\Connectors\\MySqlConnector->connect(Array)
#5 [internal function]: Illuminate\\Database\\Connectors\\ConnectionFactory->Illuminate\\Database\\Connectors\\{closure}()
#6 D:\\praktikum_laravel\\laravelPraktikum\\vendor\\laravel\\framework\\src\\Illuminate\\Database\\Connection.php(1228): call_user_func(Object(Closure))
#7 D:\\praktikum_laravel\\laravelPraktikum\\vendor\\laravel\\framework\\src\\Illuminate\\Database\\Connection.php(509): Illuminate\\Database\\Connection->getPdo()
#8 D:\\praktikum_laravel\\laravelPraktikum\\vendor\\laravel\\framework\\src\\Illuminate\\Database\\Connection.php(404): Illuminate\\Database\\Connection->getPdoForSelect(false)
#9 D:\\praktikum_laravel\\laravelPraktikum\\vendor\\laravel\\framework\\src\\Illuminate\\Database\\Connection.php(809): Illuminate\\Database\\Connection->Illuminate\\Database\\{closure}('select * from `...', Array)
#10 D:\\praktikum_laravel\\laravelPraktikum\\vendor\\laravel\\framework\\src\\Illuminate\\Database\\Connection.php(976): Illuminate\\Database\\Connection->runQueryCallback('select * from `...', Array, Object(Closure))
#11 D:\\praktikum_laravel\\laravelPraktikum\\vendor\\laravel\\framework\\src\\Illuminate\\Database\\Connection.php(955): Illuminate\\Database\\Connection->tryAgainIfCausedByLostConnection(Object(Illuminate\\Database\\QueryException), 'select * from `...', Array, Object(Closure))
#12 D:\\praktikum_laravel\\laravelPraktikum\\vendor\\laravel\\framework\\src\\Illuminate\\Database\\Connection.php(778): Illuminate\\Database\\Connection->handleQueryException(Object(Illuminate\\Database\\QueryException), 'select * from `...', Array, Object(Closure))
#13 D:\\praktikum_laravel\\laravelPraktikum\\vendor\\laravel\\framework\\src\\Illuminate\\Database\\Connection.php(395): Illuminate\\Database\\Connection->run('select * from `...', Array, Object(Closure))
#14 D:\\praktikum_laravel\\laravelPraktikum\\vendor\\laravel\\framework\\src\\Illuminate\\Database\\Query\\Builder.php(3120): Illuminate\\Database\\Connection->select('select * from `...', Array, false)
#15 D:\\praktikum_laravel\\laravelPraktikum\\vendor\\laravel\\framework\\src\\Illuminate\\Database\\Query\\Builder.php(3105): Illuminate\\Database\\Query\\Builder->runSelect()
#16 D:\\praktikum_laravel\\laravelPraktikum\\vendor\\laravel\\framework\\src\\Illuminate\\Database\\Query\\Builder.php(3695): Illuminate\\Database\\Query\\Builder->Illuminate\\Database\\Query\\{closure}()
#17 D:\\praktikum_laravel\\laravelPraktikum\\vendor\\laravel\\framework\\src\\Illuminate\\Database\\Query\\Builder.php(3104): Illuminate\\Database\\Query\\Builder->onceWithColumns(Array, Object(Closure))
#18 D:\\praktikum_laravel\\laravelPraktikum\\vendor\\laravel\\framework\\src\\Illuminate\\Database\\Concerns\\BuildsQueries.php(366): Illuminate\\Database\\Query\\Builder->get(Array)
#19 D:\\praktikum_laravel\\laravelPraktikum\\vendor\\laravel\\framework\\src\\Illuminate\\Database\\Query\\Builder.php(3027): Illuminate\\Database\\Query\\Builder->first(Array)
#20 D:\\praktikum_laravel\\laravelPraktikum\\vendor\\laravel\\framework\\src\\Illuminate\\Session\\DatabaseSessionHandler.php(96): Illuminate\\Database\\Query\\Builder->find('go4vY9JUo8qq9Lo...')
#21 D:\\praktikum_laravel\\laravelPraktikum\\vendor\\laravel\\framework\\src\\Illuminate\\Session\\Store.php(116): Illuminate\\Session\\DatabaseSessionHandler->read('go4vY9JUo8qq9Lo...')
#22 D:\\praktikum_laravel\\laravelPraktikum\\vendor\\laravel\\framework\\src\\Illuminate\\Session\\Store.php(104): Illuminate\\Session\\Store->readFromHandler()
#23 D:\\praktikum_laravel\\laravelPraktikum\\vendor\\laravel\\framework\\src\\Illuminate\\Session\\Store.php(88): Illuminate\\Session\\Store->loadSession()
#24 D:\\praktikum_laravel\\laravelPraktikum\\vendor\\laravel\\framework\\src\\Illuminate\\Session\\Middleware\\StartSession.php(146): Illuminate\\Session\\Store->start()
#25 D:\\praktikum_laravel\\laravelPraktikum\\vendor\\laravel\\framework\\src\\Illuminate\\Support\\helpers.php(399): Illuminate\\Session\\Middleware\\StartSession->Illuminate\\Session\\Middleware\\{closure}(Object(Illuminate\\Session\\Store))
#26 D:\\praktikum_laravel\\laravelPraktikum\\vendor\\laravel\\framework\\src\\Illuminate\\Session\\Middleware\\StartSession.php(143): tap(Object(Illuminate\\Session\\Store), Object(Closure))
#27 D:\\praktikum_laravel\\laravelPraktikum\\vendor\\laravel\\framework\\src\\Illuminate\\Session\\Middleware\\StartSession.php(115): Illuminate\\Session\\Middleware\\StartSession->startSession(Object(Illuminate\\Http\\Request), Object(Illuminate\\Session\\Store))
#28 D:\\praktikum_laravel\\laravelPraktikum\\vendor\\laravel\\framework\\src\\Illuminate\\Session\\Middleware\\StartSession.php(63): Illuminate\\Session\\Middleware\\StartSession->handleStatefulRequest(Object(Illuminate\\Http\\Request), Object(Illuminate\\Session\\Store), Object(Closure))
#29 D:\\praktikum_laravel\\laravelPraktikum\\vendor\\laravel\\framework\\src\\Illuminate\\Pipeline\\Pipeline.php(208): Illuminate\\Session\\Middleware\\StartSession->handle(Object(Illuminate\\Http\\Request), Object(Closure))
#30 D:\\praktikum_laravel\\laravelPraktikum\\vendor\\laravel\\framework\\src\\Illuminate\\Cookie\\Middleware\\AddQueuedCookiesToResponse.php(36): Illuminate\\Pipeline\\Pipeline->Illuminate\\Pipeline\\{closure}(Object(Illuminate\\Http\\Request))
#31 D:\\praktikum_laravel\\laravelPraktikum\\vendor\\laravel\\framework\\src\\Illuminate\\Pipeline\\Pipeline.php(208): Illuminate\\Cookie\\Middleware\\AddQueuedCookiesToResponse->handle(Object(Illuminate\\Http\\Request), Object(Closure))
#32 D:\\praktikum_laravel\\laravelPraktikum\\vendor\\laravel\\framework\\src\\Illuminate\\Cookie\\Middleware\\EncryptCookies.php(74): Illuminate\\Pipeline\\Pipeline->Illuminate\\Pipeline\\{closure}(Object(Illuminate\\Http\\Request))
#33 D:\\praktikum_laravel\\laravelPraktikum\\vendor\\laravel\\framework\\src\\Illuminate\\Pipeline\\Pipeline.php(208): Illuminate\\Cookie\\Middleware\\EncryptCookies->handle(Object(Illuminate\\Http\\Request), Object(Closure))
#34 D:\\praktikum_laravel\\laravelPraktikum\\vendor\\laravel\\framework\\src\\Illuminate\\Pipeline\\Pipeline.php(126): Illuminate\\Pipeline\\Pipeline->Illuminate\\Pipeline\\{closure}(Object(Illuminate\\Http\\Request))
#35 D:\\praktikum_laravel\\laravelPraktikum\\vendor\\laravel\\framework\\src\\Illuminate\\Routing\\Router.php(807): Illuminate\\Pipeline\\Pipeline->then(Object(Closure))
#36 D:\\praktikum_laravel\\laravelPraktikum\\vendor\\laravel\\framework\\src\\Illuminate\\Routing\\Router.php(786): Illuminate\\Routing\\Router->runRouteWithinStack(Object(Illuminate\\Routing\\Route), Object(Illuminate\\Http\\Request))
#37 D:\\praktikum_laravel\\laravelPraktikum\\vendor\\laravel\\framework\\src\\Illuminate\\Routing\\Router.php(750): Illuminate\\Routing\\Router->runRoute(Object(Illuminate\\Http\\Request), Object(Illuminate\\Routing\\Route))
#38 D:\\praktikum_laravel\\laravelPraktikum\\vendor\\laravel\\framework\\src\\Illuminate\\Routing\\Router.php(739): Illuminate\\Routing\\Router->dispatchToRoute(Object(Illuminate\\Http\\Request))
#39 D:\\praktikum_laravel\\laravelPraktikum\\vendor\\laravel\\framework\\src\\Illuminate\\Foundation\\Http\\Kernel.php(200): Illuminate\\Routing\\Router->dispatch(Object(Illuminate\\Http\\Request))
#40 D:\\praktikum_laravel\\laravelPraktikum\\vendor\\laravel\\framework\\src\\Illuminate\\Pipeline\\Pipeline.php(169): Illuminate\\Foundation\\Http\\Kernel->Illuminate\\Foundation\\Http\\{closure}(Object(Illuminate\\Http\\Request))
#41 D:\\praktikum_laravel\\laravelPraktikum\\vendor\\laravel\\framework\\src\\Illuminate\\Foundation\\Http\\Middleware\\TransformsRequest.php(21): Illuminate\\Pipeline\\Pipeline->Illuminate\\Pipeline\\{closure}(Object(Illuminate\\Http\\Request))
#42 D:\\praktikum_laravel\\laravelPraktikum\\vendor\\laravel\\framework\\src\\Illuminate\\Foundation\\Http\\Middleware\\ConvertEmptyStringsToNull.php(31): Illuminate\\Foundation\\Http\\Middleware\\TransformsRequest->handle(Object(Illuminate\\Http\\Request), Object(Closure))
#43 D:\\praktikum_laravel\\laravelPraktikum\\vendor\\laravel\\framework\\src\\Illuminate\\Pipeline\\Pipeline.php(208): Illuminate\\Foundation\\Http\\Middleware\\ConvertEmptyStringsToNull->handle(Object(Illuminate\\Http\\Request), Object(Closure))
#44 D:\\praktikum_laravel\\laravelPraktikum\\vendor\\laravel\\framework\\src\\Illuminate\\Foundation\\Http\\Middleware\\TransformsRequest.php(21): Illuminate\\Pipeline\\Pipeline->Illuminate\\Pipeline\\{closure}(Object(Illuminate\\Http\\Request))
#45 D:\\praktikum_laravel\\laravelPraktikum\\vendor\\laravel\\framework\\src\\Illuminate\\Foundation\\Http\\Middleware\\TrimStrings.php(51): Illuminate\\Foundation\\Http\\Middleware\\TransformsRequest->handle(Object(Illuminate\\Http\\Request), Object(Closure))
#46 D:\\praktikum_laravel\\laravelPraktikum\\vendor\\laravel\\framework\\src\\Illuminate\\Pipeline\\Pipeline.php(208): Illuminate\\Foundation\\Http\\Middleware\\TrimStrings->handle(Object(Illuminate\\Http\\Request), Object(Closure))
#47 D:\\praktikum_laravel\\laravelPraktikum\\vendor\\laravel\\framework\\src\\Illuminate\\Http\\Middleware\\ValidatePostSize.php(27): Illuminate\\Pipeline\\Pipeline->Illuminate\\Pipeline\\{closure}(Object(Illuminate\\Http\\Request))
#48 D:\\praktikum_laravel\\laravelPraktikum\\vendor\\laravel\\framework\\src\\Illuminate\\Pipeline\\Pipeline.php(208): Illuminate\\Http\\Middleware\\ValidatePostSize->handle(Object(Illuminate\\Http\\Request), Object(Closure))
#49 D:\\praktikum_laravel\\laravelPraktikum\\vendor\\laravel\\framework\\src\\Illuminate\\Foundation\\Http\\Middleware\\PreventRequestsDuringMaintenance.php(109): Illuminate\\Pipeline\\Pipeline->Illuminate\\Pipeline\\{closure}(Object(Illuminate\\Http\\Request))
#50 D:\\praktikum_laravel\\laravelPraktikum\\vendor\\laravel\\framework\\src\\Illuminate\\Pipeline\\Pipeline.php(208): Illuminate\\Foundation\\Http\\Middleware\\PreventRequestsDuringMaintenance->handle(Object(Illuminate\\Http\\Request), Object(Closure))
#51 D:\\praktikum_laravel\\laravelPraktikum\\vendor\\laravel\\framework\\src\\Illuminate\\Http\\Middleware\\HandleCors.php(48): Illuminate\\Pipeline\\Pipeline->Illuminate\\Pipeline\\{closure}(Object(Illuminate\\Http\\Request))
#52 D:\\praktikum_laravel\\laravelPraktikum\\vendor\\laravel\\framework\\src\\Illuminate\\Pipeline\\Pipeline.php(208): Illuminate\\Http\\Middleware\\HandleCors->handle(Object(Illuminate\\Http\\Request), Object(Closure))
#53 D:\\praktikum_laravel\\laravelPraktikum\\vendor\\laravel\\framework\\src\\Illuminate\\Http\\Middleware\\TrustProxies.php(58): Illuminate\\Pipeline\\Pipeline->Illuminate\\Pipeline\\{closure}(Object(Illuminate\\Http\\Request))
#54 D:\\praktikum_laravel\\laravelPraktikum\\vendor\\laravel\\framework\\src\\Illuminate\\Pipeline\\Pipeline.php(208): Illuminate\\Http\\Middleware\\TrustProxies->handle(Object(Illuminate\\Http\\Request), Object(Closure))
#55 D:\\praktikum_laravel\\laravelPraktikum\\vendor\\laravel\\framework\\src\\Illuminate\\Foundation\\Http\\Middleware\\InvokeDeferredCallbacks.php(22): Illuminate\\Pipeline\\Pipeline->Illuminate\\Pipeline\\{closure}(Object(Illuminate\\Http\\Request))
#56 D:\\praktikum_laravel\\laravelPraktikum\\vendor\\laravel\\framework\\src\\Illuminate\\Pipeline\\Pipeline.php(208): Illuminate\\Foundation\\Http\\Middleware\\InvokeDeferredCallbacks->handle(Object(Illuminate\\Http\\Request), Object(Closure))
#57 D:\\praktikum_laravel\\laravelPraktikum\\vendor\\laravel\\framework\\src\\Illuminate\\Http\\Middleware\\ValidatePathEncoding.php(26): Illuminate\\Pipeline\\Pipeline->Illuminate\\Pipeline\\{closure}(Object(Illuminate\\Http\\Request))
#58 D:\\praktikum_laravel\\laravelPraktikum\\vendor\\laravel\\framework\\src\\Illuminate\\Pipeline\\Pipeline.php(208): Illuminate\\Http\\Middleware\\ValidatePathEncoding->handle(Object(Illuminate\\Http\\Request), Object(Closure))
#59 D:\\praktikum_laravel\\laravelPraktikum\\vendor\\laravel\\framework\\src\\Illuminate\\Pipeline\\Pipeline.php(126): Illuminate\\Pipeline\\Pipeline->Illuminate\\Pipeline\\{closure}(Object(Illuminate\\Http\\Request))
#60 D:\\praktikum_laravel\\laravelPraktikum\\vendor\\laravel\\framework\\src\\Illuminate\\Foundation\\Http\\Kernel.php(175): Illuminate\\Pipeline\\Pipeline->then(Object(Closure))
#61 D:\\praktikum_laravel\\laravelPraktikum\\vendor\\laravel\\framework\\src\\Illuminate\\Foundation\\Http\\Kernel.php(144): Illuminate\\Foundation\\Http\\Kernel->sendRequestThroughRouter(Object(Illuminate\\Http\\Request))
#62 D:\\praktikum_laravel\\laravelPraktikum\\vendor\\laravel\\framework\\src\\Illuminate\\Foundation\\Application.php(1219): Illuminate\\Foundation\\Http\\Kernel->handle(Object(Illuminate\\Http\\Request))
#63 D:\\praktikum_laravel\\laravelPraktikum\\public\\index.php(20): Illuminate\\Foundation\\Application->handleRequest(Object(Illuminate\\Http\\Request))
#64 D:\\praktikum_laravel\\laravelPraktikum\\vendor\\laravel\\framework\\src\\Illuminate\\Foundation\\resources\\server.php(23): require_once('D:\\\\praktikum_la...')
#65 {main}
"} 
[2025-05-21 03:59:51] local.ERROR: SQLSTATE[HY000] [2002] No connection could be made because the target machine actively refused it (Connection: mysql, SQL: select * from `sessions` where `id` = nkAcZXefHFe17VT0Rg21waO5KaUKpJfW42ccDdSs limit 1) {"exception":"[object] (Illuminate\\Database\\QueryException(code: 2002): SQLSTATE[HY000] [2002] No connection could be made because the target machine actively refused it (Connection: mysql, SQL: select * from `sessions` where `id` = nkAcZXefHFe17VT0Rg21waO5KaUKpJfW42ccDdSs limit 1) at D:\\praktikum_laravel\\laravelPraktikum\\vendor\\laravel\\framework\\src\\Illuminate\\Database\\Connection.php:822)
[stacktrace]
#0 D:\\praktikum_laravel\\laravelPraktikum\\vendor\\laravel\\framework\\src\\Illuminate\\Database\\Connection.php(976): Illuminate\\Database\\Connection->runQueryCallback('select * from `...', Array, Object(Closure))
#1 D:\\praktikum_laravel\\laravelPraktikum\\vendor\\laravel\\framework\\src\\Illuminate\\Database\\Connection.php(955): Illuminate\\Database\\Connection->tryAgainIfCausedByLostConnection(Object(Illuminate\\Database\\QueryException), 'select * from `...', Array, Object(Closure))
#2 D:\\praktikum_laravel\\laravelPraktikum\\vendor\\laravel\\framework\\src\\Illuminate\\Database\\Connection.php(778): Illuminate\\Database\\Connection->handleQueryException(Object(Illuminate\\Database\\QueryException), 'select * from `...', Array, Object(Closure))
#3 D:\\praktikum_laravel\\laravelPraktikum\\vendor\\laravel\\framework\\src\\Illuminate\\Database\\Connection.php(395): Illuminate\\Database\\Connection->run('select * from `...', Array, Object(Closure))
#4 D:\\praktikum_laravel\\laravelPraktikum\\vendor\\laravel\\framework\\src\\Illuminate\\Database\\Query\\Builder.php(3120): Illuminate\\Database\\Connection->select('select * from `...', Array, false)
#5 D:\\praktikum_laravel\\laravelPraktikum\\vendor\\laravel\\framework\\src\\Illuminate\\Database\\Query\\Builder.php(3105): Illuminate\\Database\\Query\\Builder->runSelect()
#6 D:\\praktikum_laravel\\laravelPraktikum\\vendor\\laravel\\framework\\src\\Illuminate\\Database\\Query\\Builder.php(3695): Illuminate\\Database\\Query\\Builder->{closure:Illuminate\\Database\\Query\\Builder::get():3104}()
#7 D:\\praktikum_laravel\\laravelPraktikum\\vendor\\laravel\\framework\\src\\Illuminate\\Database\\Query\\Builder.php(3104): Illuminate\\Database\\Query\\Builder->onceWithColumns(Array, Object(Closure))
#8 D:\\praktikum_laravel\\laravelPraktikum\\vendor\\laravel\\framework\\src\\Illuminate\\Database\\Concerns\\BuildsQueries.php(366): Illuminate\\Database\\Query\\Builder->get(Array)
#9 D:\\praktikum_laravel\\laravelPraktikum\\vendor\\laravel\\framework\\src\\Illuminate\\Database\\Query\\Builder.php(3027): Illuminate\\Database\\Query\\Builder->first(Array)
#10 D:\\praktikum_laravel\\laravelPraktikum\\vendor\\laravel\\framework\\src\\Illuminate\\Session\\DatabaseSessionHandler.php(96): Illuminate\\Database\\Query\\Builder->find('nkAcZXefHFe17VT...')
#11 D:\\praktikum_laravel\\laravelPraktikum\\vendor\\laravel\\framework\\src\\Illuminate\\Session\\Store.php(116): Illuminate\\Session\\DatabaseSessionHandler->read('nkAcZXefHFe17VT...')
#12 D:\\praktikum_laravel\\laravelPraktikum\\vendor\\laravel\\framework\\src\\Illuminate\\Session\\Store.php(104): Illuminate\\Session\\Store->readFromHandler()
#13 D:\\praktikum_laravel\\laravelPraktikum\\vendor\\laravel\\framework\\src\\Illuminate\\Session\\Store.php(88): Illuminate\\Session\\Store->loadSession()
#14 D:\\praktikum_laravel\\laravelPraktikum\\vendor\\laravel\\framework\\src\\Illuminate\\Session\\Middleware\\StartSession.php(146): Illuminate\\Session\\Store->start()
#15 D:\\praktikum_laravel\\laravelPraktikum\\vendor\\laravel\\framework\\src\\Illuminate\\Support\\helpers.php(399): Illuminate\\Session\\Middleware\\StartSession->{closure:Illuminate\\Session\\Middleware\\StartSession::startSession():143}(Object(Illuminate\\Session\\Store))
#16 D:\\praktikum_laravel\\laravelPraktikum\\vendor\\laravel\\framework\\src\\Illuminate\\Session\\Middleware\\StartSession.php(143): tap(Object(Illuminate\\Session\\Store), Object(Closure))
#17 D:\\praktikum_laravel\\laravelPraktikum\\vendor\\laravel\\framework\\src\\Illuminate\\Session\\Middleware\\StartSession.php(115): Illuminate\\Session\\Middleware\\StartSession->startSession(Object(Illuminate\\Http\\Request), Object(Illuminate\\Session\\Store))
#18 D:\\praktikum_laravel\\laravelPraktikum\\vendor\\laravel\\framework\\src\\Illuminate\\Session\\Middleware\\StartSession.php(63): Illuminate\\Session\\Middleware\\StartSession->handleStatefulRequest(Object(Illuminate\\Http\\Request), Object(Illuminate\\Session\\Store), Object(Closure))
#19 D:\\praktikum_laravel\\laravelPraktikum\\vendor\\laravel\\framework\\src\\Illuminate\\Pipeline\\Pipeline.php(208): Illuminate\\Session\\Middleware\\StartSession->handle(Object(Illuminate\\Http\\Request), Object(Closure))
#20 D:\\praktikum_laravel\\laravelPraktikum\\vendor\\laravel\\framework\\src\\Illuminate\\Cookie\\Middleware\\AddQueuedCookiesToResponse.php(36): Illuminate\\Pipeline\\Pipeline->{closure:{closure:Illuminate\\Pipeline\\Pipeline::carry():183}:184}(Object(Illuminate\\Http\\Request))
#21 D:\\praktikum_laravel\\laravelPraktikum\\vendor\\laravel\\framework\\src\\Illuminate\\Pipeline\\Pipeline.php(208): Illuminate\\Cookie\\Middleware\\AddQueuedCookiesToResponse->handle(Object(Illuminate\\Http\\Request), Object(Closure))
#22 D:\\praktikum_laravel\\laravelPraktikum\\vendor\\laravel\\framework\\src\\Illuminate\\Cookie\\Middleware\\EncryptCookies.php(74): Illuminate\\Pipeline\\Pipeline->{closure:{closure:Illuminate\\Pipeline\\Pipeline::carry():183}:184}(Object(Illuminate\\Http\\Request))
#23 D:\\praktikum_laravel\\laravelPraktikum\\vendor\\laravel\\framework\\src\\Illuminate\\Pipeline\\Pipeline.php(208): Illuminate\\Cookie\\Middleware\\EncryptCookies->handle(Object(Illuminate\\Http\\Request), Object(Closure))
#24 D:\\praktikum_laravel\\laravelPraktikum\\vendor\\laravel\\framework\\src\\Illuminate\\Pipeline\\Pipeline.php(126): Illuminate\\Pipeline\\Pipeline->{closure:{closure:Illuminate\\Pipeline\\Pipeline::carry():183}:184}(Object(Illuminate\\Http\\Request))
#25 D:\\praktikum_laravel\\laravelPraktikum\\vendor\\laravel\\framework\\src\\Illuminate\\Routing\\Router.php(807): Illuminate\\Pipeline\\Pipeline->then(Object(Closure))
#26 D:\\praktikum_laravel\\laravelPraktikum\\vendor\\laravel\\framework\\src\\Illuminate\\Routing\\Router.php(786): Illuminate\\Routing\\Router->runRouteWithinStack(Object(Illuminate\\Routing\\Route), Object(Illuminate\\Http\\Request))
#27 D:\\praktikum_laravel\\laravelPraktikum\\vendor\\laravel\\framework\\src\\Illuminate\\Routing\\Router.php(750): Illuminate\\Routing\\Router->runRoute(Object(Illuminate\\Http\\Request), Object(Illuminate\\Routing\\Route))
#28 D:\\praktikum_laravel\\laravelPraktikum\\vendor\\laravel\\framework\\src\\Illuminate\\Routing\\Router.php(739): Illuminate\\Routing\\Router->dispatchToRoute(Object(Illuminate\\Http\\Request))
#29 D:\\praktikum_laravel\\laravelPraktikum\\vendor\\laravel\\framework\\src\\Illuminate\\Foundation\\Http\\Kernel.php(200): Illuminate\\Routing\\Router->dispatch(Object(Illuminate\\Http\\Request))
#30 D:\\praktikum_laravel\\laravelPraktikum\\vendor\\laravel\\framework\\src\\Illuminate\\Pipeline\\Pipeline.php(169): Illuminate\\Foundation\\Http\\Kernel->{closure:Illuminate\\Foundation\\Http\\Kernel::dispatchToRouter():197}(Object(Illuminate\\Http\\Request))
#31 D:\\praktikum_laravel\\laravelPraktikum\\vendor\\laravel\\framework\\src\\Illuminate\\Foundation\\Http\\Middleware\\TransformsRequest.php(21): Illuminate\\Pipeline\\Pipeline->{closure:Illuminate\\Pipeline\\Pipeline::prepareDestination():167}(Object(Illuminate\\Http\\Request))
#32 D:\\praktikum_laravel\\laravelPraktikum\\vendor\\laravel\\framework\\src\\Illuminate\\Foundation\\Http\\Middleware\\ConvertEmptyStringsToNull.php(31): Illuminate\\Foundation\\Http\\Middleware\\TransformsRequest->handle(Object(Illuminate\\Http\\Request), Object(Closure))
#33 D:\\praktikum_laravel\\laravelPraktikum\\vendor\\laravel\\framework\\src\\Illuminate\\Pipeline\\Pipeline.php(208): Illuminate\\Foundation\\Http\\Middleware\\ConvertEmptyStringsToNull->handle(Object(Illuminate\\Http\\Request), Object(Closure))
#34 D:\\praktikum_laravel\\laravelPraktikum\\vendor\\laravel\\framework\\src\\Illuminate\\Foundation\\Http\\Middleware\\TransformsRequest.php(21): Illuminate\\Pipeline\\Pipeline->{closure:{closure:Illuminate\\Pipeline\\Pipeline::carry():183}:184}(Object(Illuminate\\Http\\Request))
#35 D:\\praktikum_laravel\\laravelPraktikum\\vendor\\laravel\\framework\\src\\Illuminate\\Foundation\\Http\\Middleware\\TrimStrings.php(51): Illuminate\\Foundation\\Http\\Middleware\\TransformsRequest->handle(Object(Illuminate\\Http\\Request), Object(Closure))
#36 D:\\praktikum_laravel\\laravelPraktikum\\vendor\\laravel\\framework\\src\\Illuminate\\Pipeline\\Pipeline.php(208): Illuminate\\Foundation\\Http\\Middleware\\TrimStrings->handle(Object(Illuminate\\Http\\Request), Object(Closure))
#37 D:\\praktikum_laravel\\laravelPraktikum\\vendor\\laravel\\framework\\src\\Illuminate\\Http\\Middleware\\ValidatePostSize.php(27): Illuminate\\Pipeline\\Pipeline->{closure:{closure:Illuminate\\Pipeline\\Pipeline::carry():183}:184}(Object(Illuminate\\Http\\Request))
#38 D:\\praktikum_laravel\\laravelPraktikum\\vendor\\laravel\\framework\\src\\Illuminate\\Pipeline\\Pipeline.php(208): Illuminate\\Http\\Middleware\\ValidatePostSize->handle(Object(Illuminate\\Http\\Request), Object(Closure))
#39 D:\\praktikum_laravel\\laravelPraktikum\\vendor\\laravel\\framework\\src\\Illuminate\\Foundation\\Http\\Middleware\\PreventRequestsDuringMaintenance.php(109): Illuminate\\Pipeline\\Pipeline->{closure:{closure:Illuminate\\Pipeline\\Pipeline::carry():183}:184}(Object(Illuminate\\Http\\Request))
#40 D:\\praktikum_laravel\\laravelPraktikum\\vendor\\laravel\\framework\\src\\Illuminate\\Pipeline\\Pipeline.php(208): Illuminate\\Foundation\\Http\\Middleware\\PreventRequestsDuringMaintenance->handle(Object(Illuminate\\Http\\Request), Object(Closure))
#41 D:\\praktikum_laravel\\laravelPraktikum\\vendor\\laravel\\framework\\src\\Illuminate\\Http\\Middleware\\HandleCors.php(48): Illuminate\\Pipeline\\Pipeline->{closure:{closure:Illuminate\\Pipeline\\Pipeline::carry():183}:184}(Object(Illuminate\\Http\\Request))
#42 D:\\praktikum_laravel\\laravelPraktikum\\vendor\\laravel\\framework\\src\\Illuminate\\Pipeline\\Pipeline.php(208): Illuminate\\Http\\Middleware\\HandleCors->handle(Object(Illuminate\\Http\\Request), Object(Closure))
#43 D:\\praktikum_laravel\\laravelPraktikum\\vendor\\laravel\\framework\\src\\Illuminate\\Http\\Middleware\\TrustProxies.php(58): Illuminate\\Pipeline\\Pipeline->{closure:{closure:Illuminate\\Pipeline\\Pipeline::carry():183}:184}(Object(Illuminate\\Http\\Request))
#44 D:\\praktikum_laravel\\laravelPraktikum\\vendor\\laravel\\framework\\src\\Illuminate\\Pipeline\\Pipeline.php(208): Illuminate\\Http\\Middleware\\TrustProxies->handle(Object(Illuminate\\Http\\Request), Object(Closure))
#45 D:\\praktikum_laravel\\laravelPraktikum\\vendor\\laravel\\framework\\src\\Illuminate\\Foundation\\Http\\Middleware\\InvokeDeferredCallbacks.php(22): Illuminate\\Pipeline\\Pipeline->{closure:{closure:Illuminate\\Pipeline\\Pipeline::carry():183}:184}(Object(Illuminate\\Http\\Request))
#46 D:\\praktikum_laravel\\laravelPraktikum\\vendor\\laravel\\framework\\src\\Illuminate\\Pipeline\\Pipeline.php(208): Illuminate\\Foundation\\Http\\Middleware\\InvokeDeferredCallbacks->handle(Object(Illuminate\\Http\\Request), Object(Closure))
#47 D:\\praktikum_laravel\\laravelPraktikum\\vendor\\laravel\\framework\\src\\Illuminate\\Http\\Middleware\\ValidatePathEncoding.php(26): Illuminate\\Pipeline\\Pipeline->{closure:{closure:Illuminate\\Pipeline\\Pipeline::carry():183}:184}(Object(Illuminate\\Http\\Request))
#48 D:\\praktikum_laravel\\laravelPraktikum\\vendor\\laravel\\framework\\src\\Illuminate\\Pipeline\\Pipeline.php(208): Illuminate\\Http\\Middleware\\ValidatePathEncoding->handle(Object(Illuminate\\Http\\Request), Object(Closure))
#49 D:\\praktikum_laravel\\laravelPraktikum\\vendor\\laravel\\framework\\src\\Illuminate\\Pipeline\\Pipeline.php(126): Illuminate\\Pipeline\\Pipeline->{closure:{closure:Illuminate\\Pipeline\\Pipeline::carry():183}:184}(Object(Illuminate\\Http\\Request))
#50 D:\\praktikum_laravel\\laravelPraktikum\\vendor\\laravel\\framework\\src\\Illuminate\\Foundation\\Http\\Kernel.php(175): Illuminate\\Pipeline\\Pipeline->then(Object(Closure))
#51 D:\\praktikum_laravel\\laravelPraktikum\\vendor\\laravel\\framework\\src\\Illuminate\\Foundation\\Http\\Kernel.php(144): Illuminate\\Foundation\\Http\\Kernel->sendRequestThroughRouter(Object(Illuminate\\Http\\Request))
#52 D:\\praktikum_laravel\\laravelPraktikum\\vendor\\laravel\\framework\\src\\Illuminate\\Foundation\\Application.php(1219): Illuminate\\Foundation\\Http\\Kernel->handle(Object(Illuminate\\Http\\Request))
#53 D:\\praktikum_laravel\\laravelPraktikum\\public\\index.php(20): Illuminate\\Foundation\\Application->handleRequest(Object(Illuminate\\Http\\Request))
#54 D:\\praktikum_laravel\\laravelPraktikum\\vendor\\laravel\\framework\\src\\Illuminate\\Foundation\\resources\\server.php(23): require_once('D:\\\\praktikum_la...')
#55 {main}

[previous exception] [object] (PDOException(code: 2002): SQLSTATE[HY000] [2002] No connection could be made because the target machine actively refused it at D:\\praktikum_laravel\\laravelPraktikum\\vendor\\laravel\\framework\\src\\Illuminate\\Database\\Connectors\\Connector.php:67)
[stacktrace]
#0 D:\\praktikum_laravel\\laravelPraktikum\\vendor\\laravel\\framework\\src\\Illuminate\\Database\\Connectors\\Connector.php(67): PDO::connect('mysql:host=127....', 'root', Object(SensitiveParameterValue), Array)
#1 D:\\praktikum_laravel\\laravelPraktikum\\vendor\\laravel\\framework\\src\\Illuminate\\Database\\Connectors\\Connector.php(85): Illuminate\\Database\\Connectors\\Connector->createPdoConnection('mysql:host=127....', 'root', Object(SensitiveParameterValue), Array)
#2 D:\\praktikum_laravel\\laravelPraktikum\\vendor\\laravel\\framework\\src\\Illuminate\\Database\\Connectors\\Connector.php(48): Illuminate\\Database\\Connectors\\Connector->tryAgainIfCausedByLostConnection(Object(PDOException), 'mysql:host=127....', 'root', Object(SensitiveParameterValue), Array)
#3 D:\\praktikum_laravel\\laravelPraktikum\\vendor\\laravel\\framework\\src\\Illuminate\\Database\\Connectors\\MySqlConnector.php(24): Illuminate\\Database\\Connectors\\Connector->createConnection('mysql:host=127....', Array, Array)
#4 D:\\praktikum_laravel\\laravelPraktikum\\vendor\\laravel\\framework\\src\\Illuminate\\Database\\Connectors\\ConnectionFactory.php(184): Illuminate\\Database\\Connectors\\MySqlConnector->connect(Array)
#5 [internal function]: Illuminate\\Database\\Connectors\\ConnectionFactory->{closure:Illuminate\\Database\\Connectors\\ConnectionFactory::createPdoResolverWithHosts():179}()
#6 D:\\praktikum_laravel\\laravelPraktikum\\vendor\\laravel\\framework\\src\\Illuminate\\Database\\Connection.php(1228): call_user_func(Object(Closure))
#7 D:\\praktikum_laravel\\laravelPraktikum\\vendor\\laravel\\framework\\src\\Illuminate\\Database\\Connection.php(509): Illuminate\\Database\\Connection->getPdo()
#8 D:\\praktikum_laravel\\laravelPraktikum\\vendor\\laravel\\framework\\src\\Illuminate\\Database\\Connection.php(404): Illuminate\\Database\\Connection->getPdoForSelect(false)
#9 D:\\praktikum_laravel\\laravelPraktikum\\vendor\\laravel\\framework\\src\\Illuminate\\Database\\Connection.php(809): Illuminate\\Database\\Connection->{closure:Illuminate\\Database\\Connection::select():395}('select * from `...', Array)
#10 D:\\praktikum_laravel\\laravelPraktikum\\vendor\\laravel\\framework\\src\\Illuminate\\Database\\Connection.php(976): Illuminate\\Database\\Connection->runQueryCallback('select * from `...', Array, Object(Closure))
#11 D:\\praktikum_laravel\\laravelPraktikum\\vendor\\laravel\\framework\\src\\Illuminate\\Database\\Connection.php(955): Illuminate\\Database\\Connection->tryAgainIfCausedByLostConnection(Object(Illuminate\\Database\\QueryException), 'select * from `...', Array, Object(Closure))
#12 D:\\praktikum_laravel\\laravelPraktikum\\vendor\\laravel\\framework\\src\\Illuminate\\Database\\Connection.php(778): Illuminate\\Database\\Connection->handleQueryException(Object(Illuminate\\Database\\QueryException), 'select * from `...', Array, Object(Closure))
#13 D:\\praktikum_laravel\\laravelPraktikum\\vendor\\laravel\\framework\\src\\Illuminate\\Database\\Connection.php(395): Illuminate\\Database\\Connection->run('select * from `...', Array, Object(Closure))
#14 D:\\praktikum_laravel\\laravelPraktikum\\vendor\\laravel\\framework\\src\\Illuminate\\Database\\Query\\Builder.php(3120): Illuminate\\Database\\Connection->select('select * from `...', Array, false)
#15 D:\\praktikum_laravel\\laravelPraktikum\\vendor\\laravel\\framework\\src\\Illuminate\\Database\\Query\\Builder.php(3105): Illuminate\\Database\\Query\\Builder->runSelect()
#16 D:\\praktikum_laravel\\laravelPraktikum\\vendor\\laravel\\framework\\src\\Illuminate\\Database\\Query\\Builder.php(3695): Illuminate\\Database\\Query\\Builder->{closure:Illuminate\\Database\\Query\\Builder::get():3104}()
#17 D:\\praktikum_laravel\\laravelPraktikum\\vendor\\laravel\\framework\\src\\Illuminate\\Database\\Query\\Builder.php(3104): Illuminate\\Database\\Query\\Builder->onceWithColumns(Array, Object(Closure))
#18 D:\\praktikum_laravel\\laravelPraktikum\\vendor\\laravel\\framework\\src\\Illuminate\\Database\\Concerns\\BuildsQueries.php(366): Illuminate\\Database\\Query\\Builder->get(Array)
#19 D:\\praktikum_laravel\\laravelPraktikum\\vendor\\laravel\\framework\\src\\Illuminate\\Database\\Query\\Builder.php(3027): Illuminate\\Database\\Query\\Builder->first(Array)
#20 D:\\praktikum_laravel\\laravelPraktikum\\vendor\\laravel\\framework\\src\\Illuminate\\Session\\DatabaseSessionHandler.php(96): Illuminate\\Database\\Query\\Builder->find('nkAcZXefHFe17VT...')
#21 D:\\praktikum_laravel\\laravelPraktikum\\vendor\\laravel\\framework\\src\\Illuminate\\Session\\Store.php(116): Illuminate\\Session\\DatabaseSessionHandler->read('nkAcZXefHFe17VT...')
#22 D:\\praktikum_laravel\\laravelPraktikum\\vendor\\laravel\\framework\\src\\Illuminate\\Session\\Store.php(104): Illuminate\\Session\\Store->readFromHandler()
#23 D:\\praktikum_laravel\\laravelPraktikum\\vendor\\laravel\\framework\\src\\Illuminate\\Session\\Store.php(88): Illuminate\\Session\\Store->loadSession()
#24 D:\\praktikum_laravel\\laravelPraktikum\\vendor\\laravel\\framework\\src\\Illuminate\\Session\\Middleware\\StartSession.php(146): Illuminate\\Session\\Store->start()
#25 D:\\praktikum_laravel\\laravelPraktikum\\vendor\\laravel\\framework\\src\\Illuminate\\Support\\helpers.php(399): Illuminate\\Session\\Middleware\\StartSession->{closure:Illuminate\\Session\\Middleware\\StartSession::startSession():143}(Object(Illuminate\\Session\\Store))
#26 D:\\praktikum_laravel\\laravelPraktikum\\vendor\\laravel\\framework\\src\\Illuminate\\Session\\Middleware\\StartSession.php(143): tap(Object(Illuminate\\Session\\Store), Object(Closure))
#27 D:\\praktikum_laravel\\laravelPraktikum\\vendor\\laravel\\framework\\src\\Illuminate\\Session\\Middleware\\StartSession.php(115): Illuminate\\Session\\Middleware\\StartSession->startSession(Object(Illuminate\\Http\\Request), Object(Illuminate\\Session\\Store))
#28 D:\\praktikum_laravel\\laravelPraktikum\\vendor\\laravel\\framework\\src\\Illuminate\\Session\\Middleware\\StartSession.php(63): Illuminate\\Session\\Middleware\\StartSession->handleStatefulRequest(Object(Illuminate\\Http\\Request), Object(Illuminate\\Session\\Store), Object(Closure))
#29 D:\\praktikum_laravel\\laravelPraktikum\\vendor\\laravel\\framework\\src\\Illuminate\\Pipeline\\Pipeline.php(208): Illuminate\\Session\\Middleware\\StartSession->handle(Object(Illuminate\\Http\\Request), Object(Closure))
#30 D:\\praktikum_laravel\\laravelPraktikum\\vendor\\laravel\\framework\\src\\Illuminate\\Cookie\\Middleware\\AddQueuedCookiesToResponse.php(36): Illuminate\\Pipeline\\Pipeline->{closure:{closure:Illuminate\\Pipeline\\Pipeline::carry():183}:184}(Object(Illuminate\\Http\\Request))
#31 D:\\praktikum_laravel\\laravelPraktikum\\vendor\\laravel\\framework\\src\\Illuminate\\Pipeline\\Pipeline.php(208): Illuminate\\Cookie\\Middleware\\AddQueuedCookiesToResponse->handle(Object(Illuminate\\Http\\Request), Object(Closure))
#32 D:\\praktikum_laravel\\laravelPraktikum\\vendor\\laravel\\framework\\src\\Illuminate\\Cookie\\Middleware\\EncryptCookies.php(74): Illuminate\\Pipeline\\Pipeline->{closure:{closure:Illuminate\\Pipeline\\Pipeline::carry():183}:184}(Object(Illuminate\\Http\\Request))
#33 D:\\praktikum_laravel\\laravelPraktikum\\vendor\\laravel\\framework\\src\\Illuminate\\Pipeline\\Pipeline.php(208): Illuminate\\Cookie\\Middleware\\EncryptCookies->handle(Object(Illuminate\\Http\\Request), Object(Closure))
#34 D:\\praktikum_laravel\\laravelPraktikum\\vendor\\laravel\\framework\\src\\Illuminate\\Pipeline\\Pipeline.php(126): Illuminate\\Pipeline\\Pipeline->{closure:{closure:Illuminate\\Pipeline\\Pipeline::carry():183}:184}(Object(Illuminate\\Http\\Request))
#35 D:\\praktikum_laravel\\laravelPraktikum\\vendor\\laravel\\framework\\src\\Illuminate\\Routing\\Router.php(807): Illuminate\\Pipeline\\Pipeline->then(Object(Closure))
#36 D:\\praktikum_laravel\\laravelPraktikum\\vendor\\laravel\\framework\\src\\Illuminate\\Routing\\Router.php(786): Illuminate\\Routing\\Router->runRouteWithinStack(Object(Illuminate\\Routing\\Route), Object(Illuminate\\Http\\Request))
#37 D:\\praktikum_laravel\\laravelPraktikum\\vendor\\laravel\\framework\\src\\Illuminate\\Routing\\Router.php(750): Illuminate\\Routing\\Router->runRoute(Object(Illuminate\\Http\\Request), Object(Illuminate\\Routing\\Route))
#38 D:\\praktikum_laravel\\laravelPraktikum\\vendor\\laravel\\framework\\src\\Illuminate\\Routing\\Router.php(739): Illuminate\\Routing\\Router->dispatchToRoute(Object(Illuminate\\Http\\Request))
#39 D:\\praktikum_laravel\\laravelPraktikum\\vendor\\laravel\\framework\\src\\Illuminate\\Foundation\\Http\\Kernel.php(200): Illuminate\\Routing\\Router->dispatch(Object(Illuminate\\Http\\Request))
#40 D:\\praktikum_laravel\\laravelPraktikum\\vendor\\laravel\\framework\\src\\Illuminate\\Pipeline\\Pipeline.php(169): Illuminate\\Foundation\\Http\\Kernel->{closure:Illuminate\\Foundation\\Http\\Kernel::dispatchToRouter():197}(Object(Illuminate\\Http\\Request))
#41 D:\\praktikum_laravel\\laravelPraktikum\\vendor\\laravel\\framework\\src\\Illuminate\\Foundation\\Http\\Middleware\\TransformsRequest.php(21): Illuminate\\Pipeline\\Pipeline->{closure:Illuminate\\Pipeline\\Pipeline::prepareDestination():167}(Object(Illuminate\\Http\\Request))
#42 D:\\praktikum_laravel\\laravelPraktikum\\vendor\\laravel\\framework\\src\\Illuminate\\Foundation\\Http\\Middleware\\ConvertEmptyStringsToNull.php(31): Illuminate\\Foundation\\Http\\Middleware\\TransformsRequest->handle(Object(Illuminate\\Http\\Request), Object(Closure))
#43 D:\\praktikum_laravel\\laravelPraktikum\\vendor\\laravel\\framework\\src\\Illuminate\\Pipeline\\Pipeline.php(208): Illuminate\\Foundation\\Http\\Middleware\\ConvertEmptyStringsToNull->handle(Object(Illuminate\\Http\\Request), Object(Closure))
#44 D:\\praktikum_laravel\\laravelPraktikum\\vendor\\laravel\\framework\\src\\Illuminate\\Foundation\\Http\\Middleware\\TransformsRequest.php(21): Illuminate\\Pipeline\\Pipeline->{closure:{closure:Illuminate\\Pipeline\\Pipeline::carry():183}:184}(Object(Illuminate\\Http\\Request))
#45 D:\\praktikum_laravel\\laravelPraktikum\\vendor\\laravel\\framework\\src\\Illuminate\\Foundation\\Http\\Middleware\\TrimStrings.php(51): Illuminate\\Foundation\\Http\\Middleware\\TransformsRequest->handle(Object(Illuminate\\Http\\Request), Object(Closure))
#46 D:\\praktikum_laravel\\laravelPraktikum\\vendor\\laravel\\framework\\src\\Illuminate\\Pipeline\\Pipeline.php(208): Illuminate\\Foundation\\Http\\Middleware\\TrimStrings->handle(Object(Illuminate\\Http\\Request), Object(Closure))
#47 D:\\praktikum_laravel\\laravelPraktikum\\vendor\\laravel\\framework\\src\\Illuminate\\Http\\Middleware\\ValidatePostSize.php(27): Illuminate\\Pipeline\\Pipeline->{closure:{closure:Illuminate\\Pipeline\\Pipeline::carry():183}:184}(Object(Illuminate\\Http\\Request))
#48 D:\\praktikum_laravel\\laravelPraktikum\\vendor\\laravel\\framework\\src\\Illuminate\\Pipeline\\Pipeline.php(208): Illuminate\\Http\\Middleware\\ValidatePostSize->handle(Object(Illuminate\\Http\\Request), Object(Closure))
#49 D:\\praktikum_laravel\\laravelPraktikum\\vendor\\laravel\\framework\\src\\Illuminate\\Foundation\\Http\\Middleware\\PreventRequestsDuringMaintenance.php(109): Illuminate\\Pipeline\\Pipeline->{closure:{closure:Illuminate\\Pipeline\\Pipeline::carry():183}:184}(Object(Illuminate\\Http\\Request))
#50 D:\\praktikum_laravel\\laravelPraktikum\\vendor\\laravel\\framework\\src\\Illuminate\\Pipeline\\Pipeline.php(208): Illuminate\\Foundation\\Http\\Middleware\\PreventRequestsDuringMaintenance->handle(Object(Illuminate\\Http\\Request), Object(Closure))
#51 D:\\praktikum_laravel\\laravelPraktikum\\vendor\\laravel\\framework\\src\\Illuminate\\Http\\Middleware\\HandleCors.php(48): Illuminate\\Pipeline\\Pipeline->{closure:{closure:Illuminate\\Pipeline\\Pipeline::carry():183}:184}(Object(Illuminate\\Http\\Request))
#52 D:\\praktikum_laravel\\laravelPraktikum\\vendor\\laravel\\framework\\src\\Illuminate\\Pipeline\\Pipeline.php(208): Illuminate\\Http\\Middleware\\HandleCors->handle(Object(Illuminate\\Http\\Request), Object(Closure))
#53 D:\\praktikum_laravel\\laravelPraktikum\\vendor\\laravel\\framework\\src\\Illuminate\\Http\\Middleware\\TrustProxies.php(58): Illuminate\\Pipeline\\Pipeline->{closure:{closure:Illuminate\\Pipeline\\Pipeline::carry():183}:184}(Object(Illuminate\\Http\\Request))
#54 D:\\praktikum_laravel\\laravelPraktikum\\vendor\\laravel\\framework\\src\\Illuminate\\Pipeline\\Pipeline.php(208): Illuminate\\Http\\Middleware\\TrustProxies->handle(Object(Illuminate\\Http\\Request), Object(Closure))
#55 D:\\praktikum_laravel\\laravelPraktikum\\vendor\\laravel\\framework\\src\\Illuminate\\Foundation\\Http\\Middleware\\InvokeDeferredCallbacks.php(22): Illuminate\\Pipeline\\Pipeline->{closure:{closure:Illuminate\\Pipeline\\Pipeline::carry():183}:184}(Object(Illuminate\\Http\\Request))
#56 D:\\praktikum_laravel\\laravelPraktikum\\vendor\\laravel\\framework\\src\\Illuminate\\Pipeline\\Pipeline.php(208): Illuminate\\Foundation\\Http\\Middleware\\InvokeDeferredCallbacks->handle(Object(Illuminate\\Http\\Request), Object(Closure))
#57 D:\\praktikum_laravel\\laravelPraktikum\\vendor\\laravel\\framework\\src\\Illuminate\\Http\\Middleware\\ValidatePathEncoding.php(26): Illuminate\\Pipeline\\Pipeline->{closure:{closure:Illuminate\\Pipeline\\Pipeline::carry():183}:184}(Object(Illuminate\\Http\\Request))
#58 D:\\praktikum_laravel\\laravelPraktikum\\vendor\\laravel\\framework\\src\\Illuminate\\Pipeline\\Pipeline.php(208): Illuminate\\Http\\Middleware\\ValidatePathEncoding->handle(Object(Illuminate\\Http\\Request), Object(Closure))
#59 D:\\praktikum_laravel\\laravelPraktikum\\vendor\\laravel\\framework\\src\\Illuminate\\Pipeline\\Pipeline.php(126): Illuminate\\Pipeline\\Pipeline->{closure:{closure:Illuminate\\Pipeline\\Pipeline::carry():183}:184}(Object(Illuminate\\Http\\Request))
#60 D:\\praktikum_laravel\\laravelPraktikum\\vendor\\laravel\\framework\\src\\Illuminate\\Foundation\\Http\\Kernel.php(175): Illuminate\\Pipeline\\Pipeline->then(Object(Closure))
#61 D:\\praktikum_laravel\\laravelPraktikum\\vendor\\laravel\\framework\\src\\Illuminate\\Foundation\\Http\\Kernel.php(144): Illuminate\\Foundation\\Http\\Kernel->sendRequestThroughRouter(Object(Illuminate\\Http\\Request))
#62 D:\\praktikum_laravel\\laravelPraktikum\\vendor\\laravel\\framework\\src\\Illuminate\\Foundation\\Application.php(1219): Illuminate\\Foundation\\Http\\Kernel->handle(Object(Illuminate\\Http\\Request))
#63 D:\\praktikum_laravel\\laravelPraktikum\\public\\index.php(20): Illuminate\\Foundation\\Application->handleRequest(Object(Illuminate\\Http\\Request))
#64 D:\\praktikum_laravel\\laravelPraktikum\\vendor\\laravel\\framework\\src\\Illuminate\\Foundation\\resources\\server.php(23): require_once('D:\\\\praktikum_la...')
#65 {main}
"} 
[2025-05-21 04:00:06] local.ERROR: SQLSTATE[HY000] [2002] No connection could be made because the target machine actively refused it (Connection: mysql, SQL: select * from `sessions` where `id` = 4URuc9xga4SYNbVslDoZjY5CwSAeuinUNzxDUWvF limit 1) {"exception":"[object] (Illuminate\\Database\\QueryException(code: 2002): SQLSTATE[HY000] [2002] No connection could be made because the target machine actively refused it (Connection: mysql, SQL: select * from `sessions` where `id` = 4URuc9xga4SYNbVslDoZjY5CwSAeuinUNzxDUWvF limit 1) at D:\\praktikum_laravel\\laravelPraktikum\\vendor\\laravel\\framework\\src\\Illuminate\\Database\\Connection.php:822)
[stacktrace]
#0 D:\\praktikum_laravel\\laravelPraktikum\\vendor\\laravel\\framework\\src\\Illuminate\\Database\\Connection.php(976): Illuminate\\Database\\Connection->runQueryCallback('select * from `...', Array, Object(Closure))
#1 D:\\praktikum_laravel\\laravelPraktikum\\vendor\\laravel\\framework\\src\\Illuminate\\Database\\Connection.php(955): Illuminate\\Database\\Connection->tryAgainIfCausedByLostConnection(Object(Illuminate\\Database\\QueryException), 'select * from `...', Array, Object(Closure))
#2 D:\\praktikum_laravel\\laravelPraktikum\\vendor\\laravel\\framework\\src\\Illuminate\\Database\\Connection.php(778): Illuminate\\Database\\Connection->handleQueryException(Object(Illuminate\\Database\\QueryException), 'select * from `...', Array, Object(Closure))
#3 D:\\praktikum_laravel\\laravelPraktikum\\vendor\\laravel\\framework\\src\\Illuminate\\Database\\Connection.php(395): Illuminate\\Database\\Connection->run('select * from `...', Array, Object(Closure))
#4 D:\\praktikum_laravel\\laravelPraktikum\\vendor\\laravel\\framework\\src\\Illuminate\\Database\\Query\\Builder.php(3120): Illuminate\\Database\\Connection->select('select * from `...', Array, false)
#5 D:\\praktikum_laravel\\laravelPraktikum\\vendor\\laravel\\framework\\src\\Illuminate\\Database\\Query\\Builder.php(3105): Illuminate\\Database\\Query\\Builder->runSelect()
#6 D:\\praktikum_laravel\\laravelPraktikum\\vendor\\laravel\\framework\\src\\Illuminate\\Database\\Query\\Builder.php(3695): Illuminate\\Database\\Query\\Builder->{closure:Illuminate\\Database\\Query\\Builder::get():3104}()
#7 D:\\praktikum_laravel\\laravelPraktikum\\vendor\\laravel\\framework\\src\\Illuminate\\Database\\Query\\Builder.php(3104): Illuminate\\Database\\Query\\Builder->onceWithColumns(Array, Object(Closure))
#8 D:\\praktikum_laravel\\laravelPraktikum\\vendor\\laravel\\framework\\src\\Illuminate\\Database\\Concerns\\BuildsQueries.php(366): Illuminate\\Database\\Query\\Builder->get(Array)
#9 D:\\praktikum_laravel\\laravelPraktikum\\vendor\\laravel\\framework\\src\\Illuminate\\Database\\Query\\Builder.php(3027): Illuminate\\Database\\Query\\Builder->first(Array)
#10 D:\\praktikum_laravel\\laravelPraktikum\\vendor\\laravel\\framework\\src\\Illuminate\\Session\\DatabaseSessionHandler.php(96): Illuminate\\Database\\Query\\Builder->find('4URuc9xga4SYNbV...')
#11 D:\\praktikum_laravel\\laravelPraktikum\\vendor\\laravel\\framework\\src\\Illuminate\\Session\\Store.php(116): Illuminate\\Session\\DatabaseSessionHandler->read('4URuc9xga4SYNbV...')
#12 D:\\praktikum_laravel\\laravelPraktikum\\vendor\\laravel\\framework\\src\\Illuminate\\Session\\Store.php(104): Illuminate\\Session\\Store->readFromHandler()
#13 D:\\praktikum_laravel\\laravelPraktikum\\vendor\\laravel\\framework\\src\\Illuminate\\Session\\Store.php(88): Illuminate\\Session\\Store->loadSession()
#14 D:\\praktikum_laravel\\laravelPraktikum\\vendor\\laravel\\framework\\src\\Illuminate\\Session\\Middleware\\StartSession.php(146): Illuminate\\Session\\Store->start()
#15 D:\\praktikum_laravel\\laravelPraktikum\\vendor\\laravel\\framework\\src\\Illuminate\\Support\\helpers.php(399): Illuminate\\Session\\Middleware\\StartSession->{closure:Illuminate\\Session\\Middleware\\StartSession::startSession():143}(Object(Illuminate\\Session\\Store))
#16 D:\\praktikum_laravel\\laravelPraktikum\\vendor\\laravel\\framework\\src\\Illuminate\\Session\\Middleware\\StartSession.php(143): tap(Object(Illuminate\\Session\\Store), Object(Closure))
#17 D:\\praktikum_laravel\\laravelPraktikum\\vendor\\laravel\\framework\\src\\Illuminate\\Session\\Middleware\\StartSession.php(115): Illuminate\\Session\\Middleware\\StartSession->startSession(Object(Illuminate\\Http\\Request), Object(Illuminate\\Session\\Store))
#18 D:\\praktikum_laravel\\laravelPraktikum\\vendor\\laravel\\framework\\src\\Illuminate\\Session\\Middleware\\StartSession.php(63): Illuminate\\Session\\Middleware\\StartSession->handleStatefulRequest(Object(Illuminate\\Http\\Request), Object(Illuminate\\Session\\Store), Object(Closure))
#19 D:\\praktikum_laravel\\laravelPraktikum\\vendor\\laravel\\framework\\src\\Illuminate\\Pipeline\\Pipeline.php(208): Illuminate\\Session\\Middleware\\StartSession->handle(Object(Illuminate\\Http\\Request), Object(Closure))
#20 D:\\praktikum_laravel\\laravelPraktikum\\vendor\\laravel\\framework\\src\\Illuminate\\Cookie\\Middleware\\AddQueuedCookiesToResponse.php(36): Illuminate\\Pipeline\\Pipeline->{closure:{closure:Illuminate\\Pipeline\\Pipeline::carry():183}:184}(Object(Illuminate\\Http\\Request))
#21 D:\\praktikum_laravel\\laravelPraktikum\\vendor\\laravel\\framework\\src\\Illuminate\\Pipeline\\Pipeline.php(208): Illuminate\\Cookie\\Middleware\\AddQueuedCookiesToResponse->handle(Object(Illuminate\\Http\\Request), Object(Closure))
#22 D:\\praktikum_laravel\\laravelPraktikum\\vendor\\laravel\\framework\\src\\Illuminate\\Cookie\\Middleware\\EncryptCookies.php(74): Illuminate\\Pipeline\\Pipeline->{closure:{closure:Illuminate\\Pipeline\\Pipeline::carry():183}:184}(Object(Illuminate\\Http\\Request))
#23 D:\\praktikum_laravel\\laravelPraktikum\\vendor\\laravel\\framework\\src\\Illuminate\\Pipeline\\Pipeline.php(208): Illuminate\\Cookie\\Middleware\\EncryptCookies->handle(Object(Illuminate\\Http\\Request), Object(Closure))
#24 D:\\praktikum_laravel\\laravelPraktikum\\vendor\\laravel\\framework\\src\\Illuminate\\Pipeline\\Pipeline.php(126): Illuminate\\Pipeline\\Pipeline->{closure:{closure:Illuminate\\Pipeline\\Pipeline::carry():183}:184}(Object(Illuminate\\Http\\Request))
#25 D:\\praktikum_laravel\\laravelPraktikum\\vendor\\laravel\\framework\\src\\Illuminate\\Routing\\Router.php(807): Illuminate\\Pipeline\\Pipeline->then(Object(Closure))
#26 D:\\praktikum_laravel\\laravelPraktikum\\vendor\\laravel\\framework\\src\\Illuminate\\Routing\\Router.php(786): Illuminate\\Routing\\Router->runRouteWithinStack(Object(Illuminate\\Routing\\Route), Object(Illuminate\\Http\\Request))
#27 D:\\praktikum_laravel\\laravelPraktikum\\vendor\\laravel\\framework\\src\\Illuminate\\Routing\\Router.php(750): Illuminate\\Routing\\Router->runRoute(Object(Illuminate\\Http\\Request), Object(Illuminate\\Routing\\Route))
#28 D:\\praktikum_laravel\\laravelPraktikum\\vendor\\laravel\\framework\\src\\Illuminate\\Routing\\Router.php(739): Illuminate\\Routing\\Router->dispatchToRoute(Object(Illuminate\\Http\\Request))
#29 D:\\praktikum_laravel\\laravelPraktikum\\vendor\\laravel\\framework\\src\\Illuminate\\Foundation\\Http\\Kernel.php(200): Illuminate\\Routing\\Router->dispatch(Object(Illuminate\\Http\\Request))
#30 D:\\praktikum_laravel\\laravelPraktikum\\vendor\\laravel\\framework\\src\\Illuminate\\Pipeline\\Pipeline.php(169): Illuminate\\Foundation\\Http\\Kernel->{closure:Illuminate\\Foundation\\Http\\Kernel::dispatchToRouter():197}(Object(Illuminate\\Http\\Request))
#31 D:\\praktikum_laravel\\laravelPraktikum\\vendor\\laravel\\framework\\src\\Illuminate\\Foundation\\Http\\Middleware\\TransformsRequest.php(21): Illuminate\\Pipeline\\Pipeline->{closure:Illuminate\\Pipeline\\Pipeline::prepareDestination():167}(Object(Illuminate\\Http\\Request))
#32 D:\\praktikum_laravel\\laravelPraktikum\\vendor\\laravel\\framework\\src\\Illuminate\\Foundation\\Http\\Middleware\\ConvertEmptyStringsToNull.php(31): Illuminate\\Foundation\\Http\\Middleware\\TransformsRequest->handle(Object(Illuminate\\Http\\Request), Object(Closure))
#33 D:\\praktikum_laravel\\laravelPraktikum\\vendor\\laravel\\framework\\src\\Illuminate\\Pipeline\\Pipeline.php(208): Illuminate\\Foundation\\Http\\Middleware\\ConvertEmptyStringsToNull->handle(Object(Illuminate\\Http\\Request), Object(Closure))
#34 D:\\praktikum_laravel\\laravelPraktikum\\vendor\\laravel\\framework\\src\\Illuminate\\Foundation\\Http\\Middleware\\TransformsRequest.php(21): Illuminate\\Pipeline\\Pipeline->{closure:{closure:Illuminate\\Pipeline\\Pipeline::carry():183}:184}(Object(Illuminate\\Http\\Request))
#35 D:\\praktikum_laravel\\laravelPraktikum\\vendor\\laravel\\framework\\src\\Illuminate\\Foundation\\Http\\Middleware\\TrimStrings.php(51): Illuminate\\Foundation\\Http\\Middleware\\TransformsRequest->handle(Object(Illuminate\\Http\\Request), Object(Closure))
#36 D:\\praktikum_laravel\\laravelPraktikum\\vendor\\laravel\\framework\\src\\Illuminate\\Pipeline\\Pipeline.php(208): Illuminate\\Foundation\\Http\\Middleware\\TrimStrings->handle(Object(Illuminate\\Http\\Request), Object(Closure))
#37 D:\\praktikum_laravel\\laravelPraktikum\\vendor\\laravel\\framework\\src\\Illuminate\\Http\\Middleware\\ValidatePostSize.php(27): Illuminate\\Pipeline\\Pipeline->{closure:{closure:Illuminate\\Pipeline\\Pipeline::carry():183}:184}(Object(Illuminate\\Http\\Request))
#38 D:\\praktikum_laravel\\laravelPraktikum\\vendor\\laravel\\framework\\src\\Illuminate\\Pipeline\\Pipeline.php(208): Illuminate\\Http\\Middleware\\ValidatePostSize->handle(Object(Illuminate\\Http\\Request), Object(Closure))
#39 D:\\praktikum_laravel\\laravelPraktikum\\vendor\\laravel\\framework\\src\\Illuminate\\Foundation\\Http\\Middleware\\PreventRequestsDuringMaintenance.php(109): Illuminate\\Pipeline\\Pipeline->{closure:{closure:Illuminate\\Pipeline\\Pipeline::carry():183}:184}(Object(Illuminate\\Http\\Request))
#40 D:\\praktikum_laravel\\laravelPraktikum\\vendor\\laravel\\framework\\src\\Illuminate\\Pipeline\\Pipeline.php(208): Illuminate\\Foundation\\Http\\Middleware\\PreventRequestsDuringMaintenance->handle(Object(Illuminate\\Http\\Request), Object(Closure))
#41 D:\\praktikum_laravel\\laravelPraktikum\\vendor\\laravel\\framework\\src\\Illuminate\\Http\\Middleware\\HandleCors.php(48): Illuminate\\Pipeline\\Pipeline->{closure:{closure:Illuminate\\Pipeline\\Pipeline::carry():183}:184}(Object(Illuminate\\Http\\Request))
#42 D:\\praktikum_laravel\\laravelPraktikum\\vendor\\laravel\\framework\\src\\Illuminate\\Pipeline\\Pipeline.php(208): Illuminate\\Http\\Middleware\\HandleCors->handle(Object(Illuminate\\Http\\Request), Object(Closure))
#43 D:\\praktikum_laravel\\laravelPraktikum\\vendor\\laravel\\framework\\src\\Illuminate\\Http\\Middleware\\TrustProxies.php(58): Illuminate\\Pipeline\\Pipeline->{closure:{closure:Illuminate\\Pipeline\\Pipeline::carry():183}:184}(Object(Illuminate\\Http\\Request))
#44 D:\\praktikum_laravel\\laravelPraktikum\\vendor\\laravel\\framework\\src\\Illuminate\\Pipeline\\Pipeline.php(208): Illuminate\\Http\\Middleware\\TrustProxies->handle(Object(Illuminate\\Http\\Request), Object(Closure))
#45 D:\\praktikum_laravel\\laravelPraktikum\\vendor\\laravel\\framework\\src\\Illuminate\\Foundation\\Http\\Middleware\\InvokeDeferredCallbacks.php(22): Illuminate\\Pipeline\\Pipeline->{closure:{closure:Illuminate\\Pipeline\\Pipeline::carry():183}:184}(Object(Illuminate\\Http\\Request))
#46 D:\\praktikum_laravel\\laravelPraktikum\\vendor\\laravel\\framework\\src\\Illuminate\\Pipeline\\Pipeline.php(208): Illuminate\\Foundation\\Http\\Middleware\\InvokeDeferredCallbacks->handle(Object(Illuminate\\Http\\Request), Object(Closure))
#47 D:\\praktikum_laravel\\laravelPraktikum\\vendor\\laravel\\framework\\src\\Illuminate\\Http\\Middleware\\ValidatePathEncoding.php(26): Illuminate\\Pipeline\\Pipeline->{closure:{closure:Illuminate\\Pipeline\\Pipeline::carry():183}:184}(Object(Illuminate\\Http\\Request))
#48 D:\\praktikum_laravel\\laravelPraktikum\\vendor\\laravel\\framework\\src\\Illuminate\\Pipeline\\Pipeline.php(208): Illuminate\\Http\\Middleware\\ValidatePathEncoding->handle(Object(Illuminate\\Http\\Request), Object(Closure))
#49 D:\\praktikum_laravel\\laravelPraktikum\\vendor\\laravel\\framework\\src\\Illuminate\\Pipeline\\Pipeline.php(126): Illuminate\\Pipeline\\Pipeline->{closure:{closure:Illuminate\\Pipeline\\Pipeline::carry():183}:184}(Object(Illuminate\\Http\\Request))
#50 D:\\praktikum_laravel\\laravelPraktikum\\vendor\\laravel\\framework\\src\\Illuminate\\Foundation\\Http\\Kernel.php(175): Illuminate\\Pipeline\\Pipeline->then(Object(Closure))
#51 D:\\praktikum_laravel\\laravelPraktikum\\vendor\\laravel\\framework\\src\\Illuminate\\Foundation\\Http\\Kernel.php(144): Illuminate\\Foundation\\Http\\Kernel->sendRequestThroughRouter(Object(Illuminate\\Http\\Request))
#52 D:\\praktikum_laravel\\laravelPraktikum\\vendor\\laravel\\framework\\src\\Illuminate\\Foundation\\Application.php(1219): Illuminate\\Foundation\\Http\\Kernel->handle(Object(Illuminate\\Http\\Request))
#53 D:\\praktikum_laravel\\laravelPraktikum\\public\\index.php(20): Illuminate\\Foundation\\Application->handleRequest(Object(Illuminate\\Http\\Request))
#54 D:\\praktikum_laravel\\laravelPraktikum\\vendor\\laravel\\framework\\src\\Illuminate\\Foundation\\resources\\server.php(23): require_once('D:\\\\praktikum_la...')
#55 {main}

[previous exception] [object] (PDOException(code: 2002): SQLSTATE[HY000] [2002] No connection could be made because the target machine actively refused it at D:\\praktikum_laravel\\laravelPraktikum\\vendor\\laravel\\framework\\src\\Illuminate\\Database\\Connectors\\Connector.php:67)
[stacktrace]
#0 D:\\praktikum_laravel\\laravelPraktikum\\vendor\\laravel\\framework\\src\\Illuminate\\Database\\Connectors\\Connector.php(67): PDO::connect('mysql:host=127....', 'root', Object(SensitiveParameterValue), Array)
#1 D:\\praktikum_laravel\\laravelPraktikum\\vendor\\laravel\\framework\\src\\Illuminate\\Database\\Connectors\\Connector.php(85): Illuminate\\Database\\Connectors\\Connector->createPdoConnection('mysql:host=127....', 'root', Object(SensitiveParameterValue), Array)
#2 D:\\praktikum_laravel\\laravelPraktikum\\vendor\\laravel\\framework\\src\\Illuminate\\Database\\Connectors\\Connector.php(48): Illuminate\\Database\\Connectors\\Connector->tryAgainIfCausedByLostConnection(Object(PDOException), 'mysql:host=127....', 'root', Object(SensitiveParameterValue), Array)
#3 D:\\praktikum_laravel\\laravelPraktikum\\vendor\\laravel\\framework\\src\\Illuminate\\Database\\Connectors\\MySqlConnector.php(24): Illuminate\\Database\\Connectors\\Connector->createConnection('mysql:host=127....', Array, Array)
#4 D:\\praktikum_laravel\\laravelPraktikum\\vendor\\laravel\\framework\\src\\Illuminate\\Database\\Connectors\\ConnectionFactory.php(184): Illuminate\\Database\\Connectors\\MySqlConnector->connect(Array)
#5 [internal function]: Illuminate\\Database\\Connectors\\ConnectionFactory->{closure:Illuminate\\Database\\Connectors\\ConnectionFactory::createPdoResolverWithHosts():179}()
#6 D:\\praktikum_laravel\\laravelPraktikum\\vendor\\laravel\\framework\\src\\Illuminate\\Database\\Connection.php(1228): call_user_func(Object(Closure))
#7 D:\\praktikum_laravel\\laravelPraktikum\\vendor\\laravel\\framework\\src\\Illuminate\\Database\\Connection.php(509): Illuminate\\Database\\Connection->getPdo()
#8 D:\\praktikum_laravel\\laravelPraktikum\\vendor\\laravel\\framework\\src\\Illuminate\\Database\\Connection.php(404): Illuminate\\Database\\Connection->getPdoForSelect(false)
#9 D:\\praktikum_laravel\\laravelPraktikum\\vendor\\laravel\\framework\\src\\Illuminate\\Database\\Connection.php(809): Illuminate\\Database\\Connection->{closure:Illuminate\\Database\\Connection::select():395}('select * from `...', Array)
#10 D:\\praktikum_laravel\\laravelPraktikum\\vendor\\laravel\\framework\\src\\Illuminate\\Database\\Connection.php(976): Illuminate\\Database\\Connection->runQueryCallback('select * from `...', Array, Object(Closure))
#11 D:\\praktikum_laravel\\laravelPraktikum\\vendor\\laravel\\framework\\src\\Illuminate\\Database\\Connection.php(955): Illuminate\\Database\\Connection->tryAgainIfCausedByLostConnection(Object(Illuminate\\Database\\QueryException), 'select * from `...', Array, Object(Closure))
#12 D:\\praktikum_laravel\\laravelPraktikum\\vendor\\laravel\\framework\\src\\Illuminate\\Database\\Connection.php(778): Illuminate\\Database\\Connection->handleQueryException(Object(Illuminate\\Database\\QueryException), 'select * from `...', Array, Object(Closure))
#13 D:\\praktikum_laravel\\laravelPraktikum\\vendor\\laravel\\framework\\src\\Illuminate\\Database\\Connection.php(395): Illuminate\\Database\\Connection->run('select * from `...', Array, Object(Closure))
#14 D:\\praktikum_laravel\\laravelPraktikum\\vendor\\laravel\\framework\\src\\Illuminate\\Database\\Query\\Builder.php(3120): Illuminate\\Database\\Connection->select('select * from `...', Array, false)
#15 D:\\praktikum_laravel\\laravelPraktikum\\vendor\\laravel\\framework\\src\\Illuminate\\Database\\Query\\Builder.php(3105): Illuminate\\Database\\Query\\Builder->runSelect()
#16 D:\\praktikum_laravel\\laravelPraktikum\\vendor\\laravel\\framework\\src\\Illuminate\\Database\\Query\\Builder.php(3695): Illuminate\\Database\\Query\\Builder->{closure:Illuminate\\Database\\Query\\Builder::get():3104}()
#17 D:\\praktikum_laravel\\laravelPraktikum\\vendor\\laravel\\framework\\src\\Illuminate\\Database\\Query\\Builder.php(3104): Illuminate\\Database\\Query\\Builder->onceWithColumns(Array, Object(Closure))
#18 D:\\praktikum_laravel\\laravelPraktikum\\vendor\\laravel\\framework\\src\\Illuminate\\Database\\Concerns\\BuildsQueries.php(366): Illuminate\\Database\\Query\\Builder->get(Array)
#19 D:\\praktikum_laravel\\laravelPraktikum\\vendor\\laravel\\framework\\src\\Illuminate\\Database\\Query\\Builder.php(3027): Illuminate\\Database\\Query\\Builder->first(Array)
#20 D:\\praktikum_laravel\\laravelPraktikum\\vendor\\laravel\\framework\\src\\Illuminate\\Session\\DatabaseSessionHandler.php(96): Illuminate\\Database\\Query\\Builder->find('4URuc9xga4SYNbV...')
#21 D:\\praktikum_laravel\\laravelPraktikum\\vendor\\laravel\\framework\\src\\Illuminate\\Session\\Store.php(116): Illuminate\\Session\\DatabaseSessionHandler->read('4URuc9xga4SYNbV...')
#22 D:\\praktikum_laravel\\laravelPraktikum\\vendor\\laravel\\framework\\src\\Illuminate\\Session\\Store.php(104): Illuminate\\Session\\Store->readFromHandler()
#23 D:\\praktikum_laravel\\laravelPraktikum\\vendor\\laravel\\framework\\src\\Illuminate\\Session\\Store.php(88): Illuminate\\Session\\Store->loadSession()
#24 D:\\praktikum_laravel\\laravelPraktikum\\vendor\\laravel\\framework\\src\\Illuminate\\Session\\Middleware\\StartSession.php(146): Illuminate\\Session\\Store->start()
#25 D:\\praktikum_laravel\\laravelPraktikum\\vendor\\laravel\\framework\\src\\Illuminate\\Support\\helpers.php(399): Illuminate\\Session\\Middleware\\StartSession->{closure:Illuminate\\Session\\Middleware\\StartSession::startSession():143}(Object(Illuminate\\Session\\Store))
#26 D:\\praktikum_laravel\\laravelPraktikum\\vendor\\laravel\\framework\\src\\Illuminate\\Session\\Middleware\\StartSession.php(143): tap(Object(Illuminate\\Session\\Store), Object(Closure))
#27 D:\\praktikum_laravel\\laravelPraktikum\\vendor\\laravel\\framework\\src\\Illuminate\\Session\\Middleware\\StartSession.php(115): Illuminate\\Session\\Middleware\\StartSession->startSession(Object(Illuminate\\Http\\Request), Object(Illuminate\\Session\\Store))
#28 D:\\praktikum_laravel\\laravelPraktikum\\vendor\\laravel\\framework\\src\\Illuminate\\Session\\Middleware\\StartSession.php(63): Illuminate\\Session\\Middleware\\StartSession->handleStatefulRequest(Object(Illuminate\\Http\\Request), Object(Illuminate\\Session\\Store), Object(Closure))
#29 D:\\praktikum_laravel\\laravelPraktikum\\vendor\\laravel\\framework\\src\\Illuminate\\Pipeline\\Pipeline.php(208): Illuminate\\Session\\Middleware\\StartSession->handle(Object(Illuminate\\Http\\Request), Object(Closure))
#30 D:\\praktikum_laravel\\laravelPraktikum\\vendor\\laravel\\framework\\src\\Illuminate\\Cookie\\Middleware\\AddQueuedCookiesToResponse.php(36): Illuminate\\Pipeline\\Pipeline->{closure:{closure:Illuminate\\Pipeline\\Pipeline::carry():183}:184}(Object(Illuminate\\Http\\Request))
#31 D:\\praktikum_laravel\\laravelPraktikum\\vendor\\laravel\\framework\\src\\Illuminate\\Pipeline\\Pipeline.php(208): Illuminate\\Cookie\\Middleware\\AddQueuedCookiesToResponse->handle(Object(Illuminate\\Http\\Request), Object(Closure))
#32 D:\\praktikum_laravel\\laravelPraktikum\\vendor\\laravel\\framework\\src\\Illuminate\\Cookie\\Middleware\\EncryptCookies.php(74): Illuminate\\Pipeline\\Pipeline->{closure:{closure:Illuminate\\Pipeline\\Pipeline::carry():183}:184}(Object(Illuminate\\Http\\Request))
#33 D:\\praktikum_laravel\\laravelPraktikum\\vendor\\laravel\\framework\\src\\Illuminate\\Pipeline\\Pipeline.php(208): Illuminate\\Cookie\\Middleware\\EncryptCookies->handle(Object(Illuminate\\Http\\Request), Object(Closure))
#34 D:\\praktikum_laravel\\laravelPraktikum\\vendor\\laravel\\framework\\src\\Illuminate\\Pipeline\\Pipeline.php(126): Illuminate\\Pipeline\\Pipeline->{closure:{closure:Illuminate\\Pipeline\\Pipeline::carry():183}:184}(Object(Illuminate\\Http\\Request))
#35 D:\\praktikum_laravel\\laravelPraktikum\\vendor\\laravel\\framework\\src\\Illuminate\\Routing\\Router.php(807): Illuminate\\Pipeline\\Pipeline->then(Object(Closure))
#36 D:\\praktikum_laravel\\laravelPraktikum\\vendor\\laravel\\framework\\src\\Illuminate\\Routing\\Router.php(786): Illuminate\\Routing\\Router->runRouteWithinStack(Object(Illuminate\\Routing\\Route), Object(Illuminate\\Http\\Request))
#37 D:\\praktikum_laravel\\laravelPraktikum\\vendor\\laravel\\framework\\src\\Illuminate\\Routing\\Router.php(750): Illuminate\\Routing\\Router->runRoute(Object(Illuminate\\Http\\Request), Object(Illuminate\\Routing\\Route))
#38 D:\\praktikum_laravel\\laravelPraktikum\\vendor\\laravel\\framework\\src\\Illuminate\\Routing\\Router.php(739): Illuminate\\Routing\\Router->dispatchToRoute(Object(Illuminate\\Http\\Request))
#39 D:\\praktikum_laravel\\laravelPraktikum\\vendor\\laravel\\framework\\src\\Illuminate\\Foundation\\Http\\Kernel.php(200): Illuminate\\Routing\\Router->dispatch(Object(Illuminate\\Http\\Request))
#40 D:\\praktikum_laravel\\laravelPraktikum\\vendor\\laravel\\framework\\src\\Illuminate\\Pipeline\\Pipeline.php(169): Illuminate\\Foundation\\Http\\Kernel->{closure:Illuminate\\Foundation\\Http\\Kernel::dispatchToRouter():197}(Object(Illuminate\\Http\\Request))
#41 D:\\praktikum_laravel\\laravelPraktikum\\vendor\\laravel\\framework\\src\\Illuminate\\Foundation\\Http\\Middleware\\TransformsRequest.php(21): Illuminate\\Pipeline\\Pipeline->{closure:Illuminate\\Pipeline\\Pipeline::prepareDestination():167}(Object(Illuminate\\Http\\Request))
#42 D:\\praktikum_laravel\\laravelPraktikum\\vendor\\laravel\\framework\\src\\Illuminate\\Foundation\\Http\\Middleware\\ConvertEmptyStringsToNull.php(31): Illuminate\\Foundation\\Http\\Middleware\\TransformsRequest->handle(Object(Illuminate\\Http\\Request), Object(Closure))
#43 D:\\praktikum_laravel\\laravelPraktikum\\vendor\\laravel\\framework\\src\\Illuminate\\Pipeline\\Pipeline.php(208): Illuminate\\Foundation\\Http\\Middleware\\ConvertEmptyStringsToNull->handle(Object(Illuminate\\Http\\Request), Object(Closure))
#44 D:\\praktikum_laravel\\laravelPraktikum\\vendor\\laravel\\framework\\src\\Illuminate\\Foundation\\Http\\Middleware\\TransformsRequest.php(21): Illuminate\\Pipeline\\Pipeline->{closure:{closure:Illuminate\\Pipeline\\Pipeline::carry():183}:184}(Object(Illuminate\\Http\\Request))
#45 D:\\praktikum_laravel\\laravelPraktikum\\vendor\\laravel\\framework\\src\\Illuminate\\Foundation\\Http\\Middleware\\TrimStrings.php(51): Illuminate\\Foundation\\Http\\Middleware\\TransformsRequest->handle(Object(Illuminate\\Http\\Request), Object(Closure))
#46 D:\\praktikum_laravel\\laravelPraktikum\\vendor\\laravel\\framework\\src\\Illuminate\\Pipeline\\Pipeline.php(208): Illuminate\\Foundation\\Http\\Middleware\\TrimStrings->handle(Object(Illuminate\\Http\\Request), Object(Closure))
#47 D:\\praktikum_laravel\\laravelPraktikum\\vendor\\laravel\\framework\\src\\Illuminate\\Http\\Middleware\\ValidatePostSize.php(27): Illuminate\\Pipeline\\Pipeline->{closure:{closure:Illuminate\\Pipeline\\Pipeline::carry():183}:184}(Object(Illuminate\\Http\\Request))
#48 D:\\praktikum_laravel\\laravelPraktikum\\vendor\\laravel\\framework\\src\\Illuminate\\Pipeline\\Pipeline.php(208): Illuminate\\Http\\Middleware\\ValidatePostSize->handle(Object(Illuminate\\Http\\Request), Object(Closure))
#49 D:\\praktikum_laravel\\laravelPraktikum\\vendor\\laravel\\framework\\src\\Illuminate\\Foundation\\Http\\Middleware\\PreventRequestsDuringMaintenance.php(109): Illuminate\\Pipeline\\Pipeline->{closure:{closure:Illuminate\\Pipeline\\Pipeline::carry():183}:184}(Object(Illuminate\\Http\\Request))
#50 D:\\praktikum_laravel\\laravelPraktikum\\vendor\\laravel\\framework\\src\\Illuminate\\Pipeline\\Pipeline.php(208): Illuminate\\Foundation\\Http\\Middleware\\PreventRequestsDuringMaintenance->handle(Object(Illuminate\\Http\\Request), Object(Closure))
#51 D:\\praktikum_laravel\\laravelPraktikum\\vendor\\laravel\\framework\\src\\Illuminate\\Http\\Middleware\\HandleCors.php(48): Illuminate\\Pipeline\\Pipeline->{closure:{closure:Illuminate\\Pipeline\\Pipeline::carry():183}:184}(Object(Illuminate\\Http\\Request))
#52 D:\\praktikum_laravel\\laravelPraktikum\\vendor\\laravel\\framework\\src\\Illuminate\\Pipeline\\Pipeline.php(208): Illuminate\\Http\\Middleware\\HandleCors->handle(Object(Illuminate\\Http\\Request), Object(Closure))
#53 D:\\praktikum_laravel\\laravelPraktikum\\vendor\\laravel\\framework\\src\\Illuminate\\Http\\Middleware\\TrustProxies.php(58): Illuminate\\Pipeline\\Pipeline->{closure:{closure:Illuminate\\Pipeline\\Pipeline::carry():183}:184}(Object(Illuminate\\Http\\Request))
#54 D:\\praktikum_laravel\\laravelPraktikum\\vendor\\laravel\\framework\\src\\Illuminate\\Pipeline\\Pipeline.php(208): Illuminate\\Http\\Middleware\\TrustProxies->handle(Object(Illuminate\\Http\\Request), Object(Closure))
#55 D:\\praktikum_laravel\\laravelPraktikum\\vendor\\laravel\\framework\\src\\Illuminate\\Foundation\\Http\\Middleware\\InvokeDeferredCallbacks.php(22): Illuminate\\Pipeline\\Pipeline->{closure:{closure:Illuminate\\Pipeline\\Pipeline::carry():183}:184}(Object(Illuminate\\Http\\Request))
#56 D:\\praktikum_laravel\\laravelPraktikum\\vendor\\laravel\\framework\\src\\Illuminate\\Pipeline\\Pipeline.php(208): Illuminate\\Foundation\\Http\\Middleware\\InvokeDeferredCallbacks->handle(Object(Illuminate\\Http\\Request), Object(Closure))
#57 D:\\praktikum_laravel\\laravelPraktikum\\vendor\\laravel\\framework\\src\\Illuminate\\Http\\Middleware\\ValidatePathEncoding.php(26): Illuminate\\Pipeline\\Pipeline->{closure:{closure:Illuminate\\Pipeline\\Pipeline::carry():183}:184}(Object(Illuminate\\Http\\Request))
#58 D:\\praktikum_laravel\\laravelPraktikum\\vendor\\laravel\\framework\\src\\Illuminate\\Pipeline\\Pipeline.php(208): Illuminate\\Http\\Middleware\\ValidatePathEncoding->handle(Object(Illuminate\\Http\\Request), Object(Closure))
#59 D:\\praktikum_laravel\\laravelPraktikum\\vendor\\laravel\\framework\\src\\Illuminate\\Pipeline\\Pipeline.php(126): Illuminate\\Pipeline\\Pipeline->{closure:{closure:Illuminate\\Pipeline\\Pipeline::carry():183}:184}(Object(Illuminate\\Http\\Request))
#60 D:\\praktikum_laravel\\laravelPraktikum\\vendor\\laravel\\framework\\src\\Illuminate\\Foundation\\Http\\Kernel.php(175): Illuminate\\Pipeline\\Pipeline->then(Object(Closure))
#61 D:\\praktikum_laravel\\laravelPraktikum\\vendor\\laravel\\framework\\src\\Illuminate\\Foundation\\Http\\Kernel.php(144): Illuminate\\Foundation\\Http\\Kernel->sendRequestThroughRouter(Object(Illuminate\\Http\\Request))
#62 D:\\praktikum_laravel\\laravelPraktikum\\vendor\\laravel\\framework\\src\\Illuminate\\Foundation\\Application.php(1219): Illuminate\\Foundation\\Http\\Kernel->handle(Object(Illuminate\\Http\\Request))
#63 D:\\praktikum_laravel\\laravelPraktikum\\public\\index.php(20): Illuminate\\Foundation\\Application->handleRequest(Object(Illuminate\\Http\\Request))
#64 D:\\praktikum_laravel\\laravelPraktikum\\vendor\\laravel\\framework\\src\\Illuminate\\Foundation\\resources\\server.php(23): require_once('D:\\\\praktikum_la...')
#65 {main}
"} 
[2025-05-21 04:01:20] local.ERROR: SQLSTATE[HY000] [2002] No connection could be made because the target machine actively refused it (Connection: mysql, SQL: select * from `sessions` where `id` = kk0kDKUOjLiNtIKfduYsWa6EG9gDb961mQhS7syf limit 1) {"exception":"[object] (Illuminate\\Database\\QueryException(code: 2002): SQLSTATE[HY000] [2002] No connection could be made because the target machine actively refused it (Connection: mysql, SQL: select * from `sessions` where `id` = kk0kDKUOjLiNtIKfduYsWa6EG9gDb961mQhS7syf limit 1) at D:\\praktikum_laravel\\laravelPraktikum\\vendor\\laravel\\framework\\src\\Illuminate\\Database\\Connection.php:822)
[stacktrace]
#0 D:\\praktikum_laravel\\laravelPraktikum\\vendor\\laravel\\framework\\src\\Illuminate\\Database\\Connection.php(976): Illuminate\\Database\\Connection->runQueryCallback('select * from `...', Array, Object(Closure))
#1 D:\\praktikum_laravel\\laravelPraktikum\\vendor\\laravel\\framework\\src\\Illuminate\\Database\\Connection.php(955): Illuminate\\Database\\Connection->tryAgainIfCausedByLostConnection(Object(Illuminate\\Database\\QueryException), 'select * from `...', Array, Object(Closure))
#2 D:\\praktikum_laravel\\laravelPraktikum\\vendor\\laravel\\framework\\src\\Illuminate\\Database\\Connection.php(778): Illuminate\\Database\\Connection->handleQueryException(Object(Illuminate\\Database\\QueryException), 'select * from `...', Array, Object(Closure))
#3 D:\\praktikum_laravel\\laravelPraktikum\\vendor\\laravel\\framework\\src\\Illuminate\\Database\\Connection.php(395): Illuminate\\Database\\Connection->run('select * from `...', Array, Object(Closure))
#4 D:\\praktikum_laravel\\laravelPraktikum\\vendor\\laravel\\framework\\src\\Illuminate\\Database\\Query\\Builder.php(3120): Illuminate\\Database\\Connection->select('select * from `...', Array, false)
#5 D:\\praktikum_laravel\\laravelPraktikum\\vendor\\laravel\\framework\\src\\Illuminate\\Database\\Query\\Builder.php(3105): Illuminate\\Database\\Query\\Builder->runSelect()
#6 D:\\praktikum_laravel\\laravelPraktikum\\vendor\\laravel\\framework\\src\\Illuminate\\Database\\Query\\Builder.php(3695): Illuminate\\Database\\Query\\Builder->{closure:Illuminate\\Database\\Query\\Builder::get():3104}()
#7 D:\\praktikum_laravel\\laravelPraktikum\\vendor\\laravel\\framework\\src\\Illuminate\\Database\\Query\\Builder.php(3104): Illuminate\\Database\\Query\\Builder->onceWithColumns(Array, Object(Closure))
#8 D:\\praktikum_laravel\\laravelPraktikum\\vendor\\laravel\\framework\\src\\Illuminate\\Database\\Concerns\\BuildsQueries.php(366): Illuminate\\Database\\Query\\Builder->get(Array)
#9 D:\\praktikum_laravel\\laravelPraktikum\\vendor\\laravel\\framework\\src\\Illuminate\\Database\\Query\\Builder.php(3027): Illuminate\\Database\\Query\\Builder->first(Array)
#10 D:\\praktikum_laravel\\laravelPraktikum\\vendor\\laravel\\framework\\src\\Illuminate\\Session\\DatabaseSessionHandler.php(96): Illuminate\\Database\\Query\\Builder->find('kk0kDKUOjLiNtIK...')
#11 D:\\praktikum_laravel\\laravelPraktikum\\vendor\\laravel\\framework\\src\\Illuminate\\Session\\Store.php(116): Illuminate\\Session\\DatabaseSessionHandler->read('kk0kDKUOjLiNtIK...')
#12 D:\\praktikum_laravel\\laravelPraktikum\\vendor\\laravel\\framework\\src\\Illuminate\\Session\\Store.php(104): Illuminate\\Session\\Store->readFromHandler()
#13 D:\\praktikum_laravel\\laravelPraktikum\\vendor\\laravel\\framework\\src\\Illuminate\\Session\\Store.php(88): Illuminate\\Session\\Store->loadSession()
#14 D:\\praktikum_laravel\\laravelPraktikum\\vendor\\laravel\\framework\\src\\Illuminate\\Session\\Middleware\\StartSession.php(146): Illuminate\\Session\\Store->start()
#15 D:\\praktikum_laravel\\laravelPraktikum\\vendor\\laravel\\framework\\src\\Illuminate\\Support\\helpers.php(399): Illuminate\\Session\\Middleware\\StartSession->{closure:Illuminate\\Session\\Middleware\\StartSession::startSession():143}(Object(Illuminate\\Session\\Store))
#16 D:\\praktikum_laravel\\laravelPraktikum\\vendor\\laravel\\framework\\src\\Illuminate\\Session\\Middleware\\StartSession.php(143): tap(Object(Illuminate\\Session\\Store), Object(Closure))
#17 D:\\praktikum_laravel\\laravelPraktikum\\vendor\\laravel\\framework\\src\\Illuminate\\Session\\Middleware\\StartSession.php(115): Illuminate\\Session\\Middleware\\StartSession->startSession(Object(Illuminate\\Http\\Request), Object(Illuminate\\Session\\Store))
#18 D:\\praktikum_laravel\\laravelPraktikum\\vendor\\laravel\\framework\\src\\Illuminate\\Session\\Middleware\\StartSession.php(63): Illuminate\\Session\\Middleware\\StartSession->handleStatefulRequest(Object(Illuminate\\Http\\Request), Object(Illuminate\\Session\\Store), Object(Closure))
#19 D:\\praktikum_laravel\\laravelPraktikum\\vendor\\laravel\\framework\\src\\Illuminate\\Pipeline\\Pipeline.php(208): Illuminate\\Session\\Middleware\\StartSession->handle(Object(Illuminate\\Http\\Request), Object(Closure))
#20 D:\\praktikum_laravel\\laravelPraktikum\\vendor\\laravel\\framework\\src\\Illuminate\\Cookie\\Middleware\\AddQueuedCookiesToResponse.php(36): Illuminate\\Pipeline\\Pipeline->{closure:{closure:Illuminate\\Pipeline\\Pipeline::carry():183}:184}(Object(Illuminate\\Http\\Request))
#21 D:\\praktikum_laravel\\laravelPraktikum\\vendor\\laravel\\framework\\src\\Illuminate\\Pipeline\\Pipeline.php(208): Illuminate\\Cookie\\Middleware\\AddQueuedCookiesToResponse->handle(Object(Illuminate\\Http\\Request), Object(Closure))
#22 D:\\praktikum_laravel\\laravelPraktikum\\vendor\\laravel\\framework\\src\\Illuminate\\Cookie\\Middleware\\EncryptCookies.php(74): Illuminate\\Pipeline\\Pipeline->{closure:{closure:Illuminate\\Pipeline\\Pipeline::carry():183}:184}(Object(Illuminate\\Http\\Request))
#23 D:\\praktikum_laravel\\laravelPraktikum\\vendor\\laravel\\framework\\src\\Illuminate\\Pipeline\\Pipeline.php(208): Illuminate\\Cookie\\Middleware\\EncryptCookies->handle(Object(Illuminate\\Http\\Request), Object(Closure))
#24 D:\\praktikum_laravel\\laravelPraktikum\\vendor\\laravel\\framework\\src\\Illuminate\\Pipeline\\Pipeline.php(126): Illuminate\\Pipeline\\Pipeline->{closure:{closure:Illuminate\\Pipeline\\Pipeline::carry():183}:184}(Object(Illuminate\\Http\\Request))
#25 D:\\praktikum_laravel\\laravelPraktikum\\vendor\\laravel\\framework\\src\\Illuminate\\Routing\\Router.php(807): Illuminate\\Pipeline\\Pipeline->then(Object(Closure))
#26 D:\\praktikum_laravel\\laravelPraktikum\\vendor\\laravel\\framework\\src\\Illuminate\\Routing\\Router.php(786): Illuminate\\Routing\\Router->runRouteWithinStack(Object(Illuminate\\Routing\\Route), Object(Illuminate\\Http\\Request))
#27 D:\\praktikum_laravel\\laravelPraktikum\\vendor\\laravel\\framework\\src\\Illuminate\\Routing\\Router.php(750): Illuminate\\Routing\\Router->runRoute(Object(Illuminate\\Http\\Request), Object(Illuminate\\Routing\\Route))
#28 D:\\praktikum_laravel\\laravelPraktikum\\vendor\\laravel\\framework\\src\\Illuminate\\Routing\\Router.php(739): Illuminate\\Routing\\Router->dispatchToRoute(Object(Illuminate\\Http\\Request))
#29 D:\\praktikum_laravel\\laravelPraktikum\\vendor\\laravel\\framework\\src\\Illuminate\\Foundation\\Http\\Kernel.php(200): Illuminate\\Routing\\Router->dispatch(Object(Illuminate\\Http\\Request))
#30 D:\\praktikum_laravel\\laravelPraktikum\\vendor\\laravel\\framework\\src\\Illuminate\\Pipeline\\Pipeline.php(169): Illuminate\\Foundation\\Http\\Kernel->{closure:Illuminate\\Foundation\\Http\\Kernel::dispatchToRouter():197}(Object(Illuminate\\Http\\Request))
#31 D:\\praktikum_laravel\\laravelPraktikum\\vendor\\laravel\\framework\\src\\Illuminate\\Foundation\\Http\\Middleware\\TransformsRequest.php(21): Illuminate\\Pipeline\\Pipeline->{closure:Illuminate\\Pipeline\\Pipeline::prepareDestination():167}(Object(Illuminate\\Http\\Request))
#32 D:\\praktikum_laravel\\laravelPraktikum\\vendor\\laravel\\framework\\src\\Illuminate\\Foundation\\Http\\Middleware\\ConvertEmptyStringsToNull.php(31): Illuminate\\Foundation\\Http\\Middleware\\TransformsRequest->handle(Object(Illuminate\\Http\\Request), Object(Closure))
#33 D:\\praktikum_laravel\\laravelPraktikum\\vendor\\laravel\\framework\\src\\Illuminate\\Pipeline\\Pipeline.php(208): Illuminate\\Foundation\\Http\\Middleware\\ConvertEmptyStringsToNull->handle(Object(Illuminate\\Http\\Request), Object(Closure))
#34 D:\\praktikum_laravel\\laravelPraktikum\\vendor\\laravel\\framework\\src\\Illuminate\\Foundation\\Http\\Middleware\\TransformsRequest.php(21): Illuminate\\Pipeline\\Pipeline->{closure:{closure:Illuminate\\Pipeline\\Pipeline::carry():183}:184}(Object(Illuminate\\Http\\Request))
#35 D:\\praktikum_laravel\\laravelPraktikum\\vendor\\laravel\\framework\\src\\Illuminate\\Foundation\\Http\\Middleware\\TrimStrings.php(51): Illuminate\\Foundation\\Http\\Middleware\\TransformsRequest->handle(Object(Illuminate\\Http\\Request), Object(Closure))
#36 D:\\praktikum_laravel\\laravelPraktikum\\vendor\\laravel\\framework\\src\\Illuminate\\Pipeline\\Pipeline.php(208): Illuminate\\Foundation\\Http\\Middleware\\TrimStrings->handle(Object(Illuminate\\Http\\Request), Object(Closure))
#37 D:\\praktikum_laravel\\laravelPraktikum\\vendor\\laravel\\framework\\src\\Illuminate\\Http\\Middleware\\ValidatePostSize.php(27): Illuminate\\Pipeline\\Pipeline->{closure:{closure:Illuminate\\Pipeline\\Pipeline::carry():183}:184}(Object(Illuminate\\Http\\Request))
#38 D:\\praktikum_laravel\\laravelPraktikum\\vendor\\laravel\\framework\\src\\Illuminate\\Pipeline\\Pipeline.php(208): Illuminate\\Http\\Middleware\\ValidatePostSize->handle(Object(Illuminate\\Http\\Request), Object(Closure))
#39 D:\\praktikum_laravel\\laravelPraktikum\\vendor\\laravel\\framework\\src\\Illuminate\\Foundation\\Http\\Middleware\\PreventRequestsDuringMaintenance.php(109): Illuminate\\Pipeline\\Pipeline->{closure:{closure:Illuminate\\Pipeline\\Pipeline::carry():183}:184}(Object(Illuminate\\Http\\Request))
#40 D:\\praktikum_laravel\\laravelPraktikum\\vendor\\laravel\\framework\\src\\Illuminate\\Pipeline\\Pipeline.php(208): Illuminate\\Foundation\\Http\\Middleware\\PreventRequestsDuringMaintenance->handle(Object(Illuminate\\Http\\Request), Object(Closure))
#41 D:\\praktikum_laravel\\laravelPraktikum\\vendor\\laravel\\framework\\src\\Illuminate\\Http\\Middleware\\HandleCors.php(48): Illuminate\\Pipeline\\Pipeline->{closure:{closure:Illuminate\\Pipeline\\Pipeline::carry():183}:184}(Object(Illuminate\\Http\\Request))
#42 D:\\praktikum_laravel\\laravelPraktikum\\vendor\\laravel\\framework\\src\\Illuminate\\Pipeline\\Pipeline.php(208): Illuminate\\Http\\Middleware\\HandleCors->handle(Object(Illuminate\\Http\\Request), Object(Closure))
#43 D:\\praktikum_laravel\\laravelPraktikum\\vendor\\laravel\\framework\\src\\Illuminate\\Http\\Middleware\\TrustProxies.php(58): Illuminate\\Pipeline\\Pipeline->{closure:{closure:Illuminate\\Pipeline\\Pipeline::carry():183}:184}(Object(Illuminate\\Http\\Request))
#44 D:\\praktikum_laravel\\laravelPraktikum\\vendor\\laravel\\framework\\src\\Illuminate\\Pipeline\\Pipeline.php(208): Illuminate\\Http\\Middleware\\TrustProxies->handle(Object(Illuminate\\Http\\Request), Object(Closure))
#45 D:\\praktikum_laravel\\laravelPraktikum\\vendor\\laravel\\framework\\src\\Illuminate\\Foundation\\Http\\Middleware\\InvokeDeferredCallbacks.php(22): Illuminate\\Pipeline\\Pipeline->{closure:{closure:Illuminate\\Pipeline\\Pipeline::carry():183}:184}(Object(Illuminate\\Http\\Request))
#46 D:\\praktikum_laravel\\laravelPraktikum\\vendor\\laravel\\framework\\src\\Illuminate\\Pipeline\\Pipeline.php(208): Illuminate\\Foundation\\Http\\Middleware\\InvokeDeferredCallbacks->handle(Object(Illuminate\\Http\\Request), Object(Closure))
#47 D:\\praktikum_laravel\\laravelPraktikum\\vendor\\laravel\\framework\\src\\Illuminate\\Http\\Middleware\\ValidatePathEncoding.php(26): Illuminate\\Pipeline\\Pipeline->{closure:{closure:Illuminate\\Pipeline\\Pipeline::carry():183}:184}(Object(Illuminate\\Http\\Request))
#48 D:\\praktikum_laravel\\laravelPraktikum\\vendor\\laravel\\framework\\src\\Illuminate\\Pipeline\\Pipeline.php(208): Illuminate\\Http\\Middleware\\ValidatePathEncoding->handle(Object(Illuminate\\Http\\Request), Object(Closure))
#49 D:\\praktikum_laravel\\laravelPraktikum\\vendor\\laravel\\framework\\src\\Illuminate\\Pipeline\\Pipeline.php(126): Illuminate\\Pipeline\\Pipeline->{closure:{closure:Illuminate\\Pipeline\\Pipeline::carry():183}:184}(Object(Illuminate\\Http\\Request))
#50 D:\\praktikum_laravel\\laravelPraktikum\\vendor\\laravel\\framework\\src\\Illuminate\\Foundation\\Http\\Kernel.php(175): Illuminate\\Pipeline\\Pipeline->then(Object(Closure))
#51 D:\\praktikum_laravel\\laravelPraktikum\\vendor\\laravel\\framework\\src\\Illuminate\\Foundation\\Http\\Kernel.php(144): Illuminate\\Foundation\\Http\\Kernel->sendRequestThroughRouter(Object(Illuminate\\Http\\Request))
#52 D:\\praktikum_laravel\\laravelPraktikum\\vendor\\laravel\\framework\\src\\Illuminate\\Foundation\\Application.php(1219): Illuminate\\Foundation\\Http\\Kernel->handle(Object(Illuminate\\Http\\Request))
#53 D:\\praktikum_laravel\\laravelPraktikum\\public\\index.php(20): Illuminate\\Foundation\\Application->handleRequest(Object(Illuminate\\Http\\Request))
#54 D:\\praktikum_laravel\\laravelPraktikum\\vendor\\laravel\\framework\\src\\Illuminate\\Foundation\\resources\\server.php(23): require_once('D:\\\\praktikum_la...')
#55 {main}

[previous exception] [object] (PDOException(code: 2002): SQLSTATE[HY000] [2002] No connection could be made because the target machine actively refused it at D:\\praktikum_laravel\\laravelPraktikum\\vendor\\laravel\\framework\\src\\Illuminate\\Database\\Connectors\\Connector.php:67)
[stacktrace]
#0 D:\\praktikum_laravel\\laravelPraktikum\\vendor\\laravel\\framework\\src\\Illuminate\\Database\\Connectors\\Connector.php(67): PDO::connect('mysql:host=127....', 'root', Object(SensitiveParameterValue), Array)
#1 D:\\praktikum_laravel\\laravelPraktikum\\vendor\\laravel\\framework\\src\\Illuminate\\Database\\Connectors\\Connector.php(85): Illuminate\\Database\\Connectors\\Connector->createPdoConnection('mysql:host=127....', 'root', Object(SensitiveParameterValue), Array)
#2 D:\\praktikum_laravel\\laravelPraktikum\\vendor\\laravel\\framework\\src\\Illuminate\\Database\\Connectors\\Connector.php(48): Illuminate\\Database\\Connectors\\Connector->tryAgainIfCausedByLostConnection(Object(PDOException), 'mysql:host=127....', 'root', Object(SensitiveParameterValue), Array)
#3 D:\\praktikum_laravel\\laravelPraktikum\\vendor\\laravel\\framework\\src\\Illuminate\\Database\\Connectors\\MySqlConnector.php(24): Illuminate\\Database\\Connectors\\Connector->createConnection('mysql:host=127....', Array, Array)
#4 D:\\praktikum_laravel\\laravelPraktikum\\vendor\\laravel\\framework\\src\\Illuminate\\Database\\Connectors\\ConnectionFactory.php(184): Illuminate\\Database\\Connectors\\MySqlConnector->connect(Array)
#5 [internal function]: Illuminate\\Database\\Connectors\\ConnectionFactory->{closure:Illuminate\\Database\\Connectors\\ConnectionFactory::createPdoResolverWithHosts():179}()
#6 D:\\praktikum_laravel\\laravelPraktikum\\vendor\\laravel\\framework\\src\\Illuminate\\Database\\Connection.php(1228): call_user_func(Object(Closure))
#7 D:\\praktikum_laravel\\laravelPraktikum\\vendor\\laravel\\framework\\src\\Illuminate\\Database\\Connection.php(509): Illuminate\\Database\\Connection->getPdo()
#8 D:\\praktikum_laravel\\laravelPraktikum\\vendor\\laravel\\framework\\src\\Illuminate\\Database\\Connection.php(404): Illuminate\\Database\\Connection->getPdoForSelect(false)
#9 D:\\praktikum_laravel\\laravelPraktikum\\vendor\\laravel\\framework\\src\\Illuminate\\Database\\Connection.php(809): Illuminate\\Database\\Connection->{closure:Illuminate\\Database\\Connection::select():395}('select * from `...', Array)
#10 D:\\praktikum_laravel\\laravelPraktikum\\vendor\\laravel\\framework\\src\\Illuminate\\Database\\Connection.php(976): Illuminate\\Database\\Connection->runQueryCallback('select * from `...', Array, Object(Closure))
#11 D:\\praktikum_laravel\\laravelPraktikum\\vendor\\laravel\\framework\\src\\Illuminate\\Database\\Connection.php(955): Illuminate\\Database\\Connection->tryAgainIfCausedByLostConnection(Object(Illuminate\\Database\\QueryException), 'select * from `...', Array, Object(Closure))
#12 D:\\praktikum_laravel\\laravelPraktikum\\vendor\\laravel\\framework\\src\\Illuminate\\Database\\Connection.php(778): Illuminate\\Database\\Connection->handleQueryException(Object(Illuminate\\Database\\QueryException), 'select * from `...', Array, Object(Closure))
#13 D:\\praktikum_laravel\\laravelPraktikum\\vendor\\laravel\\framework\\src\\Illuminate\\Database\\Connection.php(395): Illuminate\\Database\\Connection->run('select * from `...', Array, Object(Closure))
#14 D:\\praktikum_laravel\\laravelPraktikum\\vendor\\laravel\\framework\\src\\Illuminate\\Database\\Query\\Builder.php(3120): Illuminate\\Database\\Connection->select('select * from `...', Array, false)
#15 D:\\praktikum_laravel\\laravelPraktikum\\vendor\\laravel\\framework\\src\\Illuminate\\Database\\Query\\Builder.php(3105): Illuminate\\Database\\Query\\Builder->runSelect()
#16 D:\\praktikum_laravel\\laravelPraktikum\\vendor\\laravel\\framework\\src\\Illuminate\\Database\\Query\\Builder.php(3695): Illuminate\\Database\\Query\\Builder->{closure:Illuminate\\Database\\Query\\Builder::get():3104}()
#17 D:\\praktikum_laravel\\laravelPraktikum\\vendor\\laravel\\framework\\src\\Illuminate\\Database\\Query\\Builder.php(3104): Illuminate\\Database\\Query\\Builder->onceWithColumns(Array, Object(Closure))
#18 D:\\praktikum_laravel\\laravelPraktikum\\vendor\\laravel\\framework\\src\\Illuminate\\Database\\Concerns\\BuildsQueries.php(366): Illuminate\\Database\\Query\\Builder->get(Array)
#19 D:\\praktikum_laravel\\laravelPraktikum\\vendor\\laravel\\framework\\src\\Illuminate\\Database\\Query\\Builder.php(3027): Illuminate\\Database\\Query\\Builder->first(Array)
#20 D:\\praktikum_laravel\\laravelPraktikum\\vendor\\laravel\\framework\\src\\Illuminate\\Session\\DatabaseSessionHandler.php(96): Illuminate\\Database\\Query\\Builder->find('kk0kDKUOjLiNtIK...')
#21 D:\\praktikum_laravel\\laravelPraktikum\\vendor\\laravel\\framework\\src\\Illuminate\\Session\\Store.php(116): Illuminate\\Session\\DatabaseSessionHandler->read('kk0kDKUOjLiNtIK...')
#22 D:\\praktikum_laravel\\laravelPraktikum\\vendor\\laravel\\framework\\src\\Illuminate\\Session\\Store.php(104): Illuminate\\Session\\Store->readFromHandler()
#23 D:\\praktikum_laravel\\laravelPraktikum\\vendor\\laravel\\framework\\src\\Illuminate\\Session\\Store.php(88): Illuminate\\Session\\Store->loadSession()
#24 D:\\praktikum_laravel\\laravelPraktikum\\vendor\\laravel\\framework\\src\\Illuminate\\Session\\Middleware\\StartSession.php(146): Illuminate\\Session\\Store->start()
#25 D:\\praktikum_laravel\\laravelPraktikum\\vendor\\laravel\\framework\\src\\Illuminate\\Support\\helpers.php(399): Illuminate\\Session\\Middleware\\StartSession->{closure:Illuminate\\Session\\Middleware\\StartSession::startSession():143}(Object(Illuminate\\Session\\Store))
#26 D:\\praktikum_laravel\\laravelPraktikum\\vendor\\laravel\\framework\\src\\Illuminate\\Session\\Middleware\\StartSession.php(143): tap(Object(Illuminate\\Session\\Store), Object(Closure))
#27 D:\\praktikum_laravel\\laravelPraktikum\\vendor\\laravel\\framework\\src\\Illuminate\\Session\\Middleware\\StartSession.php(115): Illuminate\\Session\\Middleware\\StartSession->startSession(Object(Illuminate\\Http\\Request), Object(Illuminate\\Session\\Store))
#28 D:\\praktikum_laravel\\laravelPraktikum\\vendor\\laravel\\framework\\src\\Illuminate\\Session\\Middleware\\StartSession.php(63): Illuminate\\Session\\Middleware\\StartSession->handleStatefulRequest(Object(Illuminate\\Http\\Request), Object(Illuminate\\Session\\Store), Object(Closure))
#29 D:\\praktikum_laravel\\laravelPraktikum\\vendor\\laravel\\framework\\src\\Illuminate\\Pipeline\\Pipeline.php(208): Illuminate\\Session\\Middleware\\StartSession->handle(Object(Illuminate\\Http\\Request), Object(Closure))
#30 D:\\praktikum_laravel\\laravelPraktikum\\vendor\\laravel\\framework\\src\\Illuminate\\Cookie\\Middleware\\AddQueuedCookiesToResponse.php(36): Illuminate\\Pipeline\\Pipeline->{closure:{closure:Illuminate\\Pipeline\\Pipeline::carry():183}:184}(Object(Illuminate\\Http\\Request))
#31 D:\\praktikum_laravel\\laravelPraktikum\\vendor\\laravel\\framework\\src\\Illuminate\\Pipeline\\Pipeline.php(208): Illuminate\\Cookie\\Middleware\\AddQueuedCookiesToResponse->handle(Object(Illuminate\\Http\\Request), Object(Closure))
#32 D:\\praktikum_laravel\\laravelPraktikum\\vendor\\laravel\\framework\\src\\Illuminate\\Cookie\\Middleware\\EncryptCookies.php(74): Illuminate\\Pipeline\\Pipeline->{closure:{closure:Illuminate\\Pipeline\\Pipeline::carry():183}:184}(Object(Illuminate\\Http\\Request))
#33 D:\\praktikum_laravel\\laravelPraktikum\\vendor\\laravel\\framework\\src\\Illuminate\\Pipeline\\Pipeline.php(208): Illuminate\\Cookie\\Middleware\\EncryptCookies->handle(Object(Illuminate\\Http\\Request), Object(Closure))
#34 D:\\praktikum_laravel\\laravelPraktikum\\vendor\\laravel\\framework\\src\\Illuminate\\Pipeline\\Pipeline.php(126): Illuminate\\Pipeline\\Pipeline->{closure:{closure:Illuminate\\Pipeline\\Pipeline::carry():183}:184}(Object(Illuminate\\Http\\Request))
#35 D:\\praktikum_laravel\\laravelPraktikum\\vendor\\laravel\\framework\\src\\Illuminate\\Routing\\Router.php(807): Illuminate\\Pipeline\\Pipeline->then(Object(Closure))
#36 D:\\praktikum_laravel\\laravelPraktikum\\vendor\\laravel\\framework\\src\\Illuminate\\Routing\\Router.php(786): Illuminate\\Routing\\Router->runRouteWithinStack(Object(Illuminate\\Routing\\Route), Object(Illuminate\\Http\\Request))
#37 D:\\praktikum_laravel\\laravelPraktikum\\vendor\\laravel\\framework\\src\\Illuminate\\Routing\\Router.php(750): Illuminate\\Routing\\Router->runRoute(Object(Illuminate\\Http\\Request), Object(Illuminate\\Routing\\Route))
#38 D:\\praktikum_laravel\\laravelPraktikum\\vendor\\laravel\\framework\\src\\Illuminate\\Routing\\Router.php(739): Illuminate\\Routing\\Router->dispatchToRoute(Object(Illuminate\\Http\\Request))
#39 D:\\praktikum_laravel\\laravelPraktikum\\vendor\\laravel\\framework\\src\\Illuminate\\Foundation\\Http\\Kernel.php(200): Illuminate\\Routing\\Router->dispatch(Object(Illuminate\\Http\\Request))
#40 D:\\praktikum_laravel\\laravelPraktikum\\vendor\\laravel\\framework\\src\\Illuminate\\Pipeline\\Pipeline.php(169): Illuminate\\Foundation\\Http\\Kernel->{closure:Illuminate\\Foundation\\Http\\Kernel::dispatchToRouter():197}(Object(Illuminate\\Http\\Request))
#41 D:\\praktikum_laravel\\laravelPraktikum\\vendor\\laravel\\framework\\src\\Illuminate\\Foundation\\Http\\Middleware\\TransformsRequest.php(21): Illuminate\\Pipeline\\Pipeline->{closure:Illuminate\\Pipeline\\Pipeline::prepareDestination():167}(Object(Illuminate\\Http\\Request))
#42 D:\\praktikum_laravel\\laravelPraktikum\\vendor\\laravel\\framework\\src\\Illuminate\\Foundation\\Http\\Middleware\\ConvertEmptyStringsToNull.php(31): Illuminate\\Foundation\\Http\\Middleware\\TransformsRequest->handle(Object(Illuminate\\Http\\Request), Object(Closure))
#43 D:\\praktikum_laravel\\laravelPraktikum\\vendor\\laravel\\framework\\src\\Illuminate\\Pipeline\\Pipeline.php(208): Illuminate\\Foundation\\Http\\Middleware\\ConvertEmptyStringsToNull->handle(Object(Illuminate\\Http\\Request), Object(Closure))
#44 D:\\praktikum_laravel\\laravelPraktikum\\vendor\\laravel\\framework\\src\\Illuminate\\Foundation\\Http\\Middleware\\TransformsRequest.php(21): Illuminate\\Pipeline\\Pipeline->{closure:{closure:Illuminate\\Pipeline\\Pipeline::carry():183}:184}(Object(Illuminate\\Http\\Request))
#45 D:\\praktikum_laravel\\laravelPraktikum\\vendor\\laravel\\framework\\src\\Illuminate\\Foundation\\Http\\Middleware\\TrimStrings.php(51): Illuminate\\Foundation\\Http\\Middleware\\TransformsRequest->handle(Object(Illuminate\\Http\\Request), Object(Closure))
#46 D:\\praktikum_laravel\\laravelPraktikum\\vendor\\laravel\\framework\\src\\Illuminate\\Pipeline\\Pipeline.php(208): Illuminate\\Foundation\\Http\\Middleware\\TrimStrings->handle(Object(Illuminate\\Http\\Request), Object(Closure))
#47 D:\\praktikum_laravel\\laravelPraktikum\\vendor\\laravel\\framework\\src\\Illuminate\\Http\\Middleware\\ValidatePostSize.php(27): Illuminate\\Pipeline\\Pipeline->{closure:{closure:Illuminate\\Pipeline\\Pipeline::carry():183}:184}(Object(Illuminate\\Http\\Request))
#48 D:\\praktikum_laravel\\laravelPraktikum\\vendor\\laravel\\framework\\src\\Illuminate\\Pipeline\\Pipeline.php(208): Illuminate\\Http\\Middleware\\ValidatePostSize->handle(Object(Illuminate\\Http\\Request), Object(Closure))
#49 D:\\praktikum_laravel\\laravelPraktikum\\vendor\\laravel\\framework\\src\\Illuminate\\Foundation\\Http\\Middleware\\PreventRequestsDuringMaintenance.php(109): Illuminate\\Pipeline\\Pipeline->{closure:{closure:Illuminate\\Pipeline\\Pipeline::carry():183}:184}(Object(Illuminate\\Http\\Request))
#50 D:\\praktikum_laravel\\laravelPraktikum\\vendor\\laravel\\framework\\src\\Illuminate\\Pipeline\\Pipeline.php(208): Illuminate\\Foundation\\Http\\Middleware\\PreventRequestsDuringMaintenance->handle(Object(Illuminate\\Http\\Request), Object(Closure))
#51 D:\\praktikum_laravel\\laravelPraktikum\\vendor\\laravel\\framework\\src\\Illuminate\\Http\\Middleware\\HandleCors.php(48): Illuminate\\Pipeline\\Pipeline->{closure:{closure:Illuminate\\Pipeline\\Pipeline::carry():183}:184}(Object(Illuminate\\Http\\Request))
#52 D:\\praktikum_laravel\\laravelPraktikum\\vendor\\laravel\\framework\\src\\Illuminate\\Pipeline\\Pipeline.php(208): Illuminate\\Http\\Middleware\\HandleCors->handle(Object(Illuminate\\Http\\Request), Object(Closure))
#53 D:\\praktikum_laravel\\laravelPraktikum\\vendor\\laravel\\framework\\src\\Illuminate\\Http\\Middleware\\TrustProxies.php(58): Illuminate\\Pipeline\\Pipeline->{closure:{closure:Illuminate\\Pipeline\\Pipeline::carry():183}:184}(Object(Illuminate\\Http\\Request))
#54 D:\\praktikum_laravel\\laravelPraktikum\\vendor\\laravel\\framework\\src\\Illuminate\\Pipeline\\Pipeline.php(208): Illuminate\\Http\\Middleware\\TrustProxies->handle(Object(Illuminate\\Http\\Request), Object(Closure))
#55 D:\\praktikum_laravel\\laravelPraktikum\\vendor\\laravel\\framework\\src\\Illuminate\\Foundation\\Http\\Middleware\\InvokeDeferredCallbacks.php(22): Illuminate\\Pipeline\\Pipeline->{closure:{closure:Illuminate\\Pipeline\\Pipeline::carry():183}:184}(Object(Illuminate\\Http\\Request))
#56 D:\\praktikum_laravel\\laravelPraktikum\\vendor\\laravel\\framework\\src\\Illuminate\\Pipeline\\Pipeline.php(208): Illuminate\\Foundation\\Http\\Middleware\\InvokeDeferredCallbacks->handle(Object(Illuminate\\Http\\Request), Object(Closure))
#57 D:\\praktikum_laravel\\laravelPraktikum\\vendor\\laravel\\framework\\src\\Illuminate\\Http\\Middleware\\ValidatePathEncoding.php(26): Illuminate\\Pipeline\\Pipeline->{closure:{closure:Illuminate\\Pipeline\\Pipeline::carry():183}:184}(Object(Illuminate\\Http\\Request))
#58 D:\\praktikum_laravel\\laravelPraktikum\\vendor\\laravel\\framework\\src\\Illuminate\\Pipeline\\Pipeline.php(208): Illuminate\\Http\\Middleware\\ValidatePathEncoding->handle(Object(Illuminate\\Http\\Request), Object(Closure))
#59 D:\\praktikum_laravel\\laravelPraktikum\\vendor\\laravel\\framework\\src\\Illuminate\\Pipeline\\Pipeline.php(126): Illuminate\\Pipeline\\Pipeline->{closure:{closure:Illuminate\\Pipeline\\Pipeline::carry():183}:184}(Object(Illuminate\\Http\\Request))
#60 D:\\praktikum_laravel\\laravelPraktikum\\vendor\\laravel\\framework\\src\\Illuminate\\Foundation\\Http\\Kernel.php(175): Illuminate\\Pipeline\\Pipeline->then(Object(Closure))
#61 D:\\praktikum_laravel\\laravelPraktikum\\vendor\\laravel\\framework\\src\\Illuminate\\Foundation\\Http\\Kernel.php(144): Illuminate\\Foundation\\Http\\Kernel->sendRequestThroughRouter(Object(Illuminate\\Http\\Request))
#62 D:\\praktikum_laravel\\laravelPraktikum\\vendor\\laravel\\framework\\src\\Illuminate\\Foundation\\Application.php(1219): Illuminate\\Foundation\\Http\\Kernel->handle(Object(Illuminate\\Http\\Request))
#63 D:\\praktikum_laravel\\laravelPraktikum\\public\\index.php(20): Illuminate\\Foundation\\Application->handleRequest(Object(Illuminate\\Http\\Request))
#64 D:\\praktikum_laravel\\laravelPraktikum\\vendor\\laravel\\framework\\src\\Illuminate\\Foundation\\resources\\server.php(23): require_once('D:\\\\praktikum_la...')
#65 {main}
"} 
[2025-05-22 03:08:28] local.ERROR: SQLSTATE[HY000] [2002] No connection could be made because the target machine actively refused it (Connection: mysql, SQL: select * from `sessions` where `id` = y5vDV1wFgcAP5vDWJkicqaTe72fhSHuarC1slvp7 limit 1) {"exception":"[object] (Illuminate\\Database\\QueryException(code: 2002): SQLSTATE[HY000] [2002] No connection could be made because the target machine actively refused it (Connection: mysql, SQL: select * from `sessions` where `id` = y5vDV1wFgcAP5vDWJkicqaTe72fhSHuarC1slvp7 limit 1) at D:\\praktikum_laravel\\laravelPraktikum\\vendor\\laravel\\framework\\src\\Illuminate\\Database\\Connection.php:822)
[stacktrace]
#0 D:\\praktikum_laravel\\laravelPraktikum\\vendor\\laravel\\framework\\src\\Illuminate\\Database\\Connection.php(976): Illuminate\\Database\\Connection->runQueryCallback('select * from `...', Array, Object(Closure))
#1 D:\\praktikum_laravel\\laravelPraktikum\\vendor\\laravel\\framework\\src\\Illuminate\\Database\\Connection.php(955): Illuminate\\Database\\Connection->tryAgainIfCausedByLostConnection(Object(Illuminate\\Database\\QueryException), 'select * from `...', Array, Object(Closure))
#2 D:\\praktikum_laravel\\laravelPraktikum\\vendor\\laravel\\framework\\src\\Illuminate\\Database\\Connection.php(778): Illuminate\\Database\\Connection->handleQueryException(Object(Illuminate\\Database\\QueryException), 'select * from `...', Array, Object(Closure))
#3 D:\\praktikum_laravel\\laravelPraktikum\\vendor\\laravel\\framework\\src\\Illuminate\\Database\\Connection.php(395): Illuminate\\Database\\Connection->run('select * from `...', Array, Object(Closure))
#4 D:\\praktikum_laravel\\laravelPraktikum\\vendor\\laravel\\framework\\src\\Illuminate\\Database\\Query\\Builder.php(3120): Illuminate\\Database\\Connection->select('select * from `...', Array, false)
#5 D:\\praktikum_laravel\\laravelPraktikum\\vendor\\laravel\\framework\\src\\Illuminate\\Database\\Query\\Builder.php(3105): Illuminate\\Database\\Query\\Builder->runSelect()
#6 D:\\praktikum_laravel\\laravelPraktikum\\vendor\\laravel\\framework\\src\\Illuminate\\Database\\Query\\Builder.php(3695): Illuminate\\Database\\Query\\Builder->{closure:Illuminate\\Database\\Query\\Builder::get():3104}()
#7 D:\\praktikum_laravel\\laravelPraktikum\\vendor\\laravel\\framework\\src\\Illuminate\\Database\\Query\\Builder.php(3104): Illuminate\\Database\\Query\\Builder->onceWithColumns(Array, Object(Closure))
#8 D:\\praktikum_laravel\\laravelPraktikum\\vendor\\laravel\\framework\\src\\Illuminate\\Database\\Concerns\\BuildsQueries.php(366): Illuminate\\Database\\Query\\Builder->get(Array)
#9 D:\\praktikum_laravel\\laravelPraktikum\\vendor\\laravel\\framework\\src\\Illuminate\\Database\\Query\\Builder.php(3027): Illuminate\\Database\\Query\\Builder->first(Array)
#10 D:\\praktikum_laravel\\laravelPraktikum\\vendor\\laravel\\framework\\src\\Illuminate\\Session\\DatabaseSessionHandler.php(96): Illuminate\\Database\\Query\\Builder->find('y5vDV1wFgcAP5vD...')
#11 D:\\praktikum_laravel\\laravelPraktikum\\vendor\\laravel\\framework\\src\\Illuminate\\Session\\Store.php(116): Illuminate\\Session\\DatabaseSessionHandler->read('y5vDV1wFgcAP5vD...')
#12 D:\\praktikum_laravel\\laravelPraktikum\\vendor\\laravel\\framework\\src\\Illuminate\\Session\\Store.php(104): Illuminate\\Session\\Store->readFromHandler()
#13 D:\\praktikum_laravel\\laravelPraktikum\\vendor\\laravel\\framework\\src\\Illuminate\\Session\\Store.php(88): Illuminate\\Session\\Store->loadSession()
#14 D:\\praktikum_laravel\\laravelPraktikum\\vendor\\laravel\\framework\\src\\Illuminate\\Session\\Middleware\\StartSession.php(146): Illuminate\\Session\\Store->start()
#15 D:\\praktikum_laravel\\laravelPraktikum\\vendor\\laravel\\framework\\src\\Illuminate\\Support\\helpers.php(399): Illuminate\\Session\\Middleware\\StartSession->{closure:Illuminate\\Session\\Middleware\\StartSession::startSession():143}(Object(Illuminate\\Session\\Store))
#16 D:\\praktikum_laravel\\laravelPraktikum\\vendor\\laravel\\framework\\src\\Illuminate\\Session\\Middleware\\StartSession.php(143): tap(Object(Illuminate\\Session\\Store), Object(Closure))
#17 D:\\praktikum_laravel\\laravelPraktikum\\vendor\\laravel\\framework\\src\\Illuminate\\Session\\Middleware\\StartSession.php(115): Illuminate\\Session\\Middleware\\StartSession->startSession(Object(Illuminate\\Http\\Request), Object(Illuminate\\Session\\Store))
#18 D:\\praktikum_laravel\\laravelPraktikum\\vendor\\laravel\\framework\\src\\Illuminate\\Session\\Middleware\\StartSession.php(63): Illuminate\\Session\\Middleware\\StartSession->handleStatefulRequest(Object(Illuminate\\Http\\Request), Object(Illuminate\\Session\\Store), Object(Closure))
#19 D:\\praktikum_laravel\\laravelPraktikum\\vendor\\laravel\\framework\\src\\Illuminate\\Pipeline\\Pipeline.php(208): Illuminate\\Session\\Middleware\\StartSession->handle(Object(Illuminate\\Http\\Request), Object(Closure))
#20 D:\\praktikum_laravel\\laravelPraktikum\\vendor\\laravel\\framework\\src\\Illuminate\\Cookie\\Middleware\\AddQueuedCookiesToResponse.php(36): Illuminate\\Pipeline\\Pipeline->{closure:{closure:Illuminate\\Pipeline\\Pipeline::carry():183}:184}(Object(Illuminate\\Http\\Request))
#21 D:\\praktikum_laravel\\laravelPraktikum\\vendor\\laravel\\framework\\src\\Illuminate\\Pipeline\\Pipeline.php(208): Illuminate\\Cookie\\Middleware\\AddQueuedCookiesToResponse->handle(Object(Illuminate\\Http\\Request), Object(Closure))
#22 D:\\praktikum_laravel\\laravelPraktikum\\vendor\\laravel\\framework\\src\\Illuminate\\Cookie\\Middleware\\EncryptCookies.php(74): Illuminate\\Pipeline\\Pipeline->{closure:{closure:Illuminate\\Pipeline\\Pipeline::carry():183}:184}(Object(Illuminate\\Http\\Request))
#23 D:\\praktikum_laravel\\laravelPraktikum\\vendor\\laravel\\framework\\src\\Illuminate\\Pipeline\\Pipeline.php(208): Illuminate\\Cookie\\Middleware\\EncryptCookies->handle(Object(Illuminate\\Http\\Request), Object(Closure))
#24 D:\\praktikum_laravel\\laravelPraktikum\\vendor\\laravel\\framework\\src\\Illuminate\\Pipeline\\Pipeline.php(126): Illuminate\\Pipeline\\Pipeline->{closure:{closure:Illuminate\\Pipeline\\Pipeline::carry():183}:184}(Object(Illuminate\\Http\\Request))
#25 D:\\praktikum_laravel\\laravelPraktikum\\vendor\\laravel\\framework\\src\\Illuminate\\Routing\\Router.php(807): Illuminate\\Pipeline\\Pipeline->then(Object(Closure))
#26 D:\\praktikum_laravel\\laravelPraktikum\\vendor\\laravel\\framework\\src\\Illuminate\\Routing\\Router.php(786): Illuminate\\Routing\\Router->runRouteWithinStack(Object(Illuminate\\Routing\\Route), Object(Illuminate\\Http\\Request))
#27 D:\\praktikum_laravel\\laravelPraktikum\\vendor\\laravel\\framework\\src\\Illuminate\\Routing\\Router.php(750): Illuminate\\Routing\\Router->runRoute(Object(Illuminate\\Http\\Request), Object(Illuminate\\Routing\\Route))
#28 D:\\praktikum_laravel\\laravelPraktikum\\vendor\\laravel\\framework\\src\\Illuminate\\Routing\\Router.php(739): Illuminate\\Routing\\Router->dispatchToRoute(Object(Illuminate\\Http\\Request))
#29 D:\\praktikum_laravel\\laravelPraktikum\\vendor\\laravel\\framework\\src\\Illuminate\\Foundation\\Http\\Kernel.php(200): Illuminate\\Routing\\Router->dispatch(Object(Illuminate\\Http\\Request))
#30 D:\\praktikum_laravel\\laravelPraktikum\\vendor\\laravel\\framework\\src\\Illuminate\\Pipeline\\Pipeline.php(169): Illuminate\\Foundation\\Http\\Kernel->{closure:Illuminate\\Foundation\\Http\\Kernel::dispatchToRouter():197}(Object(Illuminate\\Http\\Request))
#31 D:\\praktikum_laravel\\laravelPraktikum\\vendor\\laravel\\framework\\src\\Illuminate\\Foundation\\Http\\Middleware\\TransformsRequest.php(21): Illuminate\\Pipeline\\Pipeline->{closure:Illuminate\\Pipeline\\Pipeline::prepareDestination():167}(Object(Illuminate\\Http\\Request))
#32 D:\\praktikum_laravel\\laravelPraktikum\\vendor\\laravel\\framework\\src\\Illuminate\\Foundation\\Http\\Middleware\\ConvertEmptyStringsToNull.php(31): Illuminate\\Foundation\\Http\\Middleware\\TransformsRequest->handle(Object(Illuminate\\Http\\Request), Object(Closure))
#33 D:\\praktikum_laravel\\laravelPraktikum\\vendor\\laravel\\framework\\src\\Illuminate\\Pipeline\\Pipeline.php(208): Illuminate\\Foundation\\Http\\Middleware\\ConvertEmptyStringsToNull->handle(Object(Illuminate\\Http\\Request), Object(Closure))
#34 D:\\praktikum_laravel\\laravelPraktikum\\vendor\\laravel\\framework\\src\\Illuminate\\Foundation\\Http\\Middleware\\TransformsRequest.php(21): Illuminate\\Pipeline\\Pipeline->{closure:{closure:Illuminate\\Pipeline\\Pipeline::carry():183}:184}(Object(Illuminate\\Http\\Request))
#35 D:\\praktikum_laravel\\laravelPraktikum\\vendor\\laravel\\framework\\src\\Illuminate\\Foundation\\Http\\Middleware\\TrimStrings.php(51): Illuminate\\Foundation\\Http\\Middleware\\TransformsRequest->handle(Object(Illuminate\\Http\\Request), Object(Closure))
#36 D:\\praktikum_laravel\\laravelPraktikum\\vendor\\laravel\\framework\\src\\Illuminate\\Pipeline\\Pipeline.php(208): Illuminate\\Foundation\\Http\\Middleware\\TrimStrings->handle(Object(Illuminate\\Http\\Request), Object(Closure))
#37 D:\\praktikum_laravel\\laravelPraktikum\\vendor\\laravel\\framework\\src\\Illuminate\\Http\\Middleware\\ValidatePostSize.php(27): Illuminate\\Pipeline\\Pipeline->{closure:{closure:Illuminate\\Pipeline\\Pipeline::carry():183}:184}(Object(Illuminate\\Http\\Request))
#38 D:\\praktikum_laravel\\laravelPraktikum\\vendor\\laravel\\framework\\src\\Illuminate\\Pipeline\\Pipeline.php(208): Illuminate\\Http\\Middleware\\ValidatePostSize->handle(Object(Illuminate\\Http\\Request), Object(Closure))
#39 D:\\praktikum_laravel\\laravelPraktikum\\vendor\\laravel\\framework\\src\\Illuminate\\Foundation\\Http\\Middleware\\PreventRequestsDuringMaintenance.php(109): Illuminate\\Pipeline\\Pipeline->{closure:{closure:Illuminate\\Pipeline\\Pipeline::carry():183}:184}(Object(Illuminate\\Http\\Request))
#40 D:\\praktikum_laravel\\laravelPraktikum\\vendor\\laravel\\framework\\src\\Illuminate\\Pipeline\\Pipeline.php(208): Illuminate\\Foundation\\Http\\Middleware\\PreventRequestsDuringMaintenance->handle(Object(Illuminate\\Http\\Request), Object(Closure))
#41 D:\\praktikum_laravel\\laravelPraktikum\\vendor\\laravel\\framework\\src\\Illuminate\\Http\\Middleware\\HandleCors.php(48): Illuminate\\Pipeline\\Pipeline->{closure:{closure:Illuminate\\Pipeline\\Pipeline::carry():183}:184}(Object(Illuminate\\Http\\Request))
#42 D:\\praktikum_laravel\\laravelPraktikum\\vendor\\laravel\\framework\\src\\Illuminate\\Pipeline\\Pipeline.php(208): Illuminate\\Http\\Middleware\\HandleCors->handle(Object(Illuminate\\Http\\Request), Object(Closure))
#43 D:\\praktikum_laravel\\laravelPraktikum\\vendor\\laravel\\framework\\src\\Illuminate\\Http\\Middleware\\TrustProxies.php(58): Illuminate\\Pipeline\\Pipeline->{closure:{closure:Illuminate\\Pipeline\\Pipeline::carry():183}:184}(Object(Illuminate\\Http\\Request))
#44 D:\\praktikum_laravel\\laravelPraktikum\\vendor\\laravel\\framework\\src\\Illuminate\\Pipeline\\Pipeline.php(208): Illuminate\\Http\\Middleware\\TrustProxies->handle(Object(Illuminate\\Http\\Request), Object(Closure))
#45 D:\\praktikum_laravel\\laravelPraktikum\\vendor\\laravel\\framework\\src\\Illuminate\\Foundation\\Http\\Middleware\\InvokeDeferredCallbacks.php(22): Illuminate\\Pipeline\\Pipeline->{closure:{closure:Illuminate\\Pipeline\\Pipeline::carry():183}:184}(Object(Illuminate\\Http\\Request))
#46 D:\\praktikum_laravel\\laravelPraktikum\\vendor\\laravel\\framework\\src\\Illuminate\\Pipeline\\Pipeline.php(208): Illuminate\\Foundation\\Http\\Middleware\\InvokeDeferredCallbacks->handle(Object(Illuminate\\Http\\Request), Object(Closure))
#47 D:\\praktikum_laravel\\laravelPraktikum\\vendor\\laravel\\framework\\src\\Illuminate\\Http\\Middleware\\ValidatePathEncoding.php(26): Illuminate\\Pipeline\\Pipeline->{closure:{closure:Illuminate\\Pipeline\\Pipeline::carry():183}:184}(Object(Illuminate\\Http\\Request))
#48 D:\\praktikum_laravel\\laravelPraktikum\\vendor\\laravel\\framework\\src\\Illuminate\\Pipeline\\Pipeline.php(208): Illuminate\\Http\\Middleware\\ValidatePathEncoding->handle(Object(Illuminate\\Http\\Request), Object(Closure))
#49 D:\\praktikum_laravel\\laravelPraktikum\\vendor\\laravel\\framework\\src\\Illuminate\\Pipeline\\Pipeline.php(126): Illuminate\\Pipeline\\Pipeline->{closure:{closure:Illuminate\\Pipeline\\Pipeline::carry():183}:184}(Object(Illuminate\\Http\\Request))
#50 D:\\praktikum_laravel\\laravelPraktikum\\vendor\\laravel\\framework\\src\\Illuminate\\Foundation\\Http\\Kernel.php(175): Illuminate\\Pipeline\\Pipeline->then(Object(Closure))
#51 D:\\praktikum_laravel\\laravelPraktikum\\vendor\\laravel\\framework\\src\\Illuminate\\Foundation\\Http\\Kernel.php(144): Illuminate\\Foundation\\Http\\Kernel->sendRequestThroughRouter(Object(Illuminate\\Http\\Request))
#52 D:\\praktikum_laravel\\laravelPraktikum\\vendor\\laravel\\framework\\src\\Illuminate\\Foundation\\Application.php(1219): Illuminate\\Foundation\\Http\\Kernel->handle(Object(Illuminate\\Http\\Request))
#53 D:\\praktikum_laravel\\laravelPraktikum\\public\\index.php(20): Illuminate\\Foundation\\Application->handleRequest(Object(Illuminate\\Http\\Request))
#54 D:\\praktikum_laravel\\laravelPraktikum\\vendor\\laravel\\framework\\src\\Illuminate\\Foundation\\resources\\server.php(23): require_once('D:\\\\praktikum_la...')
#55 {main}

[previous exception] [object] (PDOException(code: 2002): SQLSTATE[HY000] [2002] No connection could be made because the target machine actively refused it at D:\\praktikum_laravel\\laravelPraktikum\\vendor\\laravel\\framework\\src\\Illuminate\\Database\\Connectors\\Connector.php:67)
[stacktrace]
#0 D:\\praktikum_laravel\\laravelPraktikum\\vendor\\laravel\\framework\\src\\Illuminate\\Database\\Connectors\\Connector.php(67): PDO::connect('mysql:host=127....', 'root', Object(SensitiveParameterValue), Array)
#1 D:\\praktikum_laravel\\laravelPraktikum\\vendor\\laravel\\framework\\src\\Illuminate\\Database\\Connectors\\Connector.php(85): Illuminate\\Database\\Connectors\\Connector->createPdoConnection('mysql:host=127....', 'root', Object(SensitiveParameterValue), Array)
#2 D:\\praktikum_laravel\\laravelPraktikum\\vendor\\laravel\\framework\\src\\Illuminate\\Database\\Connectors\\Connector.php(48): Illuminate\\Database\\Connectors\\Connector->tryAgainIfCausedByLostConnection(Object(PDOException), 'mysql:host=127....', 'root', Object(SensitiveParameterValue), Array)
#3 D:\\praktikum_laravel\\laravelPraktikum\\vendor\\laravel\\framework\\src\\Illuminate\\Database\\Connectors\\MySqlConnector.php(24): Illuminate\\Database\\Connectors\\Connector->createConnection('mysql:host=127....', Array, Array)
#4 D:\\praktikum_laravel\\laravelPraktikum\\vendor\\laravel\\framework\\src\\Illuminate\\Database\\Connectors\\ConnectionFactory.php(184): Illuminate\\Database\\Connectors\\MySqlConnector->connect(Array)
#5 [internal function]: Illuminate\\Database\\Connectors\\ConnectionFactory->{closure:Illuminate\\Database\\Connectors\\ConnectionFactory::createPdoResolverWithHosts():179}()
#6 D:\\praktikum_laravel\\laravelPraktikum\\vendor\\laravel\\framework\\src\\Illuminate\\Database\\Connection.php(1228): call_user_func(Object(Closure))
#7 D:\\praktikum_laravel\\laravelPraktikum\\vendor\\laravel\\framework\\src\\Illuminate\\Database\\Connection.php(509): Illuminate\\Database\\Connection->getPdo()
#8 D:\\praktikum_laravel\\laravelPraktikum\\vendor\\laravel\\framework\\src\\Illuminate\\Database\\Connection.php(404): Illuminate\\Database\\Connection->getPdoForSelect(false)
#9 D:\\praktikum_laravel\\laravelPraktikum\\vendor\\laravel\\framework\\src\\Illuminate\\Database\\Connection.php(809): Illuminate\\Database\\Connection->{closure:Illuminate\\Database\\Connection::select():395}('select * from `...', Array)
#10 D:\\praktikum_laravel\\laravelPraktikum\\vendor\\laravel\\framework\\src\\Illuminate\\Database\\Connection.php(976): Illuminate\\Database\\Connection->runQueryCallback('select * from `...', Array, Object(Closure))
#11 D:\\praktikum_laravel\\laravelPraktikum\\vendor\\laravel\\framework\\src\\Illuminate\\Database\\Connection.php(955): Illuminate\\Database\\Connection->tryAgainIfCausedByLostConnection(Object(Illuminate\\Database\\QueryException), 'select * from `...', Array, Object(Closure))
#12 D:\\praktikum_laravel\\laravelPraktikum\\vendor\\laravel\\framework\\src\\Illuminate\\Database\\Connection.php(778): Illuminate\\Database\\Connection->handleQueryException(Object(Illuminate\\Database\\QueryException), 'select * from `...', Array, Object(Closure))
#13 D:\\praktikum_laravel\\laravelPraktikum\\vendor\\laravel\\framework\\src\\Illuminate\\Database\\Connection.php(395): Illuminate\\Database\\Connection->run('select * from `...', Array, Object(Closure))
#14 D:\\praktikum_laravel\\laravelPraktikum\\vendor\\laravel\\framework\\src\\Illuminate\\Database\\Query\\Builder.php(3120): Illuminate\\Database\\Connection->select('select * from `...', Array, false)
#15 D:\\praktikum_laravel\\laravelPraktikum\\vendor\\laravel\\framework\\src\\Illuminate\\Database\\Query\\Builder.php(3105): Illuminate\\Database\\Query\\Builder->runSelect()
#16 D:\\praktikum_laravel\\laravelPraktikum\\vendor\\laravel\\framework\\src\\Illuminate\\Database\\Query\\Builder.php(3695): Illuminate\\Database\\Query\\Builder->{closure:Illuminate\\Database\\Query\\Builder::get():3104}()
#17 D:\\praktikum_laravel\\laravelPraktikum\\vendor\\laravel\\framework\\src\\Illuminate\\Database\\Query\\Builder.php(3104): Illuminate\\Database\\Query\\Builder->onceWithColumns(Array, Object(Closure))
#18 D:\\praktikum_laravel\\laravelPraktikum\\vendor\\laravel\\framework\\src\\Illuminate\\Database\\Concerns\\BuildsQueries.php(366): Illuminate\\Database\\Query\\Builder->get(Array)
#19 D:\\praktikum_laravel\\laravelPraktikum\\vendor\\laravel\\framework\\src\\Illuminate\\Database\\Query\\Builder.php(3027): Illuminate\\Database\\Query\\Builder->first(Array)
#20 D:\\praktikum_laravel\\laravelPraktikum\\vendor\\laravel\\framework\\src\\Illuminate\\Session\\DatabaseSessionHandler.php(96): Illuminate\\Database\\Query\\Builder->find('y5vDV1wFgcAP5vD...')
#21 D:\\praktikum_laravel\\laravelPraktikum\\vendor\\laravel\\framework\\src\\Illuminate\\Session\\Store.php(116): Illuminate\\Session\\DatabaseSessionHandler->read('y5vDV1wFgcAP5vD...')
#22 D:\\praktikum_laravel\\laravelPraktikum\\vendor\\laravel\\framework\\src\\Illuminate\\Session\\Store.php(104): Illuminate\\Session\\Store->readFromHandler()
#23 D:\\praktikum_laravel\\laravelPraktikum\\vendor\\laravel\\framework\\src\\Illuminate\\Session\\Store.php(88): Illuminate\\Session\\Store->loadSession()
#24 D:\\praktikum_laravel\\laravelPraktikum\\vendor\\laravel\\framework\\src\\Illuminate\\Session\\Middleware\\StartSession.php(146): Illuminate\\Session\\Store->start()
#25 D:\\praktikum_laravel\\laravelPraktikum\\vendor\\laravel\\framework\\src\\Illuminate\\Support\\helpers.php(399): Illuminate\\Session\\Middleware\\StartSession->{closure:Illuminate\\Session\\Middleware\\StartSession::startSession():143}(Object(Illuminate\\Session\\Store))
#26 D:\\praktikum_laravel\\laravelPraktikum\\vendor\\laravel\\framework\\src\\Illuminate\\Session\\Middleware\\StartSession.php(143): tap(Object(Illuminate\\Session\\Store), Object(Closure))
#27 D:\\praktikum_laravel\\laravelPraktikum\\vendor\\laravel\\framework\\src\\Illuminate\\Session\\Middleware\\StartSession.php(115): Illuminate\\Session\\Middleware\\StartSession->startSession(Object(Illuminate\\Http\\Request), Object(Illuminate\\Session\\Store))
#28 D:\\praktikum_laravel\\laravelPraktikum\\vendor\\laravel\\framework\\src\\Illuminate\\Session\\Middleware\\StartSession.php(63): Illuminate\\Session\\Middleware\\StartSession->handleStatefulRequest(Object(Illuminate\\Http\\Request), Object(Illuminate\\Session\\Store), Object(Closure))
#29 D:\\praktikum_laravel\\laravelPraktikum\\vendor\\laravel\\framework\\src\\Illuminate\\Pipeline\\Pipeline.php(208): Illuminate\\Session\\Middleware\\StartSession->handle(Object(Illuminate\\Http\\Request), Object(Closure))
#30 D:\\praktikum_laravel\\laravelPraktikum\\vendor\\laravel\\framework\\src\\Illuminate\\Cookie\\Middleware\\AddQueuedCookiesToResponse.php(36): Illuminate\\Pipeline\\Pipeline->{closure:{closure:Illuminate\\Pipeline\\Pipeline::carry():183}:184}(Object(Illuminate\\Http\\Request))
#31 D:\\praktikum_laravel\\laravelPraktikum\\vendor\\laravel\\framework\\src\\Illuminate\\Pipeline\\Pipeline.php(208): Illuminate\\Cookie\\Middleware\\AddQueuedCookiesToResponse->handle(Object(Illuminate\\Http\\Request), Object(Closure))
#32 D:\\praktikum_laravel\\laravelPraktikum\\vendor\\laravel\\framework\\src\\Illuminate\\Cookie\\Middleware\\EncryptCookies.php(74): Illuminate\\Pipeline\\Pipeline->{closure:{closure:Illuminate\\Pipeline\\Pipeline::carry():183}:184}(Object(Illuminate\\Http\\Request))
#33 D:\\praktikum_laravel\\laravelPraktikum\\vendor\\laravel\\framework\\src\\Illuminate\\Pipeline\\Pipeline.php(208): Illuminate\\Cookie\\Middleware\\EncryptCookies->handle(Object(Illuminate\\Http\\Request), Object(Closure))
#34 D:\\praktikum_laravel\\laravelPraktikum\\vendor\\laravel\\framework\\src\\Illuminate\\Pipeline\\Pipeline.php(126): Illuminate\\Pipeline\\Pipeline->{closure:{closure:Illuminate\\Pipeline\\Pipeline::carry():183}:184}(Object(Illuminate\\Http\\Request))
#35 D:\\praktikum_laravel\\laravelPraktikum\\vendor\\laravel\\framework\\src\\Illuminate\\Routing\\Router.php(807): Illuminate\\Pipeline\\Pipeline->then(Object(Closure))
#36 D:\\praktikum_laravel\\laravelPraktikum\\vendor\\laravel\\framework\\src\\Illuminate\\Routing\\Router.php(786): Illuminate\\Routing\\Router->runRouteWithinStack(Object(Illuminate\\Routing\\Route), Object(Illuminate\\Http\\Request))
#37 D:\\praktikum_laravel\\laravelPraktikum\\vendor\\laravel\\framework\\src\\Illuminate\\Routing\\Router.php(750): Illuminate\\Routing\\Router->runRoute(Object(Illuminate\\Http\\Request), Object(Illuminate\\Routing\\Route))
#38 D:\\praktikum_laravel\\laravelPraktikum\\vendor\\laravel\\framework\\src\\Illuminate\\Routing\\Router.php(739): Illuminate\\Routing\\Router->dispatchToRoute(Object(Illuminate\\Http\\Request))
#39 D:\\praktikum_laravel\\laravelPraktikum\\vendor\\laravel\\framework\\src\\Illuminate\\Foundation\\Http\\Kernel.php(200): Illuminate\\Routing\\Router->dispatch(Object(Illuminate\\Http\\Request))
#40 D:\\praktikum_laravel\\laravelPraktikum\\vendor\\laravel\\framework\\src\\Illuminate\\Pipeline\\Pipeline.php(169): Illuminate\\Foundation\\Http\\Kernel->{closure:Illuminate\\Foundation\\Http\\Kernel::dispatchToRouter():197}(Object(Illuminate\\Http\\Request))
#41 D:\\praktikum_laravel\\laravelPraktikum\\vendor\\laravel\\framework\\src\\Illuminate\\Foundation\\Http\\Middleware\\TransformsRequest.php(21): Illuminate\\Pipeline\\Pipeline->{closure:Illuminate\\Pipeline\\Pipeline::prepareDestination():167}(Object(Illuminate\\Http\\Request))
#42 D:\\praktikum_laravel\\laravelPraktikum\\vendor\\laravel\\framework\\src\\Illuminate\\Foundation\\Http\\Middleware\\ConvertEmptyStringsToNull.php(31): Illuminate\\Foundation\\Http\\Middleware\\TransformsRequest->handle(Object(Illuminate\\Http\\Request), Object(Closure))
#43 D:\\praktikum_laravel\\laravelPraktikum\\vendor\\laravel\\framework\\src\\Illuminate\\Pipeline\\Pipeline.php(208): Illuminate\\Foundation\\Http\\Middleware\\ConvertEmptyStringsToNull->handle(Object(Illuminate\\Http\\Request), Object(Closure))
#44 D:\\praktikum_laravel\\laravelPraktikum\\vendor\\laravel\\framework\\src\\Illuminate\\Foundation\\Http\\Middleware\\TransformsRequest.php(21): Illuminate\\Pipeline\\Pipeline->{closure:{closure:Illuminate\\Pipeline\\Pipeline::carry():183}:184}(Object(Illuminate\\Http\\Request))
#45 D:\\praktikum_laravel\\laravelPraktikum\\vendor\\laravel\\framework\\src\\Illuminate\\Foundation\\Http\\Middleware\\TrimStrings.php(51): Illuminate\\Foundation\\Http\\Middleware\\TransformsRequest->handle(Object(Illuminate\\Http\\Request), Object(Closure))
#46 D:\\praktikum_laravel\\laravelPraktikum\\vendor\\laravel\\framework\\src\\Illuminate\\Pipeline\\Pipeline.php(208): Illuminate\\Foundation\\Http\\Middleware\\TrimStrings->handle(Object(Illuminate\\Http\\Request), Object(Closure))
#47 D:\\praktikum_laravel\\laravelPraktikum\\vendor\\laravel\\framework\\src\\Illuminate\\Http\\Middleware\\ValidatePostSize.php(27): Illuminate\\Pipeline\\Pipeline->{closure:{closure:Illuminate\\Pipeline\\Pipeline::carry():183}:184}(Object(Illuminate\\Http\\Request))
#48 D:\\praktikum_laravel\\laravelPraktikum\\vendor\\laravel\\framework\\src\\Illuminate\\Pipeline\\Pipeline.php(208): Illuminate\\Http\\Middleware\\ValidatePostSize->handle(Object(Illuminate\\Http\\Request), Object(Closure))
#49 D:\\praktikum_laravel\\laravelPraktikum\\vendor\\laravel\\framework\\src\\Illuminate\\Foundation\\Http\\Middleware\\PreventRequestsDuringMaintenance.php(109): Illuminate\\Pipeline\\Pipeline->{closure:{closure:Illuminate\\Pipeline\\Pipeline::carry():183}:184}(Object(Illuminate\\Http\\Request))
#50 D:\\praktikum_laravel\\laravelPraktikum\\vendor\\laravel\\framework\\src\\Illuminate\\Pipeline\\Pipeline.php(208): Illuminate\\Foundation\\Http\\Middleware\\PreventRequestsDuringMaintenance->handle(Object(Illuminate\\Http\\Request), Object(Closure))
#51 D:\\praktikum_laravel\\laravelPraktikum\\vendor\\laravel\\framework\\src\\Illuminate\\Http\\Middleware\\HandleCors.php(48): Illuminate\\Pipeline\\Pipeline->{closure:{closure:Illuminate\\Pipeline\\Pipeline::carry():183}:184}(Object(Illuminate\\Http\\Request))
#52 D:\\praktikum_laravel\\laravelPraktikum\\vendor\\laravel\\framework\\src\\Illuminate\\Pipeline\\Pipeline.php(208): Illuminate\\Http\\Middleware\\HandleCors->handle(Object(Illuminate\\Http\\Request), Object(Closure))
#53 D:\\praktikum_laravel\\laravelPraktikum\\vendor\\laravel\\framework\\src\\Illuminate\\Http\\Middleware\\TrustProxies.php(58): Illuminate\\Pipeline\\Pipeline->{closure:{closure:Illuminate\\Pipeline\\Pipeline::carry():183}:184}(Object(Illuminate\\Http\\Request))
#54 D:\\praktikum_laravel\\laravelPraktikum\\vendor\\laravel\\framework\\src\\Illuminate\\Pipeline\\Pipeline.php(208): Illuminate\\Http\\Middleware\\TrustProxies->handle(Object(Illuminate\\Http\\Request), Object(Closure))
#55 D:\\praktikum_laravel\\laravelPraktikum\\vendor\\laravel\\framework\\src\\Illuminate\\Foundation\\Http\\Middleware\\InvokeDeferredCallbacks.php(22): Illuminate\\Pipeline\\Pipeline->{closure:{closure:Illuminate\\Pipeline\\Pipeline::carry():183}:184}(Object(Illuminate\\Http\\Request))
#56 D:\\praktikum_laravel\\laravelPraktikum\\vendor\\laravel\\framework\\src\\Illuminate\\Pipeline\\Pipeline.php(208): Illuminate\\Foundation\\Http\\Middleware\\InvokeDeferredCallbacks->handle(Object(Illuminate\\Http\\Request), Object(Closure))
#57 D:\\praktikum_laravel\\laravelPraktikum\\vendor\\laravel\\framework\\src\\Illuminate\\Http\\Middleware\\ValidatePathEncoding.php(26): Illuminate\\Pipeline\\Pipeline->{closure:{closure:Illuminate\\Pipeline\\Pipeline::carry():183}:184}(Object(Illuminate\\Http\\Request))
#58 D:\\praktikum_laravel\\laravelPraktikum\\vendor\\laravel\\framework\\src\\Illuminate\\Pipeline\\Pipeline.php(208): Illuminate\\Http\\Middleware\\ValidatePathEncoding->handle(Object(Illuminate\\Http\\Request), Object(Closure))
#59 D:\\praktikum_laravel\\laravelPraktikum\\vendor\\laravel\\framework\\src\\Illuminate\\Pipeline\\Pipeline.php(126): Illuminate\\Pipeline\\Pipeline->{closure:{closure:Illuminate\\Pipeline\\Pipeline::carry():183}:184}(Object(Illuminate\\Http\\Request))
#60 D:\\praktikum_laravel\\laravelPraktikum\\vendor\\laravel\\framework\\src\\Illuminate\\Foundation\\Http\\Kernel.php(175): Illuminate\\Pipeline\\Pipeline->then(Object(Closure))
#61 D:\\praktikum_laravel\\laravelPraktikum\\vendor\\laravel\\framework\\src\\Illuminate\\Foundation\\Http\\Kernel.php(144): Illuminate\\Foundation\\Http\\Kernel->sendRequestThroughRouter(Object(Illuminate\\Http\\Request))
#62 D:\\praktikum_laravel\\laravelPraktikum\\vendor\\laravel\\framework\\src\\Illuminate\\Foundation\\Application.php(1219): Illuminate\\Foundation\\Http\\Kernel->handle(Object(Illuminate\\Http\\Request))
#63 D:\\praktikum_laravel\\laravelPraktikum\\public\\index.php(20): Illuminate\\Foundation\\Application->handleRequest(Object(Illuminate\\Http\\Request))
#64 D:\\praktikum_laravel\\laravelPraktikum\\vendor\\laravel\\framework\\src\\Illuminate\\Foundation\\resources\\server.php(23): require_once('D:\\\\praktikum_la...')
#65 {main}
"} 
[2025-05-22 03:08:40] local.ERROR: SQLSTATE[HY000] [2002] No connection could be made because the target machine actively refused it (Connection: mysql, SQL: select * from `sessions` where `id` = QljaMATF1T9RkDSy7Ar1sbUVtLmMFbLcYnRczMY2 limit 1) {"exception":"[object] (Illuminate\\Database\\QueryException(code: 2002): SQLSTATE[HY000] [2002] No connection could be made because the target machine actively refused it (Connection: mysql, SQL: select * from `sessions` where `id` = QljaMATF1T9RkDSy7Ar1sbUVtLmMFbLcYnRczMY2 limit 1) at D:\\praktikum_laravel\\laravelPraktikum\\vendor\\laravel\\framework\\src\\Illuminate\\Database\\Connection.php:822)
[stacktrace]
#0 D:\\praktikum_laravel\\laravelPraktikum\\vendor\\laravel\\framework\\src\\Illuminate\\Database\\Connection.php(976): Illuminate\\Database\\Connection->runQueryCallback('select * from `...', Array, Object(Closure))
#1 D:\\praktikum_laravel\\laravelPraktikum\\vendor\\laravel\\framework\\src\\Illuminate\\Database\\Connection.php(955): Illuminate\\Database\\Connection->tryAgainIfCausedByLostConnection(Object(Illuminate\\Database\\QueryException), 'select * from `...', Array, Object(Closure))
#2 D:\\praktikum_laravel\\laravelPraktikum\\vendor\\laravel\\framework\\src\\Illuminate\\Database\\Connection.php(778): Illuminate\\Database\\Connection->handleQueryException(Object(Illuminate\\Database\\QueryException), 'select * from `...', Array, Object(Closure))
#3 D:\\praktikum_laravel\\laravelPraktikum\\vendor\\laravel\\framework\\src\\Illuminate\\Database\\Connection.php(395): Illuminate\\Database\\Connection->run('select * from `...', Array, Object(Closure))
#4 D:\\praktikum_laravel\\laravelPraktikum\\vendor\\laravel\\framework\\src\\Illuminate\\Database\\Query\\Builder.php(3120): Illuminate\\Database\\Connection->select('select * from `...', Array, false)
#5 D:\\praktikum_laravel\\laravelPraktikum\\vendor\\laravel\\framework\\src\\Illuminate\\Database\\Query\\Builder.php(3105): Illuminate\\Database\\Query\\Builder->runSelect()
#6 D:\\praktikum_laravel\\laravelPraktikum\\vendor\\laravel\\framework\\src\\Illuminate\\Database\\Query\\Builder.php(3695): Illuminate\\Database\\Query\\Builder->{closure:Illuminate\\Database\\Query\\Builder::get():3104}()
#7 D:\\praktikum_laravel\\laravelPraktikum\\vendor\\laravel\\framework\\src\\Illuminate\\Database\\Query\\Builder.php(3104): Illuminate\\Database\\Query\\Builder->onceWithColumns(Array, Object(Closure))
#8 D:\\praktikum_laravel\\laravelPraktikum\\vendor\\laravel\\framework\\src\\Illuminate\\Database\\Concerns\\BuildsQueries.php(366): Illuminate\\Database\\Query\\Builder->get(Array)
#9 D:\\praktikum_laravel\\laravelPraktikum\\vendor\\laravel\\framework\\src\\Illuminate\\Database\\Query\\Builder.php(3027): Illuminate\\Database\\Query\\Builder->first(Array)
#10 D:\\praktikum_laravel\\laravelPraktikum\\vendor\\laravel\\framework\\src\\Illuminate\\Session\\DatabaseSessionHandler.php(96): Illuminate\\Database\\Query\\Builder->find('QljaMATF1T9RkDS...')
#11 D:\\praktikum_laravel\\laravelPraktikum\\vendor\\laravel\\framework\\src\\Illuminate\\Session\\Store.php(116): Illuminate\\Session\\DatabaseSessionHandler->read('QljaMATF1T9RkDS...')
#12 D:\\praktikum_laravel\\laravelPraktikum\\vendor\\laravel\\framework\\src\\Illuminate\\Session\\Store.php(104): Illuminate\\Session\\Store->readFromHandler()
#13 D:\\praktikum_laravel\\laravelPraktikum\\vendor\\laravel\\framework\\src\\Illuminate\\Session\\Store.php(88): Illuminate\\Session\\Store->loadSession()
#14 D:\\praktikum_laravel\\laravelPraktikum\\vendor\\laravel\\framework\\src\\Illuminate\\Session\\Middleware\\StartSession.php(146): Illuminate\\Session\\Store->start()
#15 D:\\praktikum_laravel\\laravelPraktikum\\vendor\\laravel\\framework\\src\\Illuminate\\Support\\helpers.php(399): Illuminate\\Session\\Middleware\\StartSession->{closure:Illuminate\\Session\\Middleware\\StartSession::startSession():143}(Object(Illuminate\\Session\\Store))
#16 D:\\praktikum_laravel\\laravelPraktikum\\vendor\\laravel\\framework\\src\\Illuminate\\Session\\Middleware\\StartSession.php(143): tap(Object(Illuminate\\Session\\Store), Object(Closure))
#17 D:\\praktikum_laravel\\laravelPraktikum\\vendor\\laravel\\framework\\src\\Illuminate\\Session\\Middleware\\StartSession.php(115): Illuminate\\Session\\Middleware\\StartSession->startSession(Object(Illuminate\\Http\\Request), Object(Illuminate\\Session\\Store))
#18 D:\\praktikum_laravel\\laravelPraktikum\\vendor\\laravel\\framework\\src\\Illuminate\\Session\\Middleware\\StartSession.php(63): Illuminate\\Session\\Middleware\\StartSession->handleStatefulRequest(Object(Illuminate\\Http\\Request), Object(Illuminate\\Session\\Store), Object(Closure))
#19 D:\\praktikum_laravel\\laravelPraktikum\\vendor\\laravel\\framework\\src\\Illuminate\\Pipeline\\Pipeline.php(208): Illuminate\\Session\\Middleware\\StartSession->handle(Object(Illuminate\\Http\\Request), Object(Closure))
#20 D:\\praktikum_laravel\\laravelPraktikum\\vendor\\laravel\\framework\\src\\Illuminate\\Cookie\\Middleware\\AddQueuedCookiesToResponse.php(36): Illuminate\\Pipeline\\Pipeline->{closure:{closure:Illuminate\\Pipeline\\Pipeline::carry():183}:184}(Object(Illuminate\\Http\\Request))
#21 D:\\praktikum_laravel\\laravelPraktikum\\vendor\\laravel\\framework\\src\\Illuminate\\Pipeline\\Pipeline.php(208): Illuminate\\Cookie\\Middleware\\AddQueuedCookiesToResponse->handle(Object(Illuminate\\Http\\Request), Object(Closure))
#22 D:\\praktikum_laravel\\laravelPraktikum\\vendor\\laravel\\framework\\src\\Illuminate\\Cookie\\Middleware\\EncryptCookies.php(74): Illuminate\\Pipeline\\Pipeline->{closure:{closure:Illuminate\\Pipeline\\Pipeline::carry():183}:184}(Object(Illuminate\\Http\\Request))
#23 D:\\praktikum_laravel\\laravelPraktikum\\vendor\\laravel\\framework\\src\\Illuminate\\Pipeline\\Pipeline.php(208): Illuminate\\Cookie\\Middleware\\EncryptCookies->handle(Object(Illuminate\\Http\\Request), Object(Closure))
#24 D:\\praktikum_laravel\\laravelPraktikum\\vendor\\laravel\\framework\\src\\Illuminate\\Pipeline\\Pipeline.php(126): Illuminate\\Pipeline\\Pipeline->{closure:{closure:Illuminate\\Pipeline\\Pipeline::carry():183}:184}(Object(Illuminate\\Http\\Request))
#25 D:\\praktikum_laravel\\laravelPraktikum\\vendor\\laravel\\framework\\src\\Illuminate\\Routing\\Router.php(807): Illuminate\\Pipeline\\Pipeline->then(Object(Closure))
#26 D:\\praktikum_laravel\\laravelPraktikum\\vendor\\laravel\\framework\\src\\Illuminate\\Routing\\Router.php(786): Illuminate\\Routing\\Router->runRouteWithinStack(Object(Illuminate\\Routing\\Route), Object(Illuminate\\Http\\Request))
#27 D:\\praktikum_laravel\\laravelPraktikum\\vendor\\laravel\\framework\\src\\Illuminate\\Routing\\Router.php(750): Illuminate\\Routing\\Router->runRoute(Object(Illuminate\\Http\\Request), Object(Illuminate\\Routing\\Route))
#28 D:\\praktikum_laravel\\laravelPraktikum\\vendor\\laravel\\framework\\src\\Illuminate\\Routing\\Router.php(739): Illuminate\\Routing\\Router->dispatchToRoute(Object(Illuminate\\Http\\Request))
#29 D:\\praktikum_laravel\\laravelPraktikum\\vendor\\laravel\\framework\\src\\Illuminate\\Foundation\\Http\\Kernel.php(200): Illuminate\\Routing\\Router->dispatch(Object(Illuminate\\Http\\Request))
#30 D:\\praktikum_laravel\\laravelPraktikum\\vendor\\laravel\\framework\\src\\Illuminate\\Pipeline\\Pipeline.php(169): Illuminate\\Foundation\\Http\\Kernel->{closure:Illuminate\\Foundation\\Http\\Kernel::dispatchToRouter():197}(Object(Illuminate\\Http\\Request))
#31 D:\\praktikum_laravel\\laravelPraktikum\\vendor\\laravel\\framework\\src\\Illuminate\\Foundation\\Http\\Middleware\\TransformsRequest.php(21): Illuminate\\Pipeline\\Pipeline->{closure:Illuminate\\Pipeline\\Pipeline::prepareDestination():167}(Object(Illuminate\\Http\\Request))
#32 D:\\praktikum_laravel\\laravelPraktikum\\vendor\\laravel\\framework\\src\\Illuminate\\Foundation\\Http\\Middleware\\ConvertEmptyStringsToNull.php(31): Illuminate\\Foundation\\Http\\Middleware\\TransformsRequest->handle(Object(Illuminate\\Http\\Request), Object(Closure))
#33 D:\\praktikum_laravel\\laravelPraktikum\\vendor\\laravel\\framework\\src\\Illuminate\\Pipeline\\Pipeline.php(208): Illuminate\\Foundation\\Http\\Middleware\\ConvertEmptyStringsToNull->handle(Object(Illuminate\\Http\\Request), Object(Closure))
#34 D:\\praktikum_laravel\\laravelPraktikum\\vendor\\laravel\\framework\\src\\Illuminate\\Foundation\\Http\\Middleware\\TransformsRequest.php(21): Illuminate\\Pipeline\\Pipeline->{closure:{closure:Illuminate\\Pipeline\\Pipeline::carry():183}:184}(Object(Illuminate\\Http\\Request))
#35 D:\\praktikum_laravel\\laravelPraktikum\\vendor\\laravel\\framework\\src\\Illuminate\\Foundation\\Http\\Middleware\\TrimStrings.php(51): Illuminate\\Foundation\\Http\\Middleware\\TransformsRequest->handle(Object(Illuminate\\Http\\Request), Object(Closure))
#36 D:\\praktikum_laravel\\laravelPraktikum\\vendor\\laravel\\framework\\src\\Illuminate\\Pipeline\\Pipeline.php(208): Illuminate\\Foundation\\Http\\Middleware\\TrimStrings->handle(Object(Illuminate\\Http\\Request), Object(Closure))
#37 D:\\praktikum_laravel\\laravelPraktikum\\vendor\\laravel\\framework\\src\\Illuminate\\Http\\Middleware\\ValidatePostSize.php(27): Illuminate\\Pipeline\\Pipeline->{closure:{closure:Illuminate\\Pipeline\\Pipeline::carry():183}:184}(Object(Illuminate\\Http\\Request))
#38 D:\\praktikum_laravel\\laravelPraktikum\\vendor\\laravel\\framework\\src\\Illuminate\\Pipeline\\Pipeline.php(208): Illuminate\\Http\\Middleware\\ValidatePostSize->handle(Object(Illuminate\\Http\\Request), Object(Closure))
#39 D:\\praktikum_laravel\\laravelPraktikum\\vendor\\laravel\\framework\\src\\Illuminate\\Foundation\\Http\\Middleware\\PreventRequestsDuringMaintenance.php(109): Illuminate\\Pipeline\\Pipeline->{closure:{closure:Illuminate\\Pipeline\\Pipeline::carry():183}:184}(Object(Illuminate\\Http\\Request))
#40 D:\\praktikum_laravel\\laravelPraktikum\\vendor\\laravel\\framework\\src\\Illuminate\\Pipeline\\Pipeline.php(208): Illuminate\\Foundation\\Http\\Middleware\\PreventRequestsDuringMaintenance->handle(Object(Illuminate\\Http\\Request), Object(Closure))
#41 D:\\praktikum_laravel\\laravelPraktikum\\vendor\\laravel\\framework\\src\\Illuminate\\Http\\Middleware\\HandleCors.php(48): Illuminate\\Pipeline\\Pipeline->{closure:{closure:Illuminate\\Pipeline\\Pipeline::carry():183}:184}(Object(Illuminate\\Http\\Request))
#42 D:\\praktikum_laravel\\laravelPraktikum\\vendor\\laravel\\framework\\src\\Illuminate\\Pipeline\\Pipeline.php(208): Illuminate\\Http\\Middleware\\HandleCors->handle(Object(Illuminate\\Http\\Request), Object(Closure))
#43 D:\\praktikum_laravel\\laravelPraktikum\\vendor\\laravel\\framework\\src\\Illuminate\\Http\\Middleware\\TrustProxies.php(58): Illuminate\\Pipeline\\Pipeline->{closure:{closure:Illuminate\\Pipeline\\Pipeline::carry():183}:184}(Object(Illuminate\\Http\\Request))
#44 D:\\praktikum_laravel\\laravelPraktikum\\vendor\\laravel\\framework\\src\\Illuminate\\Pipeline\\Pipeline.php(208): Illuminate\\Http\\Middleware\\TrustProxies->handle(Object(Illuminate\\Http\\Request), Object(Closure))
#45 D:\\praktikum_laravel\\laravelPraktikum\\vendor\\laravel\\framework\\src\\Illuminate\\Foundation\\Http\\Middleware\\InvokeDeferredCallbacks.php(22): Illuminate\\Pipeline\\Pipeline->{closure:{closure:Illuminate\\Pipeline\\Pipeline::carry():183}:184}(Object(Illuminate\\Http\\Request))
#46 D:\\praktikum_laravel\\laravelPraktikum\\vendor\\laravel\\framework\\src\\Illuminate\\Pipeline\\Pipeline.php(208): Illuminate\\Foundation\\Http\\Middleware\\InvokeDeferredCallbacks->handle(Object(Illuminate\\Http\\Request), Object(Closure))
#47 D:\\praktikum_laravel\\laravelPraktikum\\vendor\\laravel\\framework\\src\\Illuminate\\Http\\Middleware\\ValidatePathEncoding.php(26): Illuminate\\Pipeline\\Pipeline->{closure:{closure:Illuminate\\Pipeline\\Pipeline::carry():183}:184}(Object(Illuminate\\Http\\Request))
#48 D:\\praktikum_laravel\\laravelPraktikum\\vendor\\laravel\\framework\\src\\Illuminate\\Pipeline\\Pipeline.php(208): Illuminate\\Http\\Middleware\\ValidatePathEncoding->handle(Object(Illuminate\\Http\\Request), Object(Closure))
#49 D:\\praktikum_laravel\\laravelPraktikum\\vendor\\laravel\\framework\\src\\Illuminate\\Pipeline\\Pipeline.php(126): Illuminate\\Pipeline\\Pipeline->{closure:{closure:Illuminate\\Pipeline\\Pipeline::carry():183}:184}(Object(Illuminate\\Http\\Request))
#50 D:\\praktikum_laravel\\laravelPraktikum\\vendor\\laravel\\framework\\src\\Illuminate\\Foundation\\Http\\Kernel.php(175): Illuminate\\Pipeline\\Pipeline->then(Object(Closure))
#51 D:\\praktikum_laravel\\laravelPraktikum\\vendor\\laravel\\framework\\src\\Illuminate\\Foundation\\Http\\Kernel.php(144): Illuminate\\Foundation\\Http\\Kernel->sendRequestThroughRouter(Object(Illuminate\\Http\\Request))
#52 D:\\praktikum_laravel\\laravelPraktikum\\vendor\\laravel\\framework\\src\\Illuminate\\Foundation\\Application.php(1219): Illuminate\\Foundation\\Http\\Kernel->handle(Object(Illuminate\\Http\\Request))
#53 D:\\praktikum_laravel\\laravelPraktikum\\public\\index.php(20): Illuminate\\Foundation\\Application->handleRequest(Object(Illuminate\\Http\\Request))
#54 D:\\praktikum_laravel\\laravelPraktikum\\vendor\\laravel\\framework\\src\\Illuminate\\Foundation\\resources\\server.php(23): require_once('D:\\\\praktikum_la...')
#55 {main}

[previous exception] [object] (PDOException(code: 2002): SQLSTATE[HY000] [2002] No connection could be made because the target machine actively refused it at D:\\praktikum_laravel\\laravelPraktikum\\vendor\\laravel\\framework\\src\\Illuminate\\Database\\Connectors\\Connector.php:67)
[stacktrace]
#0 D:\\praktikum_laravel\\laravelPraktikum\\vendor\\laravel\\framework\\src\\Illuminate\\Database\\Connectors\\Connector.php(67): PDO::connect('mysql:host=127....', 'root', Object(SensitiveParameterValue), Array)
#1 D:\\praktikum_laravel\\laravelPraktikum\\vendor\\laravel\\framework\\src\\Illuminate\\Database\\Connectors\\Connector.php(85): Illuminate\\Database\\Connectors\\Connector->createPdoConnection('mysql:host=127....', 'root', Object(SensitiveParameterValue), Array)
#2 D:\\praktikum_laravel\\laravelPraktikum\\vendor\\laravel\\framework\\src\\Illuminate\\Database\\Connectors\\Connector.php(48): Illuminate\\Database\\Connectors\\Connector->tryAgainIfCausedByLostConnection(Object(PDOException), 'mysql:host=127....', 'root', Object(SensitiveParameterValue), Array)
#3 D:\\praktikum_laravel\\laravelPraktikum\\vendor\\laravel\\framework\\src\\Illuminate\\Database\\Connectors\\MySqlConnector.php(24): Illuminate\\Database\\Connectors\\Connector->createConnection('mysql:host=127....', Array, Array)
#4 D:\\praktikum_laravel\\laravelPraktikum\\vendor\\laravel\\framework\\src\\Illuminate\\Database\\Connectors\\ConnectionFactory.php(184): Illuminate\\Database\\Connectors\\MySqlConnector->connect(Array)
#5 [internal function]: Illuminate\\Database\\Connectors\\ConnectionFactory->{closure:Illuminate\\Database\\Connectors\\ConnectionFactory::createPdoResolverWithHosts():179}()
#6 D:\\praktikum_laravel\\laravelPraktikum\\vendor\\laravel\\framework\\src\\Illuminate\\Database\\Connection.php(1228): call_user_func(Object(Closure))
#7 D:\\praktikum_laravel\\laravelPraktikum\\vendor\\laravel\\framework\\src\\Illuminate\\Database\\Connection.php(509): Illuminate\\Database\\Connection->getPdo()
#8 D:\\praktikum_laravel\\laravelPraktikum\\vendor\\laravel\\framework\\src\\Illuminate\\Database\\Connection.php(404): Illuminate\\Database\\Connection->getPdoForSelect(false)
#9 D:\\praktikum_laravel\\laravelPraktikum\\vendor\\laravel\\framework\\src\\Illuminate\\Database\\Connection.php(809): Illuminate\\Database\\Connection->{closure:Illuminate\\Database\\Connection::select():395}('select * from `...', Array)
#10 D:\\praktikum_laravel\\laravelPraktikum\\vendor\\laravel\\framework\\src\\Illuminate\\Database\\Connection.php(976): Illuminate\\Database\\Connection->runQueryCallback('select * from `...', Array, Object(Closure))
#11 D:\\praktikum_laravel\\laravelPraktikum\\vendor\\laravel\\framework\\src\\Illuminate\\Database\\Connection.php(955): Illuminate\\Database\\Connection->tryAgainIfCausedByLostConnection(Object(Illuminate\\Database\\QueryException), 'select * from `...', Array, Object(Closure))
#12 D:\\praktikum_laravel\\laravelPraktikum\\vendor\\laravel\\framework\\src\\Illuminate\\Database\\Connection.php(778): Illuminate\\Database\\Connection->handleQueryException(Object(Illuminate\\Database\\QueryException), 'select * from `...', Array, Object(Closure))
#13 D:\\praktikum_laravel\\laravelPraktikum\\vendor\\laravel\\framework\\src\\Illuminate\\Database\\Connection.php(395): Illuminate\\Database\\Connection->run('select * from `...', Array, Object(Closure))
#14 D:\\praktikum_laravel\\laravelPraktikum\\vendor\\laravel\\framework\\src\\Illuminate\\Database\\Query\\Builder.php(3120): Illuminate\\Database\\Connection->select('select * from `...', Array, false)
#15 D:\\praktikum_laravel\\laravelPraktikum\\vendor\\laravel\\framework\\src\\Illuminate\\Database\\Query\\Builder.php(3105): Illuminate\\Database\\Query\\Builder->runSelect()
#16 D:\\praktikum_laravel\\laravelPraktikum\\vendor\\laravel\\framework\\src\\Illuminate\\Database\\Query\\Builder.php(3695): Illuminate\\Database\\Query\\Builder->{closure:Illuminate\\Database\\Query\\Builder::get():3104}()
#17 D:\\praktikum_laravel\\laravelPraktikum\\vendor\\laravel\\framework\\src\\Illuminate\\Database\\Query\\Builder.php(3104): Illuminate\\Database\\Query\\Builder->onceWithColumns(Array, Object(Closure))
#18 D:\\praktikum_laravel\\laravelPraktikum\\vendor\\laravel\\framework\\src\\Illuminate\\Database\\Concerns\\BuildsQueries.php(366): Illuminate\\Database\\Query\\Builder->get(Array)
#19 D:\\praktikum_laravel\\laravelPraktikum\\vendor\\laravel\\framework\\src\\Illuminate\\Database\\Query\\Builder.php(3027): Illuminate\\Database\\Query\\Builder->first(Array)
#20 D:\\praktikum_laravel\\laravelPraktikum\\vendor\\laravel\\framework\\src\\Illuminate\\Session\\DatabaseSessionHandler.php(96): Illuminate\\Database\\Query\\Builder->find('QljaMATF1T9RkDS...')
#21 D:\\praktikum_laravel\\laravelPraktikum\\vendor\\laravel\\framework\\src\\Illuminate\\Session\\Store.php(116): Illuminate\\Session\\DatabaseSessionHandler->read('QljaMATF1T9RkDS...')
#22 D:\\praktikum_laravel\\laravelPraktikum\\vendor\\laravel\\framework\\src\\Illuminate\\Session\\Store.php(104): Illuminate\\Session\\Store->readFromHandler()
#23 D:\\praktikum_laravel\\laravelPraktikum\\vendor\\laravel\\framework\\src\\Illuminate\\Session\\Store.php(88): Illuminate\\Session\\Store->loadSession()
#24 D:\\praktikum_laravel\\laravelPraktikum\\vendor\\laravel\\framework\\src\\Illuminate\\Session\\Middleware\\StartSession.php(146): Illuminate\\Session\\Store->start()
#25 D:\\praktikum_laravel\\laravelPraktikum\\vendor\\laravel\\framework\\src\\Illuminate\\Support\\helpers.php(399): Illuminate\\Session\\Middleware\\StartSession->{closure:Illuminate\\Session\\Middleware\\StartSession::startSession():143}(Object(Illuminate\\Session\\Store))
#26 D:\\praktikum_laravel\\laravelPraktikum\\vendor\\laravel\\framework\\src\\Illuminate\\Session\\Middleware\\StartSession.php(143): tap(Object(Illuminate\\Session\\Store), Object(Closure))
#27 D:\\praktikum_laravel\\laravelPraktikum\\vendor\\laravel\\framework\\src\\Illuminate\\Session\\Middleware\\StartSession.php(115): Illuminate\\Session\\Middleware\\StartSession->startSession(Object(Illuminate\\Http\\Request), Object(Illuminate\\Session\\Store))
#28 D:\\praktikum_laravel\\laravelPraktikum\\vendor\\laravel\\framework\\src\\Illuminate\\Session\\Middleware\\StartSession.php(63): Illuminate\\Session\\Middleware\\StartSession->handleStatefulRequest(Object(Illuminate\\Http\\Request), Object(Illuminate\\Session\\Store), Object(Closure))
#29 D:\\praktikum_laravel\\laravelPraktikum\\vendor\\laravel\\framework\\src\\Illuminate\\Pipeline\\Pipeline.php(208): Illuminate\\Session\\Middleware\\StartSession->handle(Object(Illuminate\\Http\\Request), Object(Closure))
#30 D:\\praktikum_laravel\\laravelPraktikum\\vendor\\laravel\\framework\\src\\Illuminate\\Cookie\\Middleware\\AddQueuedCookiesToResponse.php(36): Illuminate\\Pipeline\\Pipeline->{closure:{closure:Illuminate\\Pipeline\\Pipeline::carry():183}:184}(Object(Illuminate\\Http\\Request))
#31 D:\\praktikum_laravel\\laravelPraktikum\\vendor\\laravel\\framework\\src\\Illuminate\\Pipeline\\Pipeline.php(208): Illuminate\\Cookie\\Middleware\\AddQueuedCookiesToResponse->handle(Object(Illuminate\\Http\\Request), Object(Closure))
#32 D:\\praktikum_laravel\\laravelPraktikum\\vendor\\laravel\\framework\\src\\Illuminate\\Cookie\\Middleware\\EncryptCookies.php(74): Illuminate\\Pipeline\\Pipeline->{closure:{closure:Illuminate\\Pipeline\\Pipeline::carry():183}:184}(Object(Illuminate\\Http\\Request))
#33 D:\\praktikum_laravel\\laravelPraktikum\\vendor\\laravel\\framework\\src\\Illuminate\\Pipeline\\Pipeline.php(208): Illuminate\\Cookie\\Middleware\\EncryptCookies->handle(Object(Illuminate\\Http\\Request), Object(Closure))
#34 D:\\praktikum_laravel\\laravelPraktikum\\vendor\\laravel\\framework\\src\\Illuminate\\Pipeline\\Pipeline.php(126): Illuminate\\Pipeline\\Pipeline->{closure:{closure:Illuminate\\Pipeline\\Pipeline::carry():183}:184}(Object(Illuminate\\Http\\Request))
#35 D:\\praktikum_laravel\\laravelPraktikum\\vendor\\laravel\\framework\\src\\Illuminate\\Routing\\Router.php(807): Illuminate\\Pipeline\\Pipeline->then(Object(Closure))
#36 D:\\praktikum_laravel\\laravelPraktikum\\vendor\\laravel\\framework\\src\\Illuminate\\Routing\\Router.php(786): Illuminate\\Routing\\Router->runRouteWithinStack(Object(Illuminate\\Routing\\Route), Object(Illuminate\\Http\\Request))
#37 D:\\praktikum_laravel\\laravelPraktikum\\vendor\\laravel\\framework\\src\\Illuminate\\Routing\\Router.php(750): Illuminate\\Routing\\Router->runRoute(Object(Illuminate\\Http\\Request), Object(Illuminate\\Routing\\Route))
#38 D:\\praktikum_laravel\\laravelPraktikum\\vendor\\laravel\\framework\\src\\Illuminate\\Routing\\Router.php(739): Illuminate\\Routing\\Router->dispatchToRoute(Object(Illuminate\\Http\\Request))
#39 D:\\praktikum_laravel\\laravelPraktikum\\vendor\\laravel\\framework\\src\\Illuminate\\Foundation\\Http\\Kernel.php(200): Illuminate\\Routing\\Router->dispatch(Object(Illuminate\\Http\\Request))
#40 D:\\praktikum_laravel\\laravelPraktikum\\vendor\\laravel\\framework\\src\\Illuminate\\Pipeline\\Pipeline.php(169): Illuminate\\Foundation\\Http\\Kernel->{closure:Illuminate\\Foundation\\Http\\Kernel::dispatchToRouter():197}(Object(Illuminate\\Http\\Request))
#41 D:\\praktikum_laravel\\laravelPraktikum\\vendor\\laravel\\framework\\src\\Illuminate\\Foundation\\Http\\Middleware\\TransformsRequest.php(21): Illuminate\\Pipeline\\Pipeline->{closure:Illuminate\\Pipeline\\Pipeline::prepareDestination():167}(Object(Illuminate\\Http\\Request))
#42 D:\\praktikum_laravel\\laravelPraktikum\\vendor\\laravel\\framework\\src\\Illuminate\\Foundation\\Http\\Middleware\\ConvertEmptyStringsToNull.php(31): Illuminate\\Foundation\\Http\\Middleware\\TransformsRequest->handle(Object(Illuminate\\Http\\Request), Object(Closure))
#43 D:\\praktikum_laravel\\laravelPraktikum\\vendor\\laravel\\framework\\src\\Illuminate\\Pipeline\\Pipeline.php(208): Illuminate\\Foundation\\Http\\Middleware\\ConvertEmptyStringsToNull->handle(Object(Illuminate\\Http\\Request), Object(Closure))
#44 D:\\praktikum_laravel\\laravelPraktikum\\vendor\\laravel\\framework\\src\\Illuminate\\Foundation\\Http\\Middleware\\TransformsRequest.php(21): Illuminate\\Pipeline\\Pipeline->{closure:{closure:Illuminate\\Pipeline\\Pipeline::carry():183}:184}(Object(Illuminate\\Http\\Request))
#45 D:\\praktikum_laravel\\laravelPraktikum\\vendor\\laravel\\framework\\src\\Illuminate\\Foundation\\Http\\Middleware\\TrimStrings.php(51): Illuminate\\Foundation\\Http\\Middleware\\TransformsRequest->handle(Object(Illuminate\\Http\\Request), Object(Closure))
#46 D:\\praktikum_laravel\\laravelPraktikum\\vendor\\laravel\\framework\\src\\Illuminate\\Pipeline\\Pipeline.php(208): Illuminate\\Foundation\\Http\\Middleware\\TrimStrings->handle(Object(Illuminate\\Http\\Request), Object(Closure))
#47 D:\\praktikum_laravel\\laravelPraktikum\\vendor\\laravel\\framework\\src\\Illuminate\\Http\\Middleware\\ValidatePostSize.php(27): Illuminate\\Pipeline\\Pipeline->{closure:{closure:Illuminate\\Pipeline\\Pipeline::carry():183}:184}(Object(Illuminate\\Http\\Request))
#48 D:\\praktikum_laravel\\laravelPraktikum\\vendor\\laravel\\framework\\src\\Illuminate\\Pipeline\\Pipeline.php(208): Illuminate\\Http\\Middleware\\ValidatePostSize->handle(Object(Illuminate\\Http\\Request), Object(Closure))
#49 D:\\praktikum_laravel\\laravelPraktikum\\vendor\\laravel\\framework\\src\\Illuminate\\Foundation\\Http\\Middleware\\PreventRequestsDuringMaintenance.php(109): Illuminate\\Pipeline\\Pipeline->{closure:{closure:Illuminate\\Pipeline\\Pipeline::carry():183}:184}(Object(Illuminate\\Http\\Request))
#50 D:\\praktikum_laravel\\laravelPraktikum\\vendor\\laravel\\framework\\src\\Illuminate\\Pipeline\\Pipeline.php(208): Illuminate\\Foundation\\Http\\Middleware\\PreventRequestsDuringMaintenance->handle(Object(Illuminate\\Http\\Request), Object(Closure))
#51 D:\\praktikum_laravel\\laravelPraktikum\\vendor\\laravel\\framework\\src\\Illuminate\\Http\\Middleware\\HandleCors.php(48): Illuminate\\Pipeline\\Pipeline->{closure:{closure:Illuminate\\Pipeline\\Pipeline::carry():183}:184}(Object(Illuminate\\Http\\Request))
#52 D:\\praktikum_laravel\\laravelPraktikum\\vendor\\laravel\\framework\\src\\Illuminate\\Pipeline\\Pipeline.php(208): Illuminate\\Http\\Middleware\\HandleCors->handle(Object(Illuminate\\Http\\Request), Object(Closure))
#53 D:\\praktikum_laravel\\laravelPraktikum\\vendor\\laravel\\framework\\src\\Illuminate\\Http\\Middleware\\TrustProxies.php(58): Illuminate\\Pipeline\\Pipeline->{closure:{closure:Illuminate\\Pipeline\\Pipeline::carry():183}:184}(Object(Illuminate\\Http\\Request))
#54 D:\\praktikum_laravel\\laravelPraktikum\\vendor\\laravel\\framework\\src\\Illuminate\\Pipeline\\Pipeline.php(208): Illuminate\\Http\\Middleware\\TrustProxies->handle(Object(Illuminate\\Http\\Request), Object(Closure))
#55 D:\\praktikum_laravel\\laravelPraktikum\\vendor\\laravel\\framework\\src\\Illuminate\\Foundation\\Http\\Middleware\\InvokeDeferredCallbacks.php(22): Illuminate\\Pipeline\\Pipeline->{closure:{closure:Illuminate\\Pipeline\\Pipeline::carry():183}:184}(Object(Illuminate\\Http\\Request))
#56 D:\\praktikum_laravel\\laravelPraktikum\\vendor\\laravel\\framework\\src\\Illuminate\\Pipeline\\Pipeline.php(208): Illuminate\\Foundation\\Http\\Middleware\\InvokeDeferredCallbacks->handle(Object(Illuminate\\Http\\Request), Object(Closure))
#57 D:\\praktikum_laravel\\laravelPraktikum\\vendor\\laravel\\framework\\src\\Illuminate\\Http\\Middleware\\ValidatePathEncoding.php(26): Illuminate\\Pipeline\\Pipeline->{closure:{closure:Illuminate\\Pipeline\\Pipeline::carry():183}:184}(Object(Illuminate\\Http\\Request))
#58 D:\\praktikum_laravel\\laravelPraktikum\\vendor\\laravel\\framework\\src\\Illuminate\\Pipeline\\Pipeline.php(208): Illuminate\\Http\\Middleware\\ValidatePathEncoding->handle(Object(Illuminate\\Http\\Request), Object(Closure))
#59 D:\\praktikum_laravel\\laravelPraktikum\\vendor\\laravel\\framework\\src\\Illuminate\\Pipeline\\Pipeline.php(126): Illuminate\\Pipeline\\Pipeline->{closure:{closure:Illuminate\\Pipeline\\Pipeline::carry():183}:184}(Object(Illuminate\\Http\\Request))
#60 D:\\praktikum_laravel\\laravelPraktikum\\vendor\\laravel\\framework\\src\\Illuminate\\Foundation\\Http\\Kernel.php(175): Illuminate\\Pipeline\\Pipeline->then(Object(Closure))
#61 D:\\praktikum_laravel\\laravelPraktikum\\vendor\\laravel\\framework\\src\\Illuminate\\Foundation\\Http\\Kernel.php(144): Illuminate\\Foundation\\Http\\Kernel->sendRequestThroughRouter(Object(Illuminate\\Http\\Request))
#62 D:\\praktikum_laravel\\laravelPraktikum\\vendor\\laravel\\framework\\src\\Illuminate\\Foundation\\Application.php(1219): Illuminate\\Foundation\\Http\\Kernel->handle(Object(Illuminate\\Http\\Request))
#63 D:\\praktikum_laravel\\laravelPraktikum\\public\\index.php(20): Illuminate\\Foundation\\Application->handleRequest(Object(Illuminate\\Http\\Request))
#64 D:\\praktikum_laravel\\laravelPraktikum\\vendor\\laravel\\framework\\src\\Illuminate\\Foundation\\resources\\server.php(23): require_once('D:\\\\praktikum_la...')
#65 {main}
"} 
[2025-05-22 03:08:53] local.ERROR: SQLSTATE[HY000] [2002] No connection could be made because the target machine actively refused it (Connection: mysql, SQL: select * from `sessions` where `id` = YrM4V3WnetoQwquy10SUyfkcNZ0fFG6ZXsNRTLef limit 1) {"exception":"[object] (Illuminate\\Database\\QueryException(code: 2002): SQLSTATE[HY000] [2002] No connection could be made because the target machine actively refused it (Connection: mysql, SQL: select * from `sessions` where `id` = YrM4V3WnetoQwquy10SUyfkcNZ0fFG6ZXsNRTLef limit 1) at D:\\praktikum_laravel\\laravelPraktikum\\vendor\\laravel\\framework\\src\\Illuminate\\Database\\Connection.php:822)
[stacktrace]
#0 D:\\praktikum_laravel\\laravelPraktikum\\vendor\\laravel\\framework\\src\\Illuminate\\Database\\Connection.php(976): Illuminate\\Database\\Connection->runQueryCallback('select * from `...', Array, Object(Closure))
#1 D:\\praktikum_laravel\\laravelPraktikum\\vendor\\laravel\\framework\\src\\Illuminate\\Database\\Connection.php(955): Illuminate\\Database\\Connection->tryAgainIfCausedByLostConnection(Object(Illuminate\\Database\\QueryException), 'select * from `...', Array, Object(Closure))
#2 D:\\praktikum_laravel\\laravelPraktikum\\vendor\\laravel\\framework\\src\\Illuminate\\Database\\Connection.php(778): Illuminate\\Database\\Connection->handleQueryException(Object(Illuminate\\Database\\QueryException), 'select * from `...', Array, Object(Closure))
#3 D:\\praktikum_laravel\\laravelPraktikum\\vendor\\laravel\\framework\\src\\Illuminate\\Database\\Connection.php(395): Illuminate\\Database\\Connection->run('select * from `...', Array, Object(Closure))
#4 D:\\praktikum_laravel\\laravelPraktikum\\vendor\\laravel\\framework\\src\\Illuminate\\Database\\Query\\Builder.php(3120): Illuminate\\Database\\Connection->select('select * from `...', Array, false)
#5 D:\\praktikum_laravel\\laravelPraktikum\\vendor\\laravel\\framework\\src\\Illuminate\\Database\\Query\\Builder.php(3105): Illuminate\\Database\\Query\\Builder->runSelect()
#6 D:\\praktikum_laravel\\laravelPraktikum\\vendor\\laravel\\framework\\src\\Illuminate\\Database\\Query\\Builder.php(3695): Illuminate\\Database\\Query\\Builder->{closure:Illuminate\\Database\\Query\\Builder::get():3104}()
#7 D:\\praktikum_laravel\\laravelPraktikum\\vendor\\laravel\\framework\\src\\Illuminate\\Database\\Query\\Builder.php(3104): Illuminate\\Database\\Query\\Builder->onceWithColumns(Array, Object(Closure))
#8 D:\\praktikum_laravel\\laravelPraktikum\\vendor\\laravel\\framework\\src\\Illuminate\\Database\\Concerns\\BuildsQueries.php(366): Illuminate\\Database\\Query\\Builder->get(Array)
#9 D:\\praktikum_laravel\\laravelPraktikum\\vendor\\laravel\\framework\\src\\Illuminate\\Database\\Query\\Builder.php(3027): Illuminate\\Database\\Query\\Builder->first(Array)
#10 D:\\praktikum_laravel\\laravelPraktikum\\vendor\\laravel\\framework\\src\\Illuminate\\Session\\DatabaseSessionHandler.php(96): Illuminate\\Database\\Query\\Builder->find('YrM4V3WnetoQwqu...')
#11 D:\\praktikum_laravel\\laravelPraktikum\\vendor\\laravel\\framework\\src\\Illuminate\\Session\\Store.php(116): Illuminate\\Session\\DatabaseSessionHandler->read('YrM4V3WnetoQwqu...')
#12 D:\\praktikum_laravel\\laravelPraktikum\\vendor\\laravel\\framework\\src\\Illuminate\\Session\\Store.php(104): Illuminate\\Session\\Store->readFromHandler()
#13 D:\\praktikum_laravel\\laravelPraktikum\\vendor\\laravel\\framework\\src\\Illuminate\\Session\\Store.php(88): Illuminate\\Session\\Store->loadSession()
#14 D:\\praktikum_laravel\\laravelPraktikum\\vendor\\laravel\\framework\\src\\Illuminate\\Session\\Middleware\\StartSession.php(146): Illuminate\\Session\\Store->start()
#15 D:\\praktikum_laravel\\laravelPraktikum\\vendor\\laravel\\framework\\src\\Illuminate\\Support\\helpers.php(399): Illuminate\\Session\\Middleware\\StartSession->{closure:Illuminate\\Session\\Middleware\\StartSession::startSession():143}(Object(Illuminate\\Session\\Store))
#16 D:\\praktikum_laravel\\laravelPraktikum\\vendor\\laravel\\framework\\src\\Illuminate\\Session\\Middleware\\StartSession.php(143): tap(Object(Illuminate\\Session\\Store), Object(Closure))
#17 D:\\praktikum_laravel\\laravelPraktikum\\vendor\\laravel\\framework\\src\\Illuminate\\Session\\Middleware\\StartSession.php(115): Illuminate\\Session\\Middleware\\StartSession->startSession(Object(Illuminate\\Http\\Request), Object(Illuminate\\Session\\Store))
#18 D:\\praktikum_laravel\\laravelPraktikum\\vendor\\laravel\\framework\\src\\Illuminate\\Session\\Middleware\\StartSession.php(63): Illuminate\\Session\\Middleware\\StartSession->handleStatefulRequest(Object(Illuminate\\Http\\Request), Object(Illuminate\\Session\\Store), Object(Closure))
#19 D:\\praktikum_laravel\\laravelPraktikum\\vendor\\laravel\\framework\\src\\Illuminate\\Pipeline\\Pipeline.php(208): Illuminate\\Session\\Middleware\\StartSession->handle(Object(Illuminate\\Http\\Request), Object(Closure))
#20 D:\\praktikum_laravel\\laravelPraktikum\\vendor\\laravel\\framework\\src\\Illuminate\\Cookie\\Middleware\\AddQueuedCookiesToResponse.php(36): Illuminate\\Pipeline\\Pipeline->{closure:{closure:Illuminate\\Pipeline\\Pipeline::carry():183}:184}(Object(Illuminate\\Http\\Request))
#21 D:\\praktikum_laravel\\laravelPraktikum\\vendor\\laravel\\framework\\src\\Illuminate\\Pipeline\\Pipeline.php(208): Illuminate\\Cookie\\Middleware\\AddQueuedCookiesToResponse->handle(Object(Illuminate\\Http\\Request), Object(Closure))
#22 D:\\praktikum_laravel\\laravelPraktikum\\vendor\\laravel\\framework\\src\\Illuminate\\Cookie\\Middleware\\EncryptCookies.php(74): Illuminate\\Pipeline\\Pipeline->{closure:{closure:Illuminate\\Pipeline\\Pipeline::carry():183}:184}(Object(Illuminate\\Http\\Request))
#23 D:\\praktikum_laravel\\laravelPraktikum\\vendor\\laravel\\framework\\src\\Illuminate\\Pipeline\\Pipeline.php(208): Illuminate\\Cookie\\Middleware\\EncryptCookies->handle(Object(Illuminate\\Http\\Request), Object(Closure))
#24 D:\\praktikum_laravel\\laravelPraktikum\\vendor\\laravel\\framework\\src\\Illuminate\\Pipeline\\Pipeline.php(126): Illuminate\\Pipeline\\Pipeline->{closure:{closure:Illuminate\\Pipeline\\Pipeline::carry():183}:184}(Object(Illuminate\\Http\\Request))
#25 D:\\praktikum_laravel\\laravelPraktikum\\vendor\\laravel\\framework\\src\\Illuminate\\Routing\\Router.php(807): Illuminate\\Pipeline\\Pipeline->then(Object(Closure))
#26 D:\\praktikum_laravel\\laravelPraktikum\\vendor\\laravel\\framework\\src\\Illuminate\\Routing\\Router.php(786): Illuminate\\Routing\\Router->runRouteWithinStack(Object(Illuminate\\Routing\\Route), Object(Illuminate\\Http\\Request))
#27 D:\\praktikum_laravel\\laravelPraktikum\\vendor\\laravel\\framework\\src\\Illuminate\\Routing\\Router.php(750): Illuminate\\Routing\\Router->runRoute(Object(Illuminate\\Http\\Request), Object(Illuminate\\Routing\\Route))
#28 D:\\praktikum_laravel\\laravelPraktikum\\vendor\\laravel\\framework\\src\\Illuminate\\Routing\\Router.php(739): Illuminate\\Routing\\Router->dispatchToRoute(Object(Illuminate\\Http\\Request))
#29 D:\\praktikum_laravel\\laravelPraktikum\\vendor\\laravel\\framework\\src\\Illuminate\\Foundation\\Http\\Kernel.php(200): Illuminate\\Routing\\Router->dispatch(Object(Illuminate\\Http\\Request))
#30 D:\\praktikum_laravel\\laravelPraktikum\\vendor\\laravel\\framework\\src\\Illuminate\\Pipeline\\Pipeline.php(169): Illuminate\\Foundation\\Http\\Kernel->{closure:Illuminate\\Foundation\\Http\\Kernel::dispatchToRouter():197}(Object(Illuminate\\Http\\Request))
#31 D:\\praktikum_laravel\\laravelPraktikum\\vendor\\laravel\\framework\\src\\Illuminate\\Foundation\\Http\\Middleware\\TransformsRequest.php(21): Illuminate\\Pipeline\\Pipeline->{closure:Illuminate\\Pipeline\\Pipeline::prepareDestination():167}(Object(Illuminate\\Http\\Request))
#32 D:\\praktikum_laravel\\laravelPraktikum\\vendor\\laravel\\framework\\src\\Illuminate\\Foundation\\Http\\Middleware\\ConvertEmptyStringsToNull.php(31): Illuminate\\Foundation\\Http\\Middleware\\TransformsRequest->handle(Object(Illuminate\\Http\\Request), Object(Closure))
#33 D:\\praktikum_laravel\\laravelPraktikum\\vendor\\laravel\\framework\\src\\Illuminate\\Pipeline\\Pipeline.php(208): Illuminate\\Foundation\\Http\\Middleware\\ConvertEmptyStringsToNull->handle(Object(Illuminate\\Http\\Request), Object(Closure))
#34 D:\\praktikum_laravel\\laravelPraktikum\\vendor\\laravel\\framework\\src\\Illuminate\\Foundation\\Http\\Middleware\\TransformsRequest.php(21): Illuminate\\Pipeline\\Pipeline->{closure:{closure:Illuminate\\Pipeline\\Pipeline::carry():183}:184}(Object(Illuminate\\Http\\Request))
#35 D:\\praktikum_laravel\\laravelPraktikum\\vendor\\laravel\\framework\\src\\Illuminate\\Foundation\\Http\\Middleware\\TrimStrings.php(51): Illuminate\\Foundation\\Http\\Middleware\\TransformsRequest->handle(Object(Illuminate\\Http\\Request), Object(Closure))
#36 D:\\praktikum_laravel\\laravelPraktikum\\vendor\\laravel\\framework\\src\\Illuminate\\Pipeline\\Pipeline.php(208): Illuminate\\Foundation\\Http\\Middleware\\TrimStrings->handle(Object(Illuminate\\Http\\Request), Object(Closure))
#37 D:\\praktikum_laravel\\laravelPraktikum\\vendor\\laravel\\framework\\src\\Illuminate\\Http\\Middleware\\ValidatePostSize.php(27): Illuminate\\Pipeline\\Pipeline->{closure:{closure:Illuminate\\Pipeline\\Pipeline::carry():183}:184}(Object(Illuminate\\Http\\Request))
#38 D:\\praktikum_laravel\\laravelPraktikum\\vendor\\laravel\\framework\\src\\Illuminate\\Pipeline\\Pipeline.php(208): Illuminate\\Http\\Middleware\\ValidatePostSize->handle(Object(Illuminate\\Http\\Request), Object(Closure))
#39 D:\\praktikum_laravel\\laravelPraktikum\\vendor\\laravel\\framework\\src\\Illuminate\\Foundation\\Http\\Middleware\\PreventRequestsDuringMaintenance.php(109): Illuminate\\Pipeline\\Pipeline->{closure:{closure:Illuminate\\Pipeline\\Pipeline::carry():183}:184}(Object(Illuminate\\Http\\Request))
#40 D:\\praktikum_laravel\\laravelPraktikum\\vendor\\laravel\\framework\\src\\Illuminate\\Pipeline\\Pipeline.php(208): Illuminate\\Foundation\\Http\\Middleware\\PreventRequestsDuringMaintenance->handle(Object(Illuminate\\Http\\Request), Object(Closure))
#41 D:\\praktikum_laravel\\laravelPraktikum\\vendor\\laravel\\framework\\src\\Illuminate\\Http\\Middleware\\HandleCors.php(48): Illuminate\\Pipeline\\Pipeline->{closure:{closure:Illuminate\\Pipeline\\Pipeline::carry():183}:184}(Object(Illuminate\\Http\\Request))
#42 D:\\praktikum_laravel\\laravelPraktikum\\vendor\\laravel\\framework\\src\\Illuminate\\Pipeline\\Pipeline.php(208): Illuminate\\Http\\Middleware\\HandleCors->handle(Object(Illuminate\\Http\\Request), Object(Closure))
#43 D:\\praktikum_laravel\\laravelPraktikum\\vendor\\laravel\\framework\\src\\Illuminate\\Http\\Middleware\\TrustProxies.php(58): Illuminate\\Pipeline\\Pipeline->{closure:{closure:Illuminate\\Pipeline\\Pipeline::carry():183}:184}(Object(Illuminate\\Http\\Request))
#44 D:\\praktikum_laravel\\laravelPraktikum\\vendor\\laravel\\framework\\src\\Illuminate\\Pipeline\\Pipeline.php(208): Illuminate\\Http\\Middleware\\TrustProxies->handle(Object(Illuminate\\Http\\Request), Object(Closure))
#45 D:\\praktikum_laravel\\laravelPraktikum\\vendor\\laravel\\framework\\src\\Illuminate\\Foundation\\Http\\Middleware\\InvokeDeferredCallbacks.php(22): Illuminate\\Pipeline\\Pipeline->{closure:{closure:Illuminate\\Pipeline\\Pipeline::carry():183}:184}(Object(Illuminate\\Http\\Request))
#46 D:\\praktikum_laravel\\laravelPraktikum\\vendor\\laravel\\framework\\src\\Illuminate\\Pipeline\\Pipeline.php(208): Illuminate\\Foundation\\Http\\Middleware\\InvokeDeferredCallbacks->handle(Object(Illuminate\\Http\\Request), Object(Closure))
#47 D:\\praktikum_laravel\\laravelPraktikum\\vendor\\laravel\\framework\\src\\Illuminate\\Http\\Middleware\\ValidatePathEncoding.php(26): Illuminate\\Pipeline\\Pipeline->{closure:{closure:Illuminate\\Pipeline\\Pipeline::carry():183}:184}(Object(Illuminate\\Http\\Request))
#48 D:\\praktikum_laravel\\laravelPraktikum\\vendor\\laravel\\framework\\src\\Illuminate\\Pipeline\\Pipeline.php(208): Illuminate\\Http\\Middleware\\ValidatePathEncoding->handle(Object(Illuminate\\Http\\Request), Object(Closure))
#49 D:\\praktikum_laravel\\laravelPraktikum\\vendor\\laravel\\framework\\src\\Illuminate\\Pipeline\\Pipeline.php(126): Illuminate\\Pipeline\\Pipeline->{closure:{closure:Illuminate\\Pipeline\\Pipeline::carry():183}:184}(Object(Illuminate\\Http\\Request))
#50 D:\\praktikum_laravel\\laravelPraktikum\\vendor\\laravel\\framework\\src\\Illuminate\\Foundation\\Http\\Kernel.php(175): Illuminate\\Pipeline\\Pipeline->then(Object(Closure))
#51 D:\\praktikum_laravel\\laravelPraktikum\\vendor\\laravel\\framework\\src\\Illuminate\\Foundation\\Http\\Kernel.php(144): Illuminate\\Foundation\\Http\\Kernel->sendRequestThroughRouter(Object(Illuminate\\Http\\Request))
#52 D:\\praktikum_laravel\\laravelPraktikum\\vendor\\laravel\\framework\\src\\Illuminate\\Foundation\\Application.php(1219): Illuminate\\Foundation\\Http\\Kernel->handle(Object(Illuminate\\Http\\Request))
#53 D:\\praktikum_laravel\\laravelPraktikum\\public\\index.php(20): Illuminate\\Foundation\\Application->handleRequest(Object(Illuminate\\Http\\Request))
#54 D:\\praktikum_laravel\\laravelPraktikum\\vendor\\laravel\\framework\\src\\Illuminate\\Foundation\\resources\\server.php(23): require_once('D:\\\\praktikum_la...')
#55 {main}

[previous exception] [object] (PDOException(code: 2002): SQLSTATE[HY000] [2002] No connection could be made because the target machine actively refused it at D:\\praktikum_laravel\\laravelPraktikum\\vendor\\laravel\\framework\\src\\Illuminate\\Database\\Connectors\\Connector.php:67)
[stacktrace]
#0 D:\\praktikum_laravel\\laravelPraktikum\\vendor\\laravel\\framework\\src\\Illuminate\\Database\\Connectors\\Connector.php(67): PDO::connect('mysql:host=127....', 'root', Object(SensitiveParameterValue), Array)
#1 D:\\praktikum_laravel\\laravelPraktikum\\vendor\\laravel\\framework\\src\\Illuminate\\Database\\Connectors\\Connector.php(85): Illuminate\\Database\\Connectors\\Connector->createPdoConnection('mysql:host=127....', 'root', Object(SensitiveParameterValue), Array)
#2 D:\\praktikum_laravel\\laravelPraktikum\\vendor\\laravel\\framework\\src\\Illuminate\\Database\\Connectors\\Connector.php(48): Illuminate\\Database\\Connectors\\Connector->tryAgainIfCausedByLostConnection(Object(PDOException), 'mysql:host=127....', 'root', Object(SensitiveParameterValue), Array)
#3 D:\\praktikum_laravel\\laravelPraktikum\\vendor\\laravel\\framework\\src\\Illuminate\\Database\\Connectors\\MySqlConnector.php(24): Illuminate\\Database\\Connectors\\Connector->createConnection('mysql:host=127....', Array, Array)
#4 D:\\praktikum_laravel\\laravelPraktikum\\vendor\\laravel\\framework\\src\\Illuminate\\Database\\Connectors\\ConnectionFactory.php(184): Illuminate\\Database\\Connectors\\MySqlConnector->connect(Array)
#5 [internal function]: Illuminate\\Database\\Connectors\\ConnectionFactory->{closure:Illuminate\\Database\\Connectors\\ConnectionFactory::createPdoResolverWithHosts():179}()
#6 D:\\praktikum_laravel\\laravelPraktikum\\vendor\\laravel\\framework\\src\\Illuminate\\Database\\Connection.php(1228): call_user_func(Object(Closure))
#7 D:\\praktikum_laravel\\laravelPraktikum\\vendor\\laravel\\framework\\src\\Illuminate\\Database\\Connection.php(509): Illuminate\\Database\\Connection->getPdo()
#8 D:\\praktikum_laravel\\laravelPraktikum\\vendor\\laravel\\framework\\src\\Illuminate\\Database\\Connection.php(404): Illuminate\\Database\\Connection->getPdoForSelect(false)
#9 D:\\praktikum_laravel\\laravelPraktikum\\vendor\\laravel\\framework\\src\\Illuminate\\Database\\Connection.php(809): Illuminate\\Database\\Connection->{closure:Illuminate\\Database\\Connection::select():395}('select * from `...', Array)
#10 D:\\praktikum_laravel\\laravelPraktikum\\vendor\\laravel\\framework\\src\\Illuminate\\Database\\Connection.php(976): Illuminate\\Database\\Connection->runQueryCallback('select * from `...', Array, Object(Closure))
#11 D:\\praktikum_laravel\\laravelPraktikum\\vendor\\laravel\\framework\\src\\Illuminate\\Database\\Connection.php(955): Illuminate\\Database\\Connection->tryAgainIfCausedByLostConnection(Object(Illuminate\\Database\\QueryException), 'select * from `...', Array, Object(Closure))
#12 D:\\praktikum_laravel\\laravelPraktikum\\vendor\\laravel\\framework\\src\\Illuminate\\Database\\Connection.php(778): Illuminate\\Database\\Connection->handleQueryException(Object(Illuminate\\Database\\QueryException), 'select * from `...', Array, Object(Closure))
#13 D:\\praktikum_laravel\\laravelPraktikum\\vendor\\laravel\\framework\\src\\Illuminate\\Database\\Connection.php(395): Illuminate\\Database\\Connection->run('select * from `...', Array, Object(Closure))
#14 D:\\praktikum_laravel\\laravelPraktikum\\vendor\\laravel\\framework\\src\\Illuminate\\Database\\Query\\Builder.php(3120): Illuminate\\Database\\Connection->select('select * from `...', Array, false)
#15 D:\\praktikum_laravel\\laravelPraktikum\\vendor\\laravel\\framework\\src\\Illuminate\\Database\\Query\\Builder.php(3105): Illuminate\\Database\\Query\\Builder->runSelect()
#16 D:\\praktikum_laravel\\laravelPraktikum\\vendor\\laravel\\framework\\src\\Illuminate\\Database\\Query\\Builder.php(3695): Illuminate\\Database\\Query\\Builder->{closure:Illuminate\\Database\\Query\\Builder::get():3104}()
#17 D:\\praktikum_laravel\\laravelPraktikum\\vendor\\laravel\\framework\\src\\Illuminate\\Database\\Query\\Builder.php(3104): Illuminate\\Database\\Query\\Builder->onceWithColumns(Array, Object(Closure))
#18 D:\\praktikum_laravel\\laravelPraktikum\\vendor\\laravel\\framework\\src\\Illuminate\\Database\\Concerns\\BuildsQueries.php(366): Illuminate\\Database\\Query\\Builder->get(Array)
#19 D:\\praktikum_laravel\\laravelPraktikum\\vendor\\laravel\\framework\\src\\Illuminate\\Database\\Query\\Builder.php(3027): Illuminate\\Database\\Query\\Builder->first(Array)
#20 D:\\praktikum_laravel\\laravelPraktikum\\vendor\\laravel\\framework\\src\\Illuminate\\Session\\DatabaseSessionHandler.php(96): Illuminate\\Database\\Query\\Builder->find('YrM4V3WnetoQwqu...')
#21 D:\\praktikum_laravel\\laravelPraktikum\\vendor\\laravel\\framework\\src\\Illuminate\\Session\\Store.php(116): Illuminate\\Session\\DatabaseSessionHandler->read('YrM4V3WnetoQwqu...')
#22 D:\\praktikum_laravel\\laravelPraktikum\\vendor\\laravel\\framework\\src\\Illuminate\\Session\\Store.php(104): Illuminate\\Session\\Store->readFromHandler()
#23 D:\\praktikum_laravel\\laravelPraktikum\\vendor\\laravel\\framework\\src\\Illuminate\\Session\\Store.php(88): Illuminate\\Session\\Store->loadSession()
#24 D:\\praktikum_laravel\\laravelPraktikum\\vendor\\laravel\\framework\\src\\Illuminate\\Session\\Middleware\\StartSession.php(146): Illuminate\\Session\\Store->start()
#25 D:\\praktikum_laravel\\laravelPraktikum\\vendor\\laravel\\framework\\src\\Illuminate\\Support\\helpers.php(399): Illuminate\\Session\\Middleware\\StartSession->{closure:Illuminate\\Session\\Middleware\\StartSession::startSession():143}(Object(Illuminate\\Session\\Store))
#26 D:\\praktikum_laravel\\laravelPraktikum\\vendor\\laravel\\framework\\src\\Illuminate\\Session\\Middleware\\StartSession.php(143): tap(Object(Illuminate\\Session\\Store), Object(Closure))
#27 D:\\praktikum_laravel\\laravelPraktikum\\vendor\\laravel\\framework\\src\\Illuminate\\Session\\Middleware\\StartSession.php(115): Illuminate\\Session\\Middleware\\StartSession->startSession(Object(Illuminate\\Http\\Request), Object(Illuminate\\Session\\Store))
#28 D:\\praktikum_laravel\\laravelPraktikum\\vendor\\laravel\\framework\\src\\Illuminate\\Session\\Middleware\\StartSession.php(63): Illuminate\\Session\\Middleware\\StartSession->handleStatefulRequest(Object(Illuminate\\Http\\Request), Object(Illuminate\\Session\\Store), Object(Closure))
#29 D:\\praktikum_laravel\\laravelPraktikum\\vendor\\laravel\\framework\\src\\Illuminate\\Pipeline\\Pipeline.php(208): Illuminate\\Session\\Middleware\\StartSession->handle(Object(Illuminate\\Http\\Request), Object(Closure))
#30 D:\\praktikum_laravel\\laravelPraktikum\\vendor\\laravel\\framework\\src\\Illuminate\\Cookie\\Middleware\\AddQueuedCookiesToResponse.php(36): Illuminate\\Pipeline\\Pipeline->{closure:{closure:Illuminate\\Pipeline\\Pipeline::carry():183}:184}(Object(Illuminate\\Http\\Request))
#31 D:\\praktikum_laravel\\laravelPraktikum\\vendor\\laravel\\framework\\src\\Illuminate\\Pipeline\\Pipeline.php(208): Illuminate\\Cookie\\Middleware\\AddQueuedCookiesToResponse->handle(Object(Illuminate\\Http\\Request), Object(Closure))
#32 D:\\praktikum_laravel\\laravelPraktikum\\vendor\\laravel\\framework\\src\\Illuminate\\Cookie\\Middleware\\EncryptCookies.php(74): Illuminate\\Pipeline\\Pipeline->{closure:{closure:Illuminate\\Pipeline\\Pipeline::carry():183}:184}(Object(Illuminate\\Http\\Request))
#33 D:\\praktikum_laravel\\laravelPraktikum\\vendor\\laravel\\framework\\src\\Illuminate\\Pipeline\\Pipeline.php(208): Illuminate\\Cookie\\Middleware\\EncryptCookies->handle(Object(Illuminate\\Http\\Request), Object(Closure))
#34 D:\\praktikum_laravel\\laravelPraktikum\\vendor\\laravel\\framework\\src\\Illuminate\\Pipeline\\Pipeline.php(126): Illuminate\\Pipeline\\Pipeline->{closure:{closure:Illuminate\\Pipeline\\Pipeline::carry():183}:184}(Object(Illuminate\\Http\\Request))
#35 D:\\praktikum_laravel\\laravelPraktikum\\vendor\\laravel\\framework\\src\\Illuminate\\Routing\\Router.php(807): Illuminate\\Pipeline\\Pipeline->then(Object(Closure))
#36 D:\\praktikum_laravel\\laravelPraktikum\\vendor\\laravel\\framework\\src\\Illuminate\\Routing\\Router.php(786): Illuminate\\Routing\\Router->runRouteWithinStack(Object(Illuminate\\Routing\\Route), Object(Illuminate\\Http\\Request))
#37 D:\\praktikum_laravel\\laravelPraktikum\\vendor\\laravel\\framework\\src\\Illuminate\\Routing\\Router.php(750): Illuminate\\Routing\\Router->runRoute(Object(Illuminate\\Http\\Request), Object(Illuminate\\Routing\\Route))
#38 D:\\praktikum_laravel\\laravelPraktikum\\vendor\\laravel\\framework\\src\\Illuminate\\Routing\\Router.php(739): Illuminate\\Routing\\Router->dispatchToRoute(Object(Illuminate\\Http\\Request))
#39 D:\\praktikum_laravel\\laravelPraktikum\\vendor\\laravel\\framework\\src\\Illuminate\\Foundation\\Http\\Kernel.php(200): Illuminate\\Routing\\Router->dispatch(Object(Illuminate\\Http\\Request))
#40 D:\\praktikum_laravel\\laravelPraktikum\\vendor\\laravel\\framework\\src\\Illuminate\\Pipeline\\Pipeline.php(169): Illuminate\\Foundation\\Http\\Kernel->{closure:Illuminate\\Foundation\\Http\\Kernel::dispatchToRouter():197}(Object(Illuminate\\Http\\Request))
#41 D:\\praktikum_laravel\\laravelPraktikum\\vendor\\laravel\\framework\\src\\Illuminate\\Foundation\\Http\\Middleware\\TransformsRequest.php(21): Illuminate\\Pipeline\\Pipeline->{closure:Illuminate\\Pipeline\\Pipeline::prepareDestination():167}(Object(Illuminate\\Http\\Request))
#42 D:\\praktikum_laravel\\laravelPraktikum\\vendor\\laravel\\framework\\src\\Illuminate\\Foundation\\Http\\Middleware\\ConvertEmptyStringsToNull.php(31): Illuminate\\Foundation\\Http\\Middleware\\TransformsRequest->handle(Object(Illuminate\\Http\\Request), Object(Closure))
#43 D:\\praktikum_laravel\\laravelPraktikum\\vendor\\laravel\\framework\\src\\Illuminate\\Pipeline\\Pipeline.php(208): Illuminate\\Foundation\\Http\\Middleware\\ConvertEmptyStringsToNull->handle(Object(Illuminate\\Http\\Request), Object(Closure))
#44 D:\\praktikum_laravel\\laravelPraktikum\\vendor\\laravel\\framework\\src\\Illuminate\\Foundation\\Http\\Middleware\\TransformsRequest.php(21): Illuminate\\Pipeline\\Pipeline->{closure:{closure:Illuminate\\Pipeline\\Pipeline::carry():183}:184}(Object(Illuminate\\Http\\Request))
#45 D:\\praktikum_laravel\\laravelPraktikum\\vendor\\laravel\\framework\\src\\Illuminate\\Foundation\\Http\\Middleware\\TrimStrings.php(51): Illuminate\\Foundation\\Http\\Middleware\\TransformsRequest->handle(Object(Illuminate\\Http\\Request), Object(Closure))
#46 D:\\praktikum_laravel\\laravelPraktikum\\vendor\\laravel\\framework\\src\\Illuminate\\Pipeline\\Pipeline.php(208): Illuminate\\Foundation\\Http\\Middleware\\TrimStrings->handle(Object(Illuminate\\Http\\Request), Object(Closure))
#47 D:\\praktikum_laravel\\laravelPraktikum\\vendor\\laravel\\framework\\src\\Illuminate\\Http\\Middleware\\ValidatePostSize.php(27): Illuminate\\Pipeline\\Pipeline->{closure:{closure:Illuminate\\Pipeline\\Pipeline::carry():183}:184}(Object(Illuminate\\Http\\Request))
#48 D:\\praktikum_laravel\\laravelPraktikum\\vendor\\laravel\\framework\\src\\Illuminate\\Pipeline\\Pipeline.php(208): Illuminate\\Http\\Middleware\\ValidatePostSize->handle(Object(Illuminate\\Http\\Request), Object(Closure))
#49 D:\\praktikum_laravel\\laravelPraktikum\\vendor\\laravel\\framework\\src\\Illuminate\\Foundation\\Http\\Middleware\\PreventRequestsDuringMaintenance.php(109): Illuminate\\Pipeline\\Pipeline->{closure:{closure:Illuminate\\Pipeline\\Pipeline::carry():183}:184}(Object(Illuminate\\Http\\Request))
#50 D:\\praktikum_laravel\\laravelPraktikum\\vendor\\laravel\\framework\\src\\Illuminate\\Pipeline\\Pipeline.php(208): Illuminate\\Foundation\\Http\\Middleware\\PreventRequestsDuringMaintenance->handle(Object(Illuminate\\Http\\Request), Object(Closure))
#51 D:\\praktikum_laravel\\laravelPraktikum\\vendor\\laravel\\framework\\src\\Illuminate\\Http\\Middleware\\HandleCors.php(48): Illuminate\\Pipeline\\Pipeline->{closure:{closure:Illuminate\\Pipeline\\Pipeline::carry():183}:184}(Object(Illuminate\\Http\\Request))
#52 D:\\praktikum_laravel\\laravelPraktikum\\vendor\\laravel\\framework\\src\\Illuminate\\Pipeline\\Pipeline.php(208): Illuminate\\Http\\Middleware\\HandleCors->handle(Object(Illuminate\\Http\\Request), Object(Closure))
#53 D:\\praktikum_laravel\\laravelPraktikum\\vendor\\laravel\\framework\\src\\Illuminate\\Http\\Middleware\\TrustProxies.php(58): Illuminate\\Pipeline\\Pipeline->{closure:{closure:Illuminate\\Pipeline\\Pipeline::carry():183}:184}(Object(Illuminate\\Http\\Request))
#54 D:\\praktikum_laravel\\laravelPraktikum\\vendor\\laravel\\framework\\src\\Illuminate\\Pipeline\\Pipeline.php(208): Illuminate\\Http\\Middleware\\TrustProxies->handle(Object(Illuminate\\Http\\Request), Object(Closure))
#55 D:\\praktikum_laravel\\laravelPraktikum\\vendor\\laravel\\framework\\src\\Illuminate\\Foundation\\Http\\Middleware\\InvokeDeferredCallbacks.php(22): Illuminate\\Pipeline\\Pipeline->{closure:{closure:Illuminate\\Pipeline\\Pipeline::carry():183}:184}(Object(Illuminate\\Http\\Request))
#56 D:\\praktikum_laravel\\laravelPraktikum\\vendor\\laravel\\framework\\src\\Illuminate\\Pipeline\\Pipeline.php(208): Illuminate\\Foundation\\Http\\Middleware\\InvokeDeferredCallbacks->handle(Object(Illuminate\\Http\\Request), Object(Closure))
#57 D:\\praktikum_laravel\\laravelPraktikum\\vendor\\laravel\\framework\\src\\Illuminate\\Http\\Middleware\\ValidatePathEncoding.php(26): Illuminate\\Pipeline\\Pipeline->{closure:{closure:Illuminate\\Pipeline\\Pipeline::carry():183}:184}(Object(Illuminate\\Http\\Request))
#58 D:\\praktikum_laravel\\laravelPraktikum\\vendor\\laravel\\framework\\src\\Illuminate\\Pipeline\\Pipeline.php(208): Illuminate\\Http\\Middleware\\ValidatePathEncoding->handle(Object(Illuminate\\Http\\Request), Object(Closure))
#59 D:\\praktikum_laravel\\laravelPraktikum\\vendor\\laravel\\framework\\src\\Illuminate\\Pipeline\\Pipeline.php(126): Illuminate\\Pipeline\\Pipeline->{closure:{closure:Illuminate\\Pipeline\\Pipeline::carry():183}:184}(Object(Illuminate\\Http\\Request))
#60 D:\\praktikum_laravel\\laravelPraktikum\\vendor\\laravel\\framework\\src\\Illuminate\\Foundation\\Http\\Kernel.php(175): Illuminate\\Pipeline\\Pipeline->then(Object(Closure))
#61 D:\\praktikum_laravel\\laravelPraktikum\\vendor\\laravel\\framework\\src\\Illuminate\\Foundation\\Http\\Kernel.php(144): Illuminate\\Foundation\\Http\\Kernel->sendRequestThroughRouter(Object(Illuminate\\Http\\Request))
#62 D:\\praktikum_laravel\\laravelPraktikum\\vendor\\laravel\\framework\\src\\Illuminate\\Foundation\\Application.php(1219): Illuminate\\Foundation\\Http\\Kernel->handle(Object(Illuminate\\Http\\Request))
#63 D:\\praktikum_laravel\\laravelPraktikum\\public\\index.php(20): Illuminate\\Foundation\\Application->handleRequest(Object(Illuminate\\Http\\Request))
#64 D:\\praktikum_laravel\\laravelPraktikum\\vendor\\laravel\\framework\\src\\Illuminate\\Foundation\\resources\\server.php(23): require_once('D:\\\\praktikum_la...')
#65 {main}
"} 
[2025-05-22 03:11:10] local.ERROR: SQLSTATE[HY000] [2002] No connection could be made because the target machine actively refused it (Connection: mysql, SQL: select * from `sessions` where `id` = V65zaCuEpvlPKoktpqmwaHBPUDvVylu6CWlb14N4 limit 1) {"exception":"[object] (Illuminate\\Database\\QueryException(code: 2002): SQLSTATE[HY000] [2002] No connection could be made because the target machine actively refused it (Connection: mysql, SQL: select * from `sessions` where `id` = V65zaCuEpvlPKoktpqmwaHBPUDvVylu6CWlb14N4 limit 1) at D:\\praktikum_laravel\\laravelPraktikum\\vendor\\laravel\\framework\\src\\Illuminate\\Database\\Connection.php:822)
[stacktrace]
#0 D:\\praktikum_laravel\\laravelPraktikum\\vendor\\laravel\\framework\\src\\Illuminate\\Database\\Connection.php(976): Illuminate\\Database\\Connection->runQueryCallback('select * from `...', Array, Object(Closure))
#1 D:\\praktikum_laravel\\laravelPraktikum\\vendor\\laravel\\framework\\src\\Illuminate\\Database\\Connection.php(955): Illuminate\\Database\\Connection->tryAgainIfCausedByLostConnection(Object(Illuminate\\Database\\QueryException), 'select * from `...', Array, Object(Closure))
#2 D:\\praktikum_laravel\\laravelPraktikum\\vendor\\laravel\\framework\\src\\Illuminate\\Database\\Connection.php(778): Illuminate\\Database\\Connection->handleQueryException(Object(Illuminate\\Database\\QueryException), 'select * from `...', Array, Object(Closure))
#3 D:\\praktikum_laravel\\laravelPraktikum\\vendor\\laravel\\framework\\src\\Illuminate\\Database\\Connection.php(395): Illuminate\\Database\\Connection->run('select * from `...', Array, Object(Closure))
#4 D:\\praktikum_laravel\\laravelPraktikum\\vendor\\laravel\\framework\\src\\Illuminate\\Database\\Query\\Builder.php(3120): Illuminate\\Database\\Connection->select('select * from `...', Array, false)
#5 D:\\praktikum_laravel\\laravelPraktikum\\vendor\\laravel\\framework\\src\\Illuminate\\Database\\Query\\Builder.php(3105): Illuminate\\Database\\Query\\Builder->runSelect()
#6 D:\\praktikum_laravel\\laravelPraktikum\\vendor\\laravel\\framework\\src\\Illuminate\\Database\\Query\\Builder.php(3695): Illuminate\\Database\\Query\\Builder->{closure:Illuminate\\Database\\Query\\Builder::get():3104}()
#7 D:\\praktikum_laravel\\laravelPraktikum\\vendor\\laravel\\framework\\src\\Illuminate\\Database\\Query\\Builder.php(3104): Illuminate\\Database\\Query\\Builder->onceWithColumns(Array, Object(Closure))
#8 D:\\praktikum_laravel\\laravelPraktikum\\vendor\\laravel\\framework\\src\\Illuminate\\Database\\Concerns\\BuildsQueries.php(366): Illuminate\\Database\\Query\\Builder->get(Array)
#9 D:\\praktikum_laravel\\laravelPraktikum\\vendor\\laravel\\framework\\src\\Illuminate\\Database\\Query\\Builder.php(3027): Illuminate\\Database\\Query\\Builder->first(Array)
#10 D:\\praktikum_laravel\\laravelPraktikum\\vendor\\laravel\\framework\\src\\Illuminate\\Session\\DatabaseSessionHandler.php(96): Illuminate\\Database\\Query\\Builder->find('V65zaCuEpvlPKok...')
#11 D:\\praktikum_laravel\\laravelPraktikum\\vendor\\laravel\\framework\\src\\Illuminate\\Session\\Store.php(116): Illuminate\\Session\\DatabaseSessionHandler->read('V65zaCuEpvlPKok...')
#12 D:\\praktikum_laravel\\laravelPraktikum\\vendor\\laravel\\framework\\src\\Illuminate\\Session\\Store.php(104): Illuminate\\Session\\Store->readFromHandler()
#13 D:\\praktikum_laravel\\laravelPraktikum\\vendor\\laravel\\framework\\src\\Illuminate\\Session\\Store.php(88): Illuminate\\Session\\Store->loadSession()
#14 D:\\praktikum_laravel\\laravelPraktikum\\vendor\\laravel\\framework\\src\\Illuminate\\Session\\Middleware\\StartSession.php(146): Illuminate\\Session\\Store->start()
#15 D:\\praktikum_laravel\\laravelPraktikum\\vendor\\laravel\\framework\\src\\Illuminate\\Support\\helpers.php(399): Illuminate\\Session\\Middleware\\StartSession->{closure:Illuminate\\Session\\Middleware\\StartSession::startSession():143}(Object(Illuminate\\Session\\Store))
#16 D:\\praktikum_laravel\\laravelPraktikum\\vendor\\laravel\\framework\\src\\Illuminate\\Session\\Middleware\\StartSession.php(143): tap(Object(Illuminate\\Session\\Store), Object(Closure))
#17 D:\\praktikum_laravel\\laravelPraktikum\\vendor\\laravel\\framework\\src\\Illuminate\\Session\\Middleware\\StartSession.php(115): Illuminate\\Session\\Middleware\\StartSession->startSession(Object(Illuminate\\Http\\Request), Object(Illuminate\\Session\\Store))
#18 D:\\praktikum_laravel\\laravelPraktikum\\vendor\\laravel\\framework\\src\\Illuminate\\Session\\Middleware\\StartSession.php(63): Illuminate\\Session\\Middleware\\StartSession->handleStatefulRequest(Object(Illuminate\\Http\\Request), Object(Illuminate\\Session\\Store), Object(Closure))
#19 D:\\praktikum_laravel\\laravelPraktikum\\vendor\\laravel\\framework\\src\\Illuminate\\Pipeline\\Pipeline.php(208): Illuminate\\Session\\Middleware\\StartSession->handle(Object(Illuminate\\Http\\Request), Object(Closure))
#20 D:\\praktikum_laravel\\laravelPraktikum\\vendor\\laravel\\framework\\src\\Illuminate\\Cookie\\Middleware\\AddQueuedCookiesToResponse.php(36): Illuminate\\Pipeline\\Pipeline->{closure:{closure:Illuminate\\Pipeline\\Pipeline::carry():183}:184}(Object(Illuminate\\Http\\Request))
#21 D:\\praktikum_laravel\\laravelPraktikum\\vendor\\laravel\\framework\\src\\Illuminate\\Pipeline\\Pipeline.php(208): Illuminate\\Cookie\\Middleware\\AddQueuedCookiesToResponse->handle(Object(Illuminate\\Http\\Request), Object(Closure))
#22 D:\\praktikum_laravel\\laravelPraktikum\\vendor\\laravel\\framework\\src\\Illuminate\\Cookie\\Middleware\\EncryptCookies.php(74): Illuminate\\Pipeline\\Pipeline->{closure:{closure:Illuminate\\Pipeline\\Pipeline::carry():183}:184}(Object(Illuminate\\Http\\Request))
#23 D:\\praktikum_laravel\\laravelPraktikum\\vendor\\laravel\\framework\\src\\Illuminate\\Pipeline\\Pipeline.php(208): Illuminate\\Cookie\\Middleware\\EncryptCookies->handle(Object(Illuminate\\Http\\Request), Object(Closure))
#24 D:\\praktikum_laravel\\laravelPraktikum\\vendor\\laravel\\framework\\src\\Illuminate\\Pipeline\\Pipeline.php(126): Illuminate\\Pipeline\\Pipeline->{closure:{closure:Illuminate\\Pipeline\\Pipeline::carry():183}:184}(Object(Illuminate\\Http\\Request))
#25 D:\\praktikum_laravel\\laravelPraktikum\\vendor\\laravel\\framework\\src\\Illuminate\\Routing\\Router.php(807): Illuminate\\Pipeline\\Pipeline->then(Object(Closure))
#26 D:\\praktikum_laravel\\laravelPraktikum\\vendor\\laravel\\framework\\src\\Illuminate\\Routing\\Router.php(786): Illuminate\\Routing\\Router->runRouteWithinStack(Object(Illuminate\\Routing\\Route), Object(Illuminate\\Http\\Request))
#27 D:\\praktikum_laravel\\laravelPraktikum\\vendor\\laravel\\framework\\src\\Illuminate\\Routing\\Router.php(750): Illuminate\\Routing\\Router->runRoute(Object(Illuminate\\Http\\Request), Object(Illuminate\\Routing\\Route))
#28 D:\\praktikum_laravel\\laravelPraktikum\\vendor\\laravel\\framework\\src\\Illuminate\\Routing\\Router.php(739): Illuminate\\Routing\\Router->dispatchToRoute(Object(Illuminate\\Http\\Request))
#29 D:\\praktikum_laravel\\laravelPraktikum\\vendor\\laravel\\framework\\src\\Illuminate\\Foundation\\Http\\Kernel.php(200): Illuminate\\Routing\\Router->dispatch(Object(Illuminate\\Http\\Request))
#30 D:\\praktikum_laravel\\laravelPraktikum\\vendor\\laravel\\framework\\src\\Illuminate\\Pipeline\\Pipeline.php(169): Illuminate\\Foundation\\Http\\Kernel->{closure:Illuminate\\Foundation\\Http\\Kernel::dispatchToRouter():197}(Object(Illuminate\\Http\\Request))
#31 D:\\praktikum_laravel\\laravelPraktikum\\vendor\\laravel\\framework\\src\\Illuminate\\Foundation\\Http\\Middleware\\TransformsRequest.php(21): Illuminate\\Pipeline\\Pipeline->{closure:Illuminate\\Pipeline\\Pipeline::prepareDestination():167}(Object(Illuminate\\Http\\Request))
#32 D:\\praktikum_laravel\\laravelPraktikum\\vendor\\laravel\\framework\\src\\Illuminate\\Foundation\\Http\\Middleware\\ConvertEmptyStringsToNull.php(31): Illuminate\\Foundation\\Http\\Middleware\\TransformsRequest->handle(Object(Illuminate\\Http\\Request), Object(Closure))
#33 D:\\praktikum_laravel\\laravelPraktikum\\vendor\\laravel\\framework\\src\\Illuminate\\Pipeline\\Pipeline.php(208): Illuminate\\Foundation\\Http\\Middleware\\ConvertEmptyStringsToNull->handle(Object(Illuminate\\Http\\Request), Object(Closure))
#34 D:\\praktikum_laravel\\laravelPraktikum\\vendor\\laravel\\framework\\src\\Illuminate\\Foundation\\Http\\Middleware\\TransformsRequest.php(21): Illuminate\\Pipeline\\Pipeline->{closure:{closure:Illuminate\\Pipeline\\Pipeline::carry():183}:184}(Object(Illuminate\\Http\\Request))
#35 D:\\praktikum_laravel\\laravelPraktikum\\vendor\\laravel\\framework\\src\\Illuminate\\Foundation\\Http\\Middleware\\TrimStrings.php(51): Illuminate\\Foundation\\Http\\Middleware\\TransformsRequest->handle(Object(Illuminate\\Http\\Request), Object(Closure))
#36 D:\\praktikum_laravel\\laravelPraktikum\\vendor\\laravel\\framework\\src\\Illuminate\\Pipeline\\Pipeline.php(208): Illuminate\\Foundation\\Http\\Middleware\\TrimStrings->handle(Object(Illuminate\\Http\\Request), Object(Closure))
#37 D:\\praktikum_laravel\\laravelPraktikum\\vendor\\laravel\\framework\\src\\Illuminate\\Http\\Middleware\\ValidatePostSize.php(27): Illuminate\\Pipeline\\Pipeline->{closure:{closure:Illuminate\\Pipeline\\Pipeline::carry():183}:184}(Object(Illuminate\\Http\\Request))
#38 D:\\praktikum_laravel\\laravelPraktikum\\vendor\\laravel\\framework\\src\\Illuminate\\Pipeline\\Pipeline.php(208): Illuminate\\Http\\Middleware\\ValidatePostSize->handle(Object(Illuminate\\Http\\Request), Object(Closure))
#39 D:\\praktikum_laravel\\laravelPraktikum\\vendor\\laravel\\framework\\src\\Illuminate\\Foundation\\Http\\Middleware\\PreventRequestsDuringMaintenance.php(109): Illuminate\\Pipeline\\Pipeline->{closure:{closure:Illuminate\\Pipeline\\Pipeline::carry():183}:184}(Object(Illuminate\\Http\\Request))
#40 D:\\praktikum_laravel\\laravelPraktikum\\vendor\\laravel\\framework\\src\\Illuminate\\Pipeline\\Pipeline.php(208): Illuminate\\Foundation\\Http\\Middleware\\PreventRequestsDuringMaintenance->handle(Object(Illuminate\\Http\\Request), Object(Closure))
#41 D:\\praktikum_laravel\\laravelPraktikum\\vendor\\laravel\\framework\\src\\Illuminate\\Http\\Middleware\\HandleCors.php(48): Illuminate\\Pipeline\\Pipeline->{closure:{closure:Illuminate\\Pipeline\\Pipeline::carry():183}:184}(Object(Illuminate\\Http\\Request))
#42 D:\\praktikum_laravel\\laravelPraktikum\\vendor\\laravel\\framework\\src\\Illuminate\\Pipeline\\Pipeline.php(208): Illuminate\\Http\\Middleware\\HandleCors->handle(Object(Illuminate\\Http\\Request), Object(Closure))
#43 D:\\praktikum_laravel\\laravelPraktikum\\vendor\\laravel\\framework\\src\\Illuminate\\Http\\Middleware\\TrustProxies.php(58): Illuminate\\Pipeline\\Pipeline->{closure:{closure:Illuminate\\Pipeline\\Pipeline::carry():183}:184}(Object(Illuminate\\Http\\Request))
#44 D:\\praktikum_laravel\\laravelPraktikum\\vendor\\laravel\\framework\\src\\Illuminate\\Pipeline\\Pipeline.php(208): Illuminate\\Http\\Middleware\\TrustProxies->handle(Object(Illuminate\\Http\\Request), Object(Closure))
#45 D:\\praktikum_laravel\\laravelPraktikum\\vendor\\laravel\\framework\\src\\Illuminate\\Foundation\\Http\\Middleware\\InvokeDeferredCallbacks.php(22): Illuminate\\Pipeline\\Pipeline->{closure:{closure:Illuminate\\Pipeline\\Pipeline::carry():183}:184}(Object(Illuminate\\Http\\Request))
#46 D:\\praktikum_laravel\\laravelPraktikum\\vendor\\laravel\\framework\\src\\Illuminate\\Pipeline\\Pipeline.php(208): Illuminate\\Foundation\\Http\\Middleware\\InvokeDeferredCallbacks->handle(Object(Illuminate\\Http\\Request), Object(Closure))
#47 D:\\praktikum_laravel\\laravelPraktikum\\vendor\\laravel\\framework\\src\\Illuminate\\Http\\Middleware\\ValidatePathEncoding.php(26): Illuminate\\Pipeline\\Pipeline->{closure:{closure:Illuminate\\Pipeline\\Pipeline::carry():183}:184}(Object(Illuminate\\Http\\Request))
#48 D:\\praktikum_laravel\\laravelPraktikum\\vendor\\laravel\\framework\\src\\Illuminate\\Pipeline\\Pipeline.php(208): Illuminate\\Http\\Middleware\\ValidatePathEncoding->handle(Object(Illuminate\\Http\\Request), Object(Closure))
#49 D:\\praktikum_laravel\\laravelPraktikum\\vendor\\laravel\\framework\\src\\Illuminate\\Pipeline\\Pipeline.php(126): Illuminate\\Pipeline\\Pipeline->{closure:{closure:Illuminate\\Pipeline\\Pipeline::carry():183}:184}(Object(Illuminate\\Http\\Request))
#50 D:\\praktikum_laravel\\laravelPraktikum\\vendor\\laravel\\framework\\src\\Illuminate\\Foundation\\Http\\Kernel.php(175): Illuminate\\Pipeline\\Pipeline->then(Object(Closure))
#51 D:\\praktikum_laravel\\laravelPraktikum\\vendor\\laravel\\framework\\src\\Illuminate\\Foundation\\Http\\Kernel.php(144): Illuminate\\Foundation\\Http\\Kernel->sendRequestThroughRouter(Object(Illuminate\\Http\\Request))
#52 D:\\praktikum_laravel\\laravelPraktikum\\vendor\\laravel\\framework\\src\\Illuminate\\Foundation\\Application.php(1219): Illuminate\\Foundation\\Http\\Kernel->handle(Object(Illuminate\\Http\\Request))
#53 D:\\praktikum_laravel\\laravelPraktikum\\public\\index.php(20): Illuminate\\Foundation\\Application->handleRequest(Object(Illuminate\\Http\\Request))
#54 D:\\praktikum_laravel\\laravelPraktikum\\vendor\\laravel\\framework\\src\\Illuminate\\Foundation\\resources\\server.php(23): require_once('D:\\\\praktikum_la...')
#55 {main}

[previous exception] [object] (PDOException(code: 2002): SQLSTATE[HY000] [2002] No connection could be made because the target machine actively refused it at D:\\praktikum_laravel\\laravelPraktikum\\vendor\\laravel\\framework\\src\\Illuminate\\Database\\Connectors\\Connector.php:67)
[stacktrace]
#0 D:\\praktikum_laravel\\laravelPraktikum\\vendor\\laravel\\framework\\src\\Illuminate\\Database\\Connectors\\Connector.php(67): PDO::connect('mysql:host=127....', 'root', Object(SensitiveParameterValue), Array)
#1 D:\\praktikum_laravel\\laravelPraktikum\\vendor\\laravel\\framework\\src\\Illuminate\\Database\\Connectors\\Connector.php(85): Illuminate\\Database\\Connectors\\Connector->createPdoConnection('mysql:host=127....', 'root', Object(SensitiveParameterValue), Array)
#2 D:\\praktikum_laravel\\laravelPraktikum\\vendor\\laravel\\framework\\src\\Illuminate\\Database\\Connectors\\Connector.php(48): Illuminate\\Database\\Connectors\\Connector->tryAgainIfCausedByLostConnection(Object(PDOException), 'mysql:host=127....', 'root', Object(SensitiveParameterValue), Array)
#3 D:\\praktikum_laravel\\laravelPraktikum\\vendor\\laravel\\framework\\src\\Illuminate\\Database\\Connectors\\MySqlConnector.php(24): Illuminate\\Database\\Connectors\\Connector->createConnection('mysql:host=127....', Array, Array)
#4 D:\\praktikum_laravel\\laravelPraktikum\\vendor\\laravel\\framework\\src\\Illuminate\\Database\\Connectors\\ConnectionFactory.php(184): Illuminate\\Database\\Connectors\\MySqlConnector->connect(Array)
#5 [internal function]: Illuminate\\Database\\Connectors\\ConnectionFactory->{closure:Illuminate\\Database\\Connectors\\ConnectionFactory::createPdoResolverWithHosts():179}()
#6 D:\\praktikum_laravel\\laravelPraktikum\\vendor\\laravel\\framework\\src\\Illuminate\\Database\\Connection.php(1228): call_user_func(Object(Closure))
#7 D:\\praktikum_laravel\\laravelPraktikum\\vendor\\laravel\\framework\\src\\Illuminate\\Database\\Connection.php(509): Illuminate\\Database\\Connection->getPdo()
#8 D:\\praktikum_laravel\\laravelPraktikum\\vendor\\laravel\\framework\\src\\Illuminate\\Database\\Connection.php(404): Illuminate\\Database\\Connection->getPdoForSelect(false)
#9 D:\\praktikum_laravel\\laravelPraktikum\\vendor\\laravel\\framework\\src\\Illuminate\\Database\\Connection.php(809): Illuminate\\Database\\Connection->{closure:Illuminate\\Database\\Connection::select():395}('select * from `...', Array)
#10 D:\\praktikum_laravel\\laravelPraktikum\\vendor\\laravel\\framework\\src\\Illuminate\\Database\\Connection.php(976): Illuminate\\Database\\Connection->runQueryCallback('select * from `...', Array, Object(Closure))
#11 D:\\praktikum_laravel\\laravelPraktikum\\vendor\\laravel\\framework\\src\\Illuminate\\Database\\Connection.php(955): Illuminate\\Database\\Connection->tryAgainIfCausedByLostConnection(Object(Illuminate\\Database\\QueryException), 'select * from `...', Array, Object(Closure))
#12 D:\\praktikum_laravel\\laravelPraktikum\\vendor\\laravel\\framework\\src\\Illuminate\\Database\\Connection.php(778): Illuminate\\Database\\Connection->handleQueryException(Object(Illuminate\\Database\\QueryException), 'select * from `...', Array, Object(Closure))
#13 D:\\praktikum_laravel\\laravelPraktikum\\vendor\\laravel\\framework\\src\\Illuminate\\Database\\Connection.php(395): Illuminate\\Database\\Connection->run('select * from `...', Array, Object(Closure))
#14 D:\\praktikum_laravel\\laravelPraktikum\\vendor\\laravel\\framework\\src\\Illuminate\\Database\\Query\\Builder.php(3120): Illuminate\\Database\\Connection->select('select * from `...', Array, false)
#15 D:\\praktikum_laravel\\laravelPraktikum\\vendor\\laravel\\framework\\src\\Illuminate\\Database\\Query\\Builder.php(3105): Illuminate\\Database\\Query\\Builder->runSelect()
#16 D:\\praktikum_laravel\\laravelPraktikum\\vendor\\laravel\\framework\\src\\Illuminate\\Database\\Query\\Builder.php(3695): Illuminate\\Database\\Query\\Builder->{closure:Illuminate\\Database\\Query\\Builder::get():3104}()
#17 D:\\praktikum_laravel\\laravelPraktikum\\vendor\\laravel\\framework\\src\\Illuminate\\Database\\Query\\Builder.php(3104): Illuminate\\Database\\Query\\Builder->onceWithColumns(Array, Object(Closure))
#18 D:\\praktikum_laravel\\laravelPraktikum\\vendor\\laravel\\framework\\src\\Illuminate\\Database\\Concerns\\BuildsQueries.php(366): Illuminate\\Database\\Query\\Builder->get(Array)
#19 D:\\praktikum_laravel\\laravelPraktikum\\vendor\\laravel\\framework\\src\\Illuminate\\Database\\Query\\Builder.php(3027): Illuminate\\Database\\Query\\Builder->first(Array)
#20 D:\\praktikum_laravel\\laravelPraktikum\\vendor\\laravel\\framework\\src\\Illuminate\\Session\\DatabaseSessionHandler.php(96): Illuminate\\Database\\Query\\Builder->find('V65zaCuEpvlPKok...')
#21 D:\\praktikum_laravel\\laravelPraktikum\\vendor\\laravel\\framework\\src\\Illuminate\\Session\\Store.php(116): Illuminate\\Session\\DatabaseSessionHandler->read('V65zaCuEpvlPKok...')
#22 D:\\praktikum_laravel\\laravelPraktikum\\vendor\\laravel\\framework\\src\\Illuminate\\Session\\Store.php(104): Illuminate\\Session\\Store->readFromHandler()
#23 D:\\praktikum_laravel\\laravelPraktikum\\vendor\\laravel\\framework\\src\\Illuminate\\Session\\Store.php(88): Illuminate\\Session\\Store->loadSession()
#24 D:\\praktikum_laravel\\laravelPraktikum\\vendor\\laravel\\framework\\src\\Illuminate\\Session\\Middleware\\StartSession.php(146): Illuminate\\Session\\Store->start()
#25 D:\\praktikum_laravel\\laravelPraktikum\\vendor\\laravel\\framework\\src\\Illuminate\\Support\\helpers.php(399): Illuminate\\Session\\Middleware\\StartSession->{closure:Illuminate\\Session\\Middleware\\StartSession::startSession():143}(Object(Illuminate\\Session\\Store))
#26 D:\\praktikum_laravel\\laravelPraktikum\\vendor\\laravel\\framework\\src\\Illuminate\\Session\\Middleware\\StartSession.php(143): tap(Object(Illuminate\\Session\\Store), Object(Closure))
#27 D:\\praktikum_laravel\\laravelPraktikum\\vendor\\laravel\\framework\\src\\Illuminate\\Session\\Middleware\\StartSession.php(115): Illuminate\\Session\\Middleware\\StartSession->startSession(Object(Illuminate\\Http\\Request), Object(Illuminate\\Session\\Store))
#28 D:\\praktikum_laravel\\laravelPraktikum\\vendor\\laravel\\framework\\src\\Illuminate\\Session\\Middleware\\StartSession.php(63): Illuminate\\Session\\Middleware\\StartSession->handleStatefulRequest(Object(Illuminate\\Http\\Request), Object(Illuminate\\Session\\Store), Object(Closure))
#29 D:\\praktikum_laravel\\laravelPraktikum\\vendor\\laravel\\framework\\src\\Illuminate\\Pipeline\\Pipeline.php(208): Illuminate\\Session\\Middleware\\StartSession->handle(Object(Illuminate\\Http\\Request), Object(Closure))
#30 D:\\praktikum_laravel\\laravelPraktikum\\vendor\\laravel\\framework\\src\\Illuminate\\Cookie\\Middleware\\AddQueuedCookiesToResponse.php(36): Illuminate\\Pipeline\\Pipeline->{closure:{closure:Illuminate\\Pipeline\\Pipeline::carry():183}:184}(Object(Illuminate\\Http\\Request))
#31 D:\\praktikum_laravel\\laravelPraktikum\\vendor\\laravel\\framework\\src\\Illuminate\\Pipeline\\Pipeline.php(208): Illuminate\\Cookie\\Middleware\\AddQueuedCookiesToResponse->handle(Object(Illuminate\\Http\\Request), Object(Closure))
#32 D:\\praktikum_laravel\\laravelPraktikum\\vendor\\laravel\\framework\\src\\Illuminate\\Cookie\\Middleware\\EncryptCookies.php(74): Illuminate\\Pipeline\\Pipeline->{closure:{closure:Illuminate\\Pipeline\\Pipeline::carry():183}:184}(Object(Illuminate\\Http\\Request))
#33 D:\\praktikum_laravel\\laravelPraktikum\\vendor\\laravel\\framework\\src\\Illuminate\\Pipeline\\Pipeline.php(208): Illuminate\\Cookie\\Middleware\\EncryptCookies->handle(Object(Illuminate\\Http\\Request), Object(Closure))
#34 D:\\praktikum_laravel\\laravelPraktikum\\vendor\\laravel\\framework\\src\\Illuminate\\Pipeline\\Pipeline.php(126): Illuminate\\Pipeline\\Pipeline->{closure:{closure:Illuminate\\Pipeline\\Pipeline::carry():183}:184}(Object(Illuminate\\Http\\Request))
#35 D:\\praktikum_laravel\\laravelPraktikum\\vendor\\laravel\\framework\\src\\Illuminate\\Routing\\Router.php(807): Illuminate\\Pipeline\\Pipeline->then(Object(Closure))
#36 D:\\praktikum_laravel\\laravelPraktikum\\vendor\\laravel\\framework\\src\\Illuminate\\Routing\\Router.php(786): Illuminate\\Routing\\Router->runRouteWithinStack(Object(Illuminate\\Routing\\Route), Object(Illuminate\\Http\\Request))
#37 D:\\praktikum_laravel\\laravelPraktikum\\vendor\\laravel\\framework\\src\\Illuminate\\Routing\\Router.php(750): Illuminate\\Routing\\Router->runRoute(Object(Illuminate\\Http\\Request), Object(Illuminate\\Routing\\Route))
#38 D:\\praktikum_laravel\\laravelPraktikum\\vendor\\laravel\\framework\\src\\Illuminate\\Routing\\Router.php(739): Illuminate\\Routing\\Router->dispatchToRoute(Object(Illuminate\\Http\\Request))
#39 D:\\praktikum_laravel\\laravelPraktikum\\vendor\\laravel\\framework\\src\\Illuminate\\Foundation\\Http\\Kernel.php(200): Illuminate\\Routing\\Router->dispatch(Object(Illuminate\\Http\\Request))
#40 D:\\praktikum_laravel\\laravelPraktikum\\vendor\\laravel\\framework\\src\\Illuminate\\Pipeline\\Pipeline.php(169): Illuminate\\Foundation\\Http\\Kernel->{closure:Illuminate\\Foundation\\Http\\Kernel::dispatchToRouter():197}(Object(Illuminate\\Http\\Request))
#41 D:\\praktikum_laravel\\laravelPraktikum\\vendor\\laravel\\framework\\src\\Illuminate\\Foundation\\Http\\Middleware\\TransformsRequest.php(21): Illuminate\\Pipeline\\Pipeline->{closure:Illuminate\\Pipeline\\Pipeline::prepareDestination():167}(Object(Illuminate\\Http\\Request))
#42 D:\\praktikum_laravel\\laravelPraktikum\\vendor\\laravel\\framework\\src\\Illuminate\\Foundation\\Http\\Middleware\\ConvertEmptyStringsToNull.php(31): Illuminate\\Foundation\\Http\\Middleware\\TransformsRequest->handle(Object(Illuminate\\Http\\Request), Object(Closure))
#43 D:\\praktikum_laravel\\laravelPraktikum\\vendor\\laravel\\framework\\src\\Illuminate\\Pipeline\\Pipeline.php(208): Illuminate\\Foundation\\Http\\Middleware\\ConvertEmptyStringsToNull->handle(Object(Illuminate\\Http\\Request), Object(Closure))
#44 D:\\praktikum_laravel\\laravelPraktikum\\vendor\\laravel\\framework\\src\\Illuminate\\Foundation\\Http\\Middleware\\TransformsRequest.php(21): Illuminate\\Pipeline\\Pipeline->{closure:{closure:Illuminate\\Pipeline\\Pipeline::carry():183}:184}(Object(Illuminate\\Http\\Request))
#45 D:\\praktikum_laravel\\laravelPraktikum\\vendor\\laravel\\framework\\src\\Illuminate\\Foundation\\Http\\Middleware\\TrimStrings.php(51): Illuminate\\Foundation\\Http\\Middleware\\TransformsRequest->handle(Object(Illuminate\\Http\\Request), Object(Closure))
#46 D:\\praktikum_laravel\\laravelPraktikum\\vendor\\laravel\\framework\\src\\Illuminate\\Pipeline\\Pipeline.php(208): Illuminate\\Foundation\\Http\\Middleware\\TrimStrings->handle(Object(Illuminate\\Http\\Request), Object(Closure))
#47 D:\\praktikum_laravel\\laravelPraktikum\\vendor\\laravel\\framework\\src\\Illuminate\\Http\\Middleware\\ValidatePostSize.php(27): Illuminate\\Pipeline\\Pipeline->{closure:{closure:Illuminate\\Pipeline\\Pipeline::carry():183}:184}(Object(Illuminate\\Http\\Request))
#48 D:\\praktikum_laravel\\laravelPraktikum\\vendor\\laravel\\framework\\src\\Illuminate\\Pipeline\\Pipeline.php(208): Illuminate\\Http\\Middleware\\ValidatePostSize->handle(Object(Illuminate\\Http\\Request), Object(Closure))
#49 D:\\praktikum_laravel\\laravelPraktikum\\vendor\\laravel\\framework\\src\\Illuminate\\Foundation\\Http\\Middleware\\PreventRequestsDuringMaintenance.php(109): Illuminate\\Pipeline\\Pipeline->{closure:{closure:Illuminate\\Pipeline\\Pipeline::carry():183}:184}(Object(Illuminate\\Http\\Request))
#50 D:\\praktikum_laravel\\laravelPraktikum\\vendor\\laravel\\framework\\src\\Illuminate\\Pipeline\\Pipeline.php(208): Illuminate\\Foundation\\Http\\Middleware\\PreventRequestsDuringMaintenance->handle(Object(Illuminate\\Http\\Request), Object(Closure))
#51 D:\\praktikum_laravel\\laravelPraktikum\\vendor\\laravel\\framework\\src\\Illuminate\\Http\\Middleware\\HandleCors.php(48): Illuminate\\Pipeline\\Pipeline->{closure:{closure:Illuminate\\Pipeline\\Pipeline::carry():183}:184}(Object(Illuminate\\Http\\Request))
#52 D:\\praktikum_laravel\\laravelPraktikum\\vendor\\laravel\\framework\\src\\Illuminate\\Pipeline\\Pipeline.php(208): Illuminate\\Http\\Middleware\\HandleCors->handle(Object(Illuminate\\Http\\Request), Object(Closure))
#53 D:\\praktikum_laravel\\laravelPraktikum\\vendor\\laravel\\framework\\src\\Illuminate\\Http\\Middleware\\TrustProxies.php(58): Illuminate\\Pipeline\\Pipeline->{closure:{closure:Illuminate\\Pipeline\\Pipeline::carry():183}:184}(Object(Illuminate\\Http\\Request))
#54 D:\\praktikum_laravel\\laravelPraktikum\\vendor\\laravel\\framework\\src\\Illuminate\\Pipeline\\Pipeline.php(208): Illuminate\\Http\\Middleware\\TrustProxies->handle(Object(Illuminate\\Http\\Request), Object(Closure))
#55 D:\\praktikum_laravel\\laravelPraktikum\\vendor\\laravel\\framework\\src\\Illuminate\\Foundation\\Http\\Middleware\\InvokeDeferredCallbacks.php(22): Illuminate\\Pipeline\\Pipeline->{closure:{closure:Illuminate\\Pipeline\\Pipeline::carry():183}:184}(Object(Illuminate\\Http\\Request))
#56 D:\\praktikum_laravel\\laravelPraktikum\\vendor\\laravel\\framework\\src\\Illuminate\\Pipeline\\Pipeline.php(208): Illuminate\\Foundation\\Http\\Middleware\\InvokeDeferredCallbacks->handle(Object(Illuminate\\Http\\Request), Object(Closure))
#57 D:\\praktikum_laravel\\laravelPraktikum\\vendor\\laravel\\framework\\src\\Illuminate\\Http\\Middleware\\ValidatePathEncoding.php(26): Illuminate\\Pipeline\\Pipeline->{closure:{closure:Illuminate\\Pipeline\\Pipeline::carry():183}:184}(Object(Illuminate\\Http\\Request))
#58 D:\\praktikum_laravel\\laravelPraktikum\\vendor\\laravel\\framework\\src\\Illuminate\\Pipeline\\Pipeline.php(208): Illuminate\\Http\\Middleware\\ValidatePathEncoding->handle(Object(Illuminate\\Http\\Request), Object(Closure))
#59 D:\\praktikum_laravel\\laravelPraktikum\\vendor\\laravel\\framework\\src\\Illuminate\\Pipeline\\Pipeline.php(126): Illuminate\\Pipeline\\Pipeline->{closure:{closure:Illuminate\\Pipeline\\Pipeline::carry():183}:184}(Object(Illuminate\\Http\\Request))
#60 D:\\praktikum_laravel\\laravelPraktikum\\vendor\\laravel\\framework\\src\\Illuminate\\Foundation\\Http\\Kernel.php(175): Illuminate\\Pipeline\\Pipeline->then(Object(Closure))
#61 D:\\praktikum_laravel\\laravelPraktikum\\vendor\\laravel\\framework\\src\\Illuminate\\Foundation\\Http\\Kernel.php(144): Illuminate\\Foundation\\Http\\Kernel->sendRequestThroughRouter(Object(Illuminate\\Http\\Request))
#62 D:\\praktikum_laravel\\laravelPraktikum\\vendor\\laravel\\framework\\src\\Illuminate\\Foundation\\Application.php(1219): Illuminate\\Foundation\\Http\\Kernel->handle(Object(Illuminate\\Http\\Request))
#63 D:\\praktikum_laravel\\laravelPraktikum\\public\\index.php(20): Illuminate\\Foundation\\Application->handleRequest(Object(Illuminate\\Http\\Request))
#64 D:\\praktikum_laravel\\laravelPraktikum\\vendor\\laravel\\framework\\src\\Illuminate\\Foundation\\resources\\server.php(23): require_once('D:\\\\praktikum_la...')
#65 {main}
"} 
[2025-05-22 03:11:36] local.ERROR: SQLSTATE[HY000] [2002] No connection could be made because the target machine actively refused it (Connection: mysql, SQL: select * from `sessions` where `id` = CBaT6rAeTodtWuRUI2bXVc9E654VdYTPyvkJFm9U limit 1) {"exception":"[object] (Illuminate\\Database\\QueryException(code: 2002): SQLSTATE[HY000] [2002] No connection could be made because the target machine actively refused it (Connection: mysql, SQL: select * from `sessions` where `id` = CBaT6rAeTodtWuRUI2bXVc9E654VdYTPyvkJFm9U limit 1) at D:\\praktikum_laravel\\laravelPraktikum\\vendor\\laravel\\framework\\src\\Illuminate\\Database\\Connection.php:822)
[stacktrace]
#0 D:\\praktikum_laravel\\laravelPraktikum\\vendor\\laravel\\framework\\src\\Illuminate\\Database\\Connection.php(976): Illuminate\\Database\\Connection->runQueryCallback('select * from `...', Array, Object(Closure))
#1 D:\\praktikum_laravel\\laravelPraktikum\\vendor\\laravel\\framework\\src\\Illuminate\\Database\\Connection.php(955): Illuminate\\Database\\Connection->tryAgainIfCausedByLostConnection(Object(Illuminate\\Database\\QueryException), 'select * from `...', Array, Object(Closure))
#2 D:\\praktikum_laravel\\laravelPraktikum\\vendor\\laravel\\framework\\src\\Illuminate\\Database\\Connection.php(778): Illuminate\\Database\\Connection->handleQueryException(Object(Illuminate\\Database\\QueryException), 'select * from `...', Array, Object(Closure))
#3 D:\\praktikum_laravel\\laravelPraktikum\\vendor\\laravel\\framework\\src\\Illuminate\\Database\\Connection.php(395): Illuminate\\Database\\Connection->run('select * from `...', Array, Object(Closure))
#4 D:\\praktikum_laravel\\laravelPraktikum\\vendor\\laravel\\framework\\src\\Illuminate\\Database\\Query\\Builder.php(3120): Illuminate\\Database\\Connection->select('select * from `...', Array, false)
#5 D:\\praktikum_laravel\\laravelPraktikum\\vendor\\laravel\\framework\\src\\Illuminate\\Database\\Query\\Builder.php(3105): Illuminate\\Database\\Query\\Builder->runSelect()
#6 D:\\praktikum_laravel\\laravelPraktikum\\vendor\\laravel\\framework\\src\\Illuminate\\Database\\Query\\Builder.php(3695): Illuminate\\Database\\Query\\Builder->{closure:Illuminate\\Database\\Query\\Builder::get():3104}()
#7 D:\\praktikum_laravel\\laravelPraktikum\\vendor\\laravel\\framework\\src\\Illuminate\\Database\\Query\\Builder.php(3104): Illuminate\\Database\\Query\\Builder->onceWithColumns(Array, Object(Closure))
#8 D:\\praktikum_laravel\\laravelPraktikum\\vendor\\laravel\\framework\\src\\Illuminate\\Database\\Concerns\\BuildsQueries.php(366): Illuminate\\Database\\Query\\Builder->get(Array)
#9 D:\\praktikum_laravel\\laravelPraktikum\\vendor\\laravel\\framework\\src\\Illuminate\\Database\\Query\\Builder.php(3027): Illuminate\\Database\\Query\\Builder->first(Array)
#10 D:\\praktikum_laravel\\laravelPraktikum\\vendor\\laravel\\framework\\src\\Illuminate\\Session\\DatabaseSessionHandler.php(96): Illuminate\\Database\\Query\\Builder->find('CBaT6rAeTodtWuR...')
#11 D:\\praktikum_laravel\\laravelPraktikum\\vendor\\laravel\\framework\\src\\Illuminate\\Session\\Store.php(116): Illuminate\\Session\\DatabaseSessionHandler->read('CBaT6rAeTodtWuR...')
#12 D:\\praktikum_laravel\\laravelPraktikum\\vendor\\laravel\\framework\\src\\Illuminate\\Session\\Store.php(104): Illuminate\\Session\\Store->readFromHandler()
#13 D:\\praktikum_laravel\\laravelPraktikum\\vendor\\laravel\\framework\\src\\Illuminate\\Session\\Store.php(88): Illuminate\\Session\\Store->loadSession()
#14 D:\\praktikum_laravel\\laravelPraktikum\\vendor\\laravel\\framework\\src\\Illuminate\\Session\\Middleware\\StartSession.php(146): Illuminate\\Session\\Store->start()
#15 D:\\praktikum_laravel\\laravelPraktikum\\vendor\\laravel\\framework\\src\\Illuminate\\Support\\helpers.php(399): Illuminate\\Session\\Middleware\\StartSession->{closure:Illuminate\\Session\\Middleware\\StartSession::startSession():143}(Object(Illuminate\\Session\\Store))
#16 D:\\praktikum_laravel\\laravelPraktikum\\vendor\\laravel\\framework\\src\\Illuminate\\Session\\Middleware\\StartSession.php(143): tap(Object(Illuminate\\Session\\Store), Object(Closure))
#17 D:\\praktikum_laravel\\laravelPraktikum\\vendor\\laravel\\framework\\src\\Illuminate\\Session\\Middleware\\StartSession.php(115): Illuminate\\Session\\Middleware\\StartSession->startSession(Object(Illuminate\\Http\\Request), Object(Illuminate\\Session\\Store))
#18 D:\\praktikum_laravel\\laravelPraktikum\\vendor\\laravel\\framework\\src\\Illuminate\\Session\\Middleware\\StartSession.php(63): Illuminate\\Session\\Middleware\\StartSession->handleStatefulRequest(Object(Illuminate\\Http\\Request), Object(Illuminate\\Session\\Store), Object(Closure))
#19 D:\\praktikum_laravel\\laravelPraktikum\\vendor\\laravel\\framework\\src\\Illuminate\\Pipeline\\Pipeline.php(208): Illuminate\\Session\\Middleware\\StartSession->handle(Object(Illuminate\\Http\\Request), Object(Closure))
#20 D:\\praktikum_laravel\\laravelPraktikum\\vendor\\laravel\\framework\\src\\Illuminate\\Cookie\\Middleware\\AddQueuedCookiesToResponse.php(36): Illuminate\\Pipeline\\Pipeline->{closure:{closure:Illuminate\\Pipeline\\Pipeline::carry():183}:184}(Object(Illuminate\\Http\\Request))
#21 D:\\praktikum_laravel\\laravelPraktikum\\vendor\\laravel\\framework\\src\\Illuminate\\Pipeline\\Pipeline.php(208): Illuminate\\Cookie\\Middleware\\AddQueuedCookiesToResponse->handle(Object(Illuminate\\Http\\Request), Object(Closure))
#22 D:\\praktikum_laravel\\laravelPraktikum\\vendor\\laravel\\framework\\src\\Illuminate\\Cookie\\Middleware\\EncryptCookies.php(74): Illuminate\\Pipeline\\Pipeline->{closure:{closure:Illuminate\\Pipeline\\Pipeline::carry():183}:184}(Object(Illuminate\\Http\\Request))
#23 D:\\praktikum_laravel\\laravelPraktikum\\vendor\\laravel\\framework\\src\\Illuminate\\Pipeline\\Pipeline.php(208): Illuminate\\Cookie\\Middleware\\EncryptCookies->handle(Object(Illuminate\\Http\\Request), Object(Closure))
#24 D:\\praktikum_laravel\\laravelPraktikum\\vendor\\laravel\\framework\\src\\Illuminate\\Pipeline\\Pipeline.php(126): Illuminate\\Pipeline\\Pipeline->{closure:{closure:Illuminate\\Pipeline\\Pipeline::carry():183}:184}(Object(Illuminate\\Http\\Request))
#25 D:\\praktikum_laravel\\laravelPraktikum\\vendor\\laravel\\framework\\src\\Illuminate\\Routing\\Router.php(807): Illuminate\\Pipeline\\Pipeline->then(Object(Closure))
#26 D:\\praktikum_laravel\\laravelPraktikum\\vendor\\laravel\\framework\\src\\Illuminate\\Routing\\Router.php(786): Illuminate\\Routing\\Router->runRouteWithinStack(Object(Illuminate\\Routing\\Route), Object(Illuminate\\Http\\Request))
#27 D:\\praktikum_laravel\\laravelPraktikum\\vendor\\laravel\\framework\\src\\Illuminate\\Routing\\Router.php(750): Illuminate\\Routing\\Router->runRoute(Object(Illuminate\\Http\\Request), Object(Illuminate\\Routing\\Route))
#28 D:\\praktikum_laravel\\laravelPraktikum\\vendor\\laravel\\framework\\src\\Illuminate\\Routing\\Router.php(739): Illuminate\\Routing\\Router->dispatchToRoute(Object(Illuminate\\Http\\Request))
#29 D:\\praktikum_laravel\\laravelPraktikum\\vendor\\laravel\\framework\\src\\Illuminate\\Foundation\\Http\\Kernel.php(200): Illuminate\\Routing\\Router->dispatch(Object(Illuminate\\Http\\Request))
#30 D:\\praktikum_laravel\\laravelPraktikum\\vendor\\laravel\\framework\\src\\Illuminate\\Pipeline\\Pipeline.php(169): Illuminate\\Foundation\\Http\\Kernel->{closure:Illuminate\\Foundation\\Http\\Kernel::dispatchToRouter():197}(Object(Illuminate\\Http\\Request))
#31 D:\\praktikum_laravel\\laravelPraktikum\\vendor\\laravel\\framework\\src\\Illuminate\\Foundation\\Http\\Middleware\\TransformsRequest.php(21): Illuminate\\Pipeline\\Pipeline->{closure:Illuminate\\Pipeline\\Pipeline::prepareDestination():167}(Object(Illuminate\\Http\\Request))
#32 D:\\praktikum_laravel\\laravelPraktikum\\vendor\\laravel\\framework\\src\\Illuminate\\Foundation\\Http\\Middleware\\ConvertEmptyStringsToNull.php(31): Illuminate\\Foundation\\Http\\Middleware\\TransformsRequest->handle(Object(Illuminate\\Http\\Request), Object(Closure))
#33 D:\\praktikum_laravel\\laravelPraktikum\\vendor\\laravel\\framework\\src\\Illuminate\\Pipeline\\Pipeline.php(208): Illuminate\\Foundation\\Http\\Middleware\\ConvertEmptyStringsToNull->handle(Object(Illuminate\\Http\\Request), Object(Closure))
#34 D:\\praktikum_laravel\\laravelPraktikum\\vendor\\laravel\\framework\\src\\Illuminate\\Foundation\\Http\\Middleware\\TransformsRequest.php(21): Illuminate\\Pipeline\\Pipeline->{closure:{closure:Illuminate\\Pipeline\\Pipeline::carry():183}:184}(Object(Illuminate\\Http\\Request))
#35 D:\\praktikum_laravel\\laravelPraktikum\\vendor\\laravel\\framework\\src\\Illuminate\\Foundation\\Http\\Middleware\\TrimStrings.php(51): Illuminate\\Foundation\\Http\\Middleware\\TransformsRequest->handle(Object(Illuminate\\Http\\Request), Object(Closure))
#36 D:\\praktikum_laravel\\laravelPraktikum\\vendor\\laravel\\framework\\src\\Illuminate\\Pipeline\\Pipeline.php(208): Illuminate\\Foundation\\Http\\Middleware\\TrimStrings->handle(Object(Illuminate\\Http\\Request), Object(Closure))
#37 D:\\praktikum_laravel\\laravelPraktikum\\vendor\\laravel\\framework\\src\\Illuminate\\Http\\Middleware\\ValidatePostSize.php(27): Illuminate\\Pipeline\\Pipeline->{closure:{closure:Illuminate\\Pipeline\\Pipeline::carry():183}:184}(Object(Illuminate\\Http\\Request))
#38 D:\\praktikum_laravel\\laravelPraktikum\\vendor\\laravel\\framework\\src\\Illuminate\\Pipeline\\Pipeline.php(208): Illuminate\\Http\\Middleware\\ValidatePostSize->handle(Object(Illuminate\\Http\\Request), Object(Closure))
#39 D:\\praktikum_laravel\\laravelPraktikum\\vendor\\laravel\\framework\\src\\Illuminate\\Foundation\\Http\\Middleware\\PreventRequestsDuringMaintenance.php(109): Illuminate\\Pipeline\\Pipeline->{closure:{closure:Illuminate\\Pipeline\\Pipeline::carry():183}:184}(Object(Illuminate\\Http\\Request))
#40 D:\\praktikum_laravel\\laravelPraktikum\\vendor\\laravel\\framework\\src\\Illuminate\\Pipeline\\Pipeline.php(208): Illuminate\\Foundation\\Http\\Middleware\\PreventRequestsDuringMaintenance->handle(Object(Illuminate\\Http\\Request), Object(Closure))
#41 D:\\praktikum_laravel\\laravelPraktikum\\vendor\\laravel\\framework\\src\\Illuminate\\Http\\Middleware\\HandleCors.php(48): Illuminate\\Pipeline\\Pipeline->{closure:{closure:Illuminate\\Pipeline\\Pipeline::carry():183}:184}(Object(Illuminate\\Http\\Request))
#42 D:\\praktikum_laravel\\laravelPraktikum\\vendor\\laravel\\framework\\src\\Illuminate\\Pipeline\\Pipeline.php(208): Illuminate\\Http\\Middleware\\HandleCors->handle(Object(Illuminate\\Http\\Request), Object(Closure))
#43 D:\\praktikum_laravel\\laravelPraktikum\\vendor\\laravel\\framework\\src\\Illuminate\\Http\\Middleware\\TrustProxies.php(58): Illuminate\\Pipeline\\Pipeline->{closure:{closure:Illuminate\\Pipeline\\Pipeline::carry():183}:184}(Object(Illuminate\\Http\\Request))
#44 D:\\praktikum_laravel\\laravelPraktikum\\vendor\\laravel\\framework\\src\\Illuminate\\Pipeline\\Pipeline.php(208): Illuminate\\Http\\Middleware\\TrustProxies->handle(Object(Illuminate\\Http\\Request), Object(Closure))
#45 D:\\praktikum_laravel\\laravelPraktikum\\vendor\\laravel\\framework\\src\\Illuminate\\Foundation\\Http\\Middleware\\InvokeDeferredCallbacks.php(22): Illuminate\\Pipeline\\Pipeline->{closure:{closure:Illuminate\\Pipeline\\Pipeline::carry():183}:184}(Object(Illuminate\\Http\\Request))
#46 D:\\praktikum_laravel\\laravelPraktikum\\vendor\\laravel\\framework\\src\\Illuminate\\Pipeline\\Pipeline.php(208): Illuminate\\Foundation\\Http\\Middleware\\InvokeDeferredCallbacks->handle(Object(Illuminate\\Http\\Request), Object(Closure))
#47 D:\\praktikum_laravel\\laravelPraktikum\\vendor\\laravel\\framework\\src\\Illuminate\\Http\\Middleware\\ValidatePathEncoding.php(26): Illuminate\\Pipeline\\Pipeline->{closure:{closure:Illuminate\\Pipeline\\Pipeline::carry():183}:184}(Object(Illuminate\\Http\\Request))
#48 D:\\praktikum_laravel\\laravelPraktikum\\vendor\\laravel\\framework\\src\\Illuminate\\Pipeline\\Pipeline.php(208): Illuminate\\Http\\Middleware\\ValidatePathEncoding->handle(Object(Illuminate\\Http\\Request), Object(Closure))
#49 D:\\praktikum_laravel\\laravelPraktikum\\vendor\\laravel\\framework\\src\\Illuminate\\Pipeline\\Pipeline.php(126): Illuminate\\Pipeline\\Pipeline->{closure:{closure:Illuminate\\Pipeline\\Pipeline::carry():183}:184}(Object(Illuminate\\Http\\Request))
#50 D:\\praktikum_laravel\\laravelPraktikum\\vendor\\laravel\\framework\\src\\Illuminate\\Foundation\\Http\\Kernel.php(175): Illuminate\\Pipeline\\Pipeline->then(Object(Closure))
#51 D:\\praktikum_laravel\\laravelPraktikum\\vendor\\laravel\\framework\\src\\Illuminate\\Foundation\\Http\\Kernel.php(144): Illuminate\\Foundation\\Http\\Kernel->sendRequestThroughRouter(Object(Illuminate\\Http\\Request))
#52 D:\\praktikum_laravel\\laravelPraktikum\\vendor\\laravel\\framework\\src\\Illuminate\\Foundation\\Application.php(1219): Illuminate\\Foundation\\Http\\Kernel->handle(Object(Illuminate\\Http\\Request))
#53 D:\\praktikum_laravel\\laravelPraktikum\\public\\index.php(20): Illuminate\\Foundation\\Application->handleRequest(Object(Illuminate\\Http\\Request))
#54 D:\\praktikum_laravel\\laravelPraktikum\\vendor\\laravel\\framework\\src\\Illuminate\\Foundation\\resources\\server.php(23): require_once('D:\\\\praktikum_la...')
#55 {main}

[previous exception] [object] (PDOException(code: 2002): SQLSTATE[HY000] [2002] No connection could be made because the target machine actively refused it at D:\\praktikum_laravel\\laravelPraktikum\\vendor\\laravel\\framework\\src\\Illuminate\\Database\\Connectors\\Connector.php:67)
[stacktrace]
#0 D:\\praktikum_laravel\\laravelPraktikum\\vendor\\laravel\\framework\\src\\Illuminate\\Database\\Connectors\\Connector.php(67): PDO::connect('mysql:host=127....', 'root', Object(SensitiveParameterValue), Array)
#1 D:\\praktikum_laravel\\laravelPraktikum\\vendor\\laravel\\framework\\src\\Illuminate\\Database\\Connectors\\Connector.php(85): Illuminate\\Database\\Connectors\\Connector->createPdoConnection('mysql:host=127....', 'root', Object(SensitiveParameterValue), Array)
#2 D:\\praktikum_laravel\\laravelPraktikum\\vendor\\laravel\\framework\\src\\Illuminate\\Database\\Connectors\\Connector.php(48): Illuminate\\Database\\Connectors\\Connector->tryAgainIfCausedByLostConnection(Object(PDOException), 'mysql:host=127....', 'root', Object(SensitiveParameterValue), Array)
#3 D:\\praktikum_laravel\\laravelPraktikum\\vendor\\laravel\\framework\\src\\Illuminate\\Database\\Connectors\\MySqlConnector.php(24): Illuminate\\Database\\Connectors\\Connector->createConnection('mysql:host=127....', Array, Array)
#4 D:\\praktikum_laravel\\laravelPraktikum\\vendor\\laravel\\framework\\src\\Illuminate\\Database\\Connectors\\ConnectionFactory.php(184): Illuminate\\Database\\Connectors\\MySqlConnector->connect(Array)
#5 [internal function]: Illuminate\\Database\\Connectors\\ConnectionFactory->{closure:Illuminate\\Database\\Connectors\\ConnectionFactory::createPdoResolverWithHosts():179}()
#6 D:\\praktikum_laravel\\laravelPraktikum\\vendor\\laravel\\framework\\src\\Illuminate\\Database\\Connection.php(1228): call_user_func(Object(Closure))
#7 D:\\praktikum_laravel\\laravelPraktikum\\vendor\\laravel\\framework\\src\\Illuminate\\Database\\Connection.php(509): Illuminate\\Database\\Connection->getPdo()
#8 D:\\praktikum_laravel\\laravelPraktikum\\vendor\\laravel\\framework\\src\\Illuminate\\Database\\Connection.php(404): Illuminate\\Database\\Connection->getPdoForSelect(false)
#9 D:\\praktikum_laravel\\laravelPraktikum\\vendor\\laravel\\framework\\src\\Illuminate\\Database\\Connection.php(809): Illuminate\\Database\\Connection->{closure:Illuminate\\Database\\Connection::select():395}('select * from `...', Array)
#10 D:\\praktikum_laravel\\laravelPraktikum\\vendor\\laravel\\framework\\src\\Illuminate\\Database\\Connection.php(976): Illuminate\\Database\\Connection->runQueryCallback('select * from `...', Array, Object(Closure))
#11 D:\\praktikum_laravel\\laravelPraktikum\\vendor\\laravel\\framework\\src\\Illuminate\\Database\\Connection.php(955): Illuminate\\Database\\Connection->tryAgainIfCausedByLostConnection(Object(Illuminate\\Database\\QueryException), 'select * from `...', Array, Object(Closure))
#12 D:\\praktikum_laravel\\laravelPraktikum\\vendor\\laravel\\framework\\src\\Illuminate\\Database\\Connection.php(778): Illuminate\\Database\\Connection->handleQueryException(Object(Illuminate\\Database\\QueryException), 'select * from `...', Array, Object(Closure))
#13 D:\\praktikum_laravel\\laravelPraktikum\\vendor\\laravel\\framework\\src\\Illuminate\\Database\\Connection.php(395): Illuminate\\Database\\Connection->run('select * from `...', Array, Object(Closure))
#14 D:\\praktikum_laravel\\laravelPraktikum\\vendor\\laravel\\framework\\src\\Illuminate\\Database\\Query\\Builder.php(3120): Illuminate\\Database\\Connection->select('select * from `...', Array, false)
#15 D:\\praktikum_laravel\\laravelPraktikum\\vendor\\laravel\\framework\\src\\Illuminate\\Database\\Query\\Builder.php(3105): Illuminate\\Database\\Query\\Builder->runSelect()
#16 D:\\praktikum_laravel\\laravelPraktikum\\vendor\\laravel\\framework\\src\\Illuminate\\Database\\Query\\Builder.php(3695): Illuminate\\Database\\Query\\Builder->{closure:Illuminate\\Database\\Query\\Builder::get():3104}()
#17 D:\\praktikum_laravel\\laravelPraktikum\\vendor\\laravel\\framework\\src\\Illuminate\\Database\\Query\\Builder.php(3104): Illuminate\\Database\\Query\\Builder->onceWithColumns(Array, Object(Closure))
#18 D:\\praktikum_laravel\\laravelPraktikum\\vendor\\laravel\\framework\\src\\Illuminate\\Database\\Concerns\\BuildsQueries.php(366): Illuminate\\Database\\Query\\Builder->get(Array)
#19 D:\\praktikum_laravel\\laravelPraktikum\\vendor\\laravel\\framework\\src\\Illuminate\\Database\\Query\\Builder.php(3027): Illuminate\\Database\\Query\\Builder->first(Array)
#20 D:\\praktikum_laravel\\laravelPraktikum\\vendor\\laravel\\framework\\src\\Illuminate\\Session\\DatabaseSessionHandler.php(96): Illuminate\\Database\\Query\\Builder->find('CBaT6rAeTodtWuR...')
#21 D:\\praktikum_laravel\\laravelPraktikum\\vendor\\laravel\\framework\\src\\Illuminate\\Session\\Store.php(116): Illuminate\\Session\\DatabaseSessionHandler->read('CBaT6rAeTodtWuR...')
#22 D:\\praktikum_laravel\\laravelPraktikum\\vendor\\laravel\\framework\\src\\Illuminate\\Session\\Store.php(104): Illuminate\\Session\\Store->readFromHandler()
#23 D:\\praktikum_laravel\\laravelPraktikum\\vendor\\laravel\\framework\\src\\Illuminate\\Session\\Store.php(88): Illuminate\\Session\\Store->loadSession()
#24 D:\\praktikum_laravel\\laravelPraktikum\\vendor\\laravel\\framework\\src\\Illuminate\\Session\\Middleware\\StartSession.php(146): Illuminate\\Session\\Store->start()
#25 D:\\praktikum_laravel\\laravelPraktikum\\vendor\\laravel\\framework\\src\\Illuminate\\Support\\helpers.php(399): Illuminate\\Session\\Middleware\\StartSession->{closure:Illuminate\\Session\\Middleware\\StartSession::startSession():143}(Object(Illuminate\\Session\\Store))
#26 D:\\praktikum_laravel\\laravelPraktikum\\vendor\\laravel\\framework\\src\\Illuminate\\Session\\Middleware\\StartSession.php(143): tap(Object(Illuminate\\Session\\Store), Object(Closure))
#27 D:\\praktikum_laravel\\laravelPraktikum\\vendor\\laravel\\framework\\src\\Illuminate\\Session\\Middleware\\StartSession.php(115): Illuminate\\Session\\Middleware\\StartSession->startSession(Object(Illuminate\\Http\\Request), Object(Illuminate\\Session\\Store))
#28 D:\\praktikum_laravel\\laravelPraktikum\\vendor\\laravel\\framework\\src\\Illuminate\\Session\\Middleware\\StartSession.php(63): Illuminate\\Session\\Middleware\\StartSession->handleStatefulRequest(Object(Illuminate\\Http\\Request), Object(Illuminate\\Session\\Store), Object(Closure))
#29 D:\\praktikum_laravel\\laravelPraktikum\\vendor\\laravel\\framework\\src\\Illuminate\\Pipeline\\Pipeline.php(208): Illuminate\\Session\\Middleware\\StartSession->handle(Object(Illuminate\\Http\\Request), Object(Closure))
#30 D:\\praktikum_laravel\\laravelPraktikum\\vendor\\laravel\\framework\\src\\Illuminate\\Cookie\\Middleware\\AddQueuedCookiesToResponse.php(36): Illuminate\\Pipeline\\Pipeline->{closure:{closure:Illuminate\\Pipeline\\Pipeline::carry():183}:184}(Object(Illuminate\\Http\\Request))
#31 D:\\praktikum_laravel\\laravelPraktikum\\vendor\\laravel\\framework\\src\\Illuminate\\Pipeline\\Pipeline.php(208): Illuminate\\Cookie\\Middleware\\AddQueuedCookiesToResponse->handle(Object(Illuminate\\Http\\Request), Object(Closure))
#32 D:\\praktikum_laravel\\laravelPraktikum\\vendor\\laravel\\framework\\src\\Illuminate\\Cookie\\Middleware\\EncryptCookies.php(74): Illuminate\\Pipeline\\Pipeline->{closure:{closure:Illuminate\\Pipeline\\Pipeline::carry():183}:184}(Object(Illuminate\\Http\\Request))
#33 D:\\praktikum_laravel\\laravelPraktikum\\vendor\\laravel\\framework\\src\\Illuminate\\Pipeline\\Pipeline.php(208): Illuminate\\Cookie\\Middleware\\EncryptCookies->handle(Object(Illuminate\\Http\\Request), Object(Closure))
#34 D:\\praktikum_laravel\\laravelPraktikum\\vendor\\laravel\\framework\\src\\Illuminate\\Pipeline\\Pipeline.php(126): Illuminate\\Pipeline\\Pipeline->{closure:{closure:Illuminate\\Pipeline\\Pipeline::carry():183}:184}(Object(Illuminate\\Http\\Request))
#35 D:\\praktikum_laravel\\laravelPraktikum\\vendor\\laravel\\framework\\src\\Illuminate\\Routing\\Router.php(807): Illuminate\\Pipeline\\Pipeline->then(Object(Closure))
#36 D:\\praktikum_laravel\\laravelPraktikum\\vendor\\laravel\\framework\\src\\Illuminate\\Routing\\Router.php(786): Illuminate\\Routing\\Router->runRouteWithinStack(Object(Illuminate\\Routing\\Route), Object(Illuminate\\Http\\Request))
#37 D:\\praktikum_laravel\\laravelPraktikum\\vendor\\laravel\\framework\\src\\Illuminate\\Routing\\Router.php(750): Illuminate\\Routing\\Router->runRoute(Object(Illuminate\\Http\\Request), Object(Illuminate\\Routing\\Route))
#38 D:\\praktikum_laravel\\laravelPraktikum\\vendor\\laravel\\framework\\src\\Illuminate\\Routing\\Router.php(739): Illuminate\\Routing\\Router->dispatchToRoute(Object(Illuminate\\Http\\Request))
#39 D:\\praktikum_laravel\\laravelPraktikum\\vendor\\laravel\\framework\\src\\Illuminate\\Foundation\\Http\\Kernel.php(200): Illuminate\\Routing\\Router->dispatch(Object(Illuminate\\Http\\Request))
#40 D:\\praktikum_laravel\\laravelPraktikum\\vendor\\laravel\\framework\\src\\Illuminate\\Pipeline\\Pipeline.php(169): Illuminate\\Foundation\\Http\\Kernel->{closure:Illuminate\\Foundation\\Http\\Kernel::dispatchToRouter():197}(Object(Illuminate\\Http\\Request))
#41 D:\\praktikum_laravel\\laravelPraktikum\\vendor\\laravel\\framework\\src\\Illuminate\\Foundation\\Http\\Middleware\\TransformsRequest.php(21): Illuminate\\Pipeline\\Pipeline->{closure:Illuminate\\Pipeline\\Pipeline::prepareDestination():167}(Object(Illuminate\\Http\\Request))
#42 D:\\praktikum_laravel\\laravelPraktikum\\vendor\\laravel\\framework\\src\\Illuminate\\Foundation\\Http\\Middleware\\ConvertEmptyStringsToNull.php(31): Illuminate\\Foundation\\Http\\Middleware\\TransformsRequest->handle(Object(Illuminate\\Http\\Request), Object(Closure))
#43 D:\\praktikum_laravel\\laravelPraktikum\\vendor\\laravel\\framework\\src\\Illuminate\\Pipeline\\Pipeline.php(208): Illuminate\\Foundation\\Http\\Middleware\\ConvertEmptyStringsToNull->handle(Object(Illuminate\\Http\\Request), Object(Closure))
#44 D:\\praktikum_laravel\\laravelPraktikum\\vendor\\laravel\\framework\\src\\Illuminate\\Foundation\\Http\\Middleware\\TransformsRequest.php(21): Illuminate\\Pipeline\\Pipeline->{closure:{closure:Illuminate\\Pipeline\\Pipeline::carry():183}:184}(Object(Illuminate\\Http\\Request))
#45 D:\\praktikum_laravel\\laravelPraktikum\\vendor\\laravel\\framework\\src\\Illuminate\\Foundation\\Http\\Middleware\\TrimStrings.php(51): Illuminate\\Foundation\\Http\\Middleware\\TransformsRequest->handle(Object(Illuminate\\Http\\Request), Object(Closure))
#46 D:\\praktikum_laravel\\laravelPraktikum\\vendor\\laravel\\framework\\src\\Illuminate\\Pipeline\\Pipeline.php(208): Illuminate\\Foundation\\Http\\Middleware\\TrimStrings->handle(Object(Illuminate\\Http\\Request), Object(Closure))
#47 D:\\praktikum_laravel\\laravelPraktikum\\vendor\\laravel\\framework\\src\\Illuminate\\Http\\Middleware\\ValidatePostSize.php(27): Illuminate\\Pipeline\\Pipeline->{closure:{closure:Illuminate\\Pipeline\\Pipeline::carry():183}:184}(Object(Illuminate\\Http\\Request))
#48 D:\\praktikum_laravel\\laravelPraktikum\\vendor\\laravel\\framework\\src\\Illuminate\\Pipeline\\Pipeline.php(208): Illuminate\\Http\\Middleware\\ValidatePostSize->handle(Object(Illuminate\\Http\\Request), Object(Closure))
#49 D:\\praktikum_laravel\\laravelPraktikum\\vendor\\laravel\\framework\\src\\Illuminate\\Foundation\\Http\\Middleware\\PreventRequestsDuringMaintenance.php(109): Illuminate\\Pipeline\\Pipeline->{closure:{closure:Illuminate\\Pipeline\\Pipeline::carry():183}:184}(Object(Illuminate\\Http\\Request))
#50 D:\\praktikum_laravel\\laravelPraktikum\\vendor\\laravel\\framework\\src\\Illuminate\\Pipeline\\Pipeline.php(208): Illuminate\\Foundation\\Http\\Middleware\\PreventRequestsDuringMaintenance->handle(Object(Illuminate\\Http\\Request), Object(Closure))
#51 D:\\praktikum_laravel\\laravelPraktikum\\vendor\\laravel\\framework\\src\\Illuminate\\Http\\Middleware\\HandleCors.php(48): Illuminate\\Pipeline\\Pipeline->{closure:{closure:Illuminate\\Pipeline\\Pipeline::carry():183}:184}(Object(Illuminate\\Http\\Request))
#52 D:\\praktikum_laravel\\laravelPraktikum\\vendor\\laravel\\framework\\src\\Illuminate\\Pipeline\\Pipeline.php(208): Illuminate\\Http\\Middleware\\HandleCors->handle(Object(Illuminate\\Http\\Request), Object(Closure))
#53 D:\\praktikum_laravel\\laravelPraktikum\\vendor\\laravel\\framework\\src\\Illuminate\\Http\\Middleware\\TrustProxies.php(58): Illuminate\\Pipeline\\Pipeline->{closure:{closure:Illuminate\\Pipeline\\Pipeline::carry():183}:184}(Object(Illuminate\\Http\\Request))
#54 D:\\praktikum_laravel\\laravelPraktikum\\vendor\\laravel\\framework\\src\\Illuminate\\Pipeline\\Pipeline.php(208): Illuminate\\Http\\Middleware\\TrustProxies->handle(Object(Illuminate\\Http\\Request), Object(Closure))
#55 D:\\praktikum_laravel\\laravelPraktikum\\vendor\\laravel\\framework\\src\\Illuminate\\Foundation\\Http\\Middleware\\InvokeDeferredCallbacks.php(22): Illuminate\\Pipeline\\Pipeline->{closure:{closure:Illuminate\\Pipeline\\Pipeline::carry():183}:184}(Object(Illuminate\\Http\\Request))
#56 D:\\praktikum_laravel\\laravelPraktikum\\vendor\\laravel\\framework\\src\\Illuminate\\Pipeline\\Pipeline.php(208): Illuminate\\Foundation\\Http\\Middleware\\InvokeDeferredCallbacks->handle(Object(Illuminate\\Http\\Request), Object(Closure))
#57 D:\\praktikum_laravel\\laravelPraktikum\\vendor\\laravel\\framework\\src\\Illuminate\\Http\\Middleware\\ValidatePathEncoding.php(26): Illuminate\\Pipeline\\Pipeline->{closure:{closure:Illuminate\\Pipeline\\Pipeline::carry():183}:184}(Object(Illuminate\\Http\\Request))
#58 D:\\praktikum_laravel\\laravelPraktikum\\vendor\\laravel\\framework\\src\\Illuminate\\Pipeline\\Pipeline.php(208): Illuminate\\Http\\Middleware\\ValidatePathEncoding->handle(Object(Illuminate\\Http\\Request), Object(Closure))
#59 D:\\praktikum_laravel\\laravelPraktikum\\vendor\\laravel\\framework\\src\\Illuminate\\Pipeline\\Pipeline.php(126): Illuminate\\Pipeline\\Pipeline->{closure:{closure:Illuminate\\Pipeline\\Pipeline::carry():183}:184}(Object(Illuminate\\Http\\Request))
#60 D:\\praktikum_laravel\\laravelPraktikum\\vendor\\laravel\\framework\\src\\Illuminate\\Foundation\\Http\\Kernel.php(175): Illuminate\\Pipeline\\Pipeline->then(Object(Closure))
#61 D:\\praktikum_laravel\\laravelPraktikum\\vendor\\laravel\\framework\\src\\Illuminate\\Foundation\\Http\\Kernel.php(144): Illuminate\\Foundation\\Http\\Kernel->sendRequestThroughRouter(Object(Illuminate\\Http\\Request))
#62 D:\\praktikum_laravel\\laravelPraktikum\\vendor\\laravel\\framework\\src\\Illuminate\\Foundation\\Application.php(1219): Illuminate\\Foundation\\Http\\Kernel->handle(Object(Illuminate\\Http\\Request))
#63 D:\\praktikum_laravel\\laravelPraktikum\\public\\index.php(20): Illuminate\\Foundation\\Application->handleRequest(Object(Illuminate\\Http\\Request))
#64 D:\\praktikum_laravel\\laravelPraktikum\\vendor\\laravel\\framework\\src\\Illuminate\\Foundation\\resources\\server.php(23): require_once('D:\\\\praktikum_la...')
#65 {main}
"} 
[2025-05-22 03:11:45] local.ERROR: SQLSTATE[HY000] [2002] No connection could be made because the target machine actively refused it (Connection: mysql, SQL: select * from `sessions` where `id` = up9f3Hl2avSPRkPsfDiLIa700079PpGteGuWCkY9 limit 1) {"exception":"[object] (Illuminate\\Database\\QueryException(code: 2002): SQLSTATE[HY000] [2002] No connection could be made because the target machine actively refused it (Connection: mysql, SQL: select * from `sessions` where `id` = up9f3Hl2avSPRkPsfDiLIa700079PpGteGuWCkY9 limit 1) at D:\\praktikum_laravel\\laravelPraktikum\\vendor\\laravel\\framework\\src\\Illuminate\\Database\\Connection.php:822)
[stacktrace]
#0 D:\\praktikum_laravel\\laravelPraktikum\\vendor\\laravel\\framework\\src\\Illuminate\\Database\\Connection.php(976): Illuminate\\Database\\Connection->runQueryCallback('select * from `...', Array, Object(Closure))
#1 D:\\praktikum_laravel\\laravelPraktikum\\vendor\\laravel\\framework\\src\\Illuminate\\Database\\Connection.php(955): Illuminate\\Database\\Connection->tryAgainIfCausedByLostConnection(Object(Illuminate\\Database\\QueryException), 'select * from `...', Array, Object(Closure))
#2 D:\\praktikum_laravel\\laravelPraktikum\\vendor\\laravel\\framework\\src\\Illuminate\\Database\\Connection.php(778): Illuminate\\Database\\Connection->handleQueryException(Object(Illuminate\\Database\\QueryException), 'select * from `...', Array, Object(Closure))
#3 D:\\praktikum_laravel\\laravelPraktikum\\vendor\\laravel\\framework\\src\\Illuminate\\Database\\Connection.php(395): Illuminate\\Database\\Connection->run('select * from `...', Array, Object(Closure))
#4 D:\\praktikum_laravel\\laravelPraktikum\\vendor\\laravel\\framework\\src\\Illuminate\\Database\\Query\\Builder.php(3120): Illuminate\\Database\\Connection->select('select * from `...', Array, false)
#5 D:\\praktikum_laravel\\laravelPraktikum\\vendor\\laravel\\framework\\src\\Illuminate\\Database\\Query\\Builder.php(3105): Illuminate\\Database\\Query\\Builder->runSelect()
#6 D:\\praktikum_laravel\\laravelPraktikum\\vendor\\laravel\\framework\\src\\Illuminate\\Database\\Query\\Builder.php(3695): Illuminate\\Database\\Query\\Builder->{closure:Illuminate\\Database\\Query\\Builder::get():3104}()
#7 D:\\praktikum_laravel\\laravelPraktikum\\vendor\\laravel\\framework\\src\\Illuminate\\Database\\Query\\Builder.php(3104): Illuminate\\Database\\Query\\Builder->onceWithColumns(Array, Object(Closure))
#8 D:\\praktikum_laravel\\laravelPraktikum\\vendor\\laravel\\framework\\src\\Illuminate\\Database\\Concerns\\BuildsQueries.php(366): Illuminate\\Database\\Query\\Builder->get(Array)
#9 D:\\praktikum_laravel\\laravelPraktikum\\vendor\\laravel\\framework\\src\\Illuminate\\Database\\Query\\Builder.php(3027): Illuminate\\Database\\Query\\Builder->first(Array)
#10 D:\\praktikum_laravel\\laravelPraktikum\\vendor\\laravel\\framework\\src\\Illuminate\\Session\\DatabaseSessionHandler.php(96): Illuminate\\Database\\Query\\Builder->find('up9f3Hl2avSPRkP...')
#11 D:\\praktikum_laravel\\laravelPraktikum\\vendor\\laravel\\framework\\src\\Illuminate\\Session\\Store.php(116): Illuminate\\Session\\DatabaseSessionHandler->read('up9f3Hl2avSPRkP...')
#12 D:\\praktikum_laravel\\laravelPraktikum\\vendor\\laravel\\framework\\src\\Illuminate\\Session\\Store.php(104): Illuminate\\Session\\Store->readFromHandler()
#13 D:\\praktikum_laravel\\laravelPraktikum\\vendor\\laravel\\framework\\src\\Illuminate\\Session\\Store.php(88): Illuminate\\Session\\Store->loadSession()
#14 D:\\praktikum_laravel\\laravelPraktikum\\vendor\\laravel\\framework\\src\\Illuminate\\Session\\Middleware\\StartSession.php(146): Illuminate\\Session\\Store->start()
#15 D:\\praktikum_laravel\\laravelPraktikum\\vendor\\laravel\\framework\\src\\Illuminate\\Support\\helpers.php(399): Illuminate\\Session\\Middleware\\StartSession->{closure:Illuminate\\Session\\Middleware\\StartSession::startSession():143}(Object(Illuminate\\Session\\Store))
#16 D:\\praktikum_laravel\\laravelPraktikum\\vendor\\laravel\\framework\\src\\Illuminate\\Session\\Middleware\\StartSession.php(143): tap(Object(Illuminate\\Session\\Store), Object(Closure))
#17 D:\\praktikum_laravel\\laravelPraktikum\\vendor\\laravel\\framework\\src\\Illuminate\\Session\\Middleware\\StartSession.php(115): Illuminate\\Session\\Middleware\\StartSession->startSession(Object(Illuminate\\Http\\Request), Object(Illuminate\\Session\\Store))
#18 D:\\praktikum_laravel\\laravelPraktikum\\vendor\\laravel\\framework\\src\\Illuminate\\Session\\Middleware\\StartSession.php(63): Illuminate\\Session\\Middleware\\StartSession->handleStatefulRequest(Object(Illuminate\\Http\\Request), Object(Illuminate\\Session\\Store), Object(Closure))
#19 D:\\praktikum_laravel\\laravelPraktikum\\vendor\\laravel\\framework\\src\\Illuminate\\Pipeline\\Pipeline.php(208): Illuminate\\Session\\Middleware\\StartSession->handle(Object(Illuminate\\Http\\Request), Object(Closure))
#20 D:\\praktikum_laravel\\laravelPraktikum\\vendor\\laravel\\framework\\src\\Illuminate\\Cookie\\Middleware\\AddQueuedCookiesToResponse.php(36): Illuminate\\Pipeline\\Pipeline->{closure:{closure:Illuminate\\Pipeline\\Pipeline::carry():183}:184}(Object(Illuminate\\Http\\Request))
#21 D:\\praktikum_laravel\\laravelPraktikum\\vendor\\laravel\\framework\\src\\Illuminate\\Pipeline\\Pipeline.php(208): Illuminate\\Cookie\\Middleware\\AddQueuedCookiesToResponse->handle(Object(Illuminate\\Http\\Request), Object(Closure))
#22 D:\\praktikum_laravel\\laravelPraktikum\\vendor\\laravel\\framework\\src\\Illuminate\\Cookie\\Middleware\\EncryptCookies.php(74): Illuminate\\Pipeline\\Pipeline->{closure:{closure:Illuminate\\Pipeline\\Pipeline::carry():183}:184}(Object(Illuminate\\Http\\Request))
#23 D:\\praktikum_laravel\\laravelPraktikum\\vendor\\laravel\\framework\\src\\Illuminate\\Pipeline\\Pipeline.php(208): Illuminate\\Cookie\\Middleware\\EncryptCookies->handle(Object(Illuminate\\Http\\Request), Object(Closure))
#24 D:\\praktikum_laravel\\laravelPraktikum\\vendor\\laravel\\framework\\src\\Illuminate\\Pipeline\\Pipeline.php(126): Illuminate\\Pipeline\\Pipeline->{closure:{closure:Illuminate\\Pipeline\\Pipeline::carry():183}:184}(Object(Illuminate\\Http\\Request))
#25 D:\\praktikum_laravel\\laravelPraktikum\\vendor\\laravel\\framework\\src\\Illuminate\\Routing\\Router.php(807): Illuminate\\Pipeline\\Pipeline->then(Object(Closure))
#26 D:\\praktikum_laravel\\laravelPraktikum\\vendor\\laravel\\framework\\src\\Illuminate\\Routing\\Router.php(786): Illuminate\\Routing\\Router->runRouteWithinStack(Object(Illuminate\\Routing\\Route), Object(Illuminate\\Http\\Request))
#27 D:\\praktikum_laravel\\laravelPraktikum\\vendor\\laravel\\framework\\src\\Illuminate\\Routing\\Router.php(750): Illuminate\\Routing\\Router->runRoute(Object(Illuminate\\Http\\Request), Object(Illuminate\\Routing\\Route))
#28 D:\\praktikum_laravel\\laravelPraktikum\\vendor\\laravel\\framework\\src\\Illuminate\\Routing\\Router.php(739): Illuminate\\Routing\\Router->dispatchToRoute(Object(Illuminate\\Http\\Request))
#29 D:\\praktikum_laravel\\laravelPraktikum\\vendor\\laravel\\framework\\src\\Illuminate\\Foundation\\Http\\Kernel.php(200): Illuminate\\Routing\\Router->dispatch(Object(Illuminate\\Http\\Request))
#30 D:\\praktikum_laravel\\laravelPraktikum\\vendor\\laravel\\framework\\src\\Illuminate\\Pipeline\\Pipeline.php(169): Illuminate\\Foundation\\Http\\Kernel->{closure:Illuminate\\Foundation\\Http\\Kernel::dispatchToRouter():197}(Object(Illuminate\\Http\\Request))
#31 D:\\praktikum_laravel\\laravelPraktikum\\vendor\\laravel\\framework\\src\\Illuminate\\Foundation\\Http\\Middleware\\TransformsRequest.php(21): Illuminate\\Pipeline\\Pipeline->{closure:Illuminate\\Pipeline\\Pipeline::prepareDestination():167}(Object(Illuminate\\Http\\Request))
#32 D:\\praktikum_laravel\\laravelPraktikum\\vendor\\laravel\\framework\\src\\Illuminate\\Foundation\\Http\\Middleware\\ConvertEmptyStringsToNull.php(31): Illuminate\\Foundation\\Http\\Middleware\\TransformsRequest->handle(Object(Illuminate\\Http\\Request), Object(Closure))
#33 D:\\praktikum_laravel\\laravelPraktikum\\vendor\\laravel\\framework\\src\\Illuminate\\Pipeline\\Pipeline.php(208): Illuminate\\Foundation\\Http\\Middleware\\ConvertEmptyStringsToNull->handle(Object(Illuminate\\Http\\Request), Object(Closure))
#34 D:\\praktikum_laravel\\laravelPraktikum\\vendor\\laravel\\framework\\src\\Illuminate\\Foundation\\Http\\Middleware\\TransformsRequest.php(21): Illuminate\\Pipeline\\Pipeline->{closure:{closure:Illuminate\\Pipeline\\Pipeline::carry():183}:184}(Object(Illuminate\\Http\\Request))
#35 D:\\praktikum_laravel\\laravelPraktikum\\vendor\\laravel\\framework\\src\\Illuminate\\Foundation\\Http\\Middleware\\TrimStrings.php(51): Illuminate\\Foundation\\Http\\Middleware\\TransformsRequest->handle(Object(Illuminate\\Http\\Request), Object(Closure))
#36 D:\\praktikum_laravel\\laravelPraktikum\\vendor\\laravel\\framework\\src\\Illuminate\\Pipeline\\Pipeline.php(208): Illuminate\\Foundation\\Http\\Middleware\\TrimStrings->handle(Object(Illuminate\\Http\\Request), Object(Closure))
#37 D:\\praktikum_laravel\\laravelPraktikum\\vendor\\laravel\\framework\\src\\Illuminate\\Http\\Middleware\\ValidatePostSize.php(27): Illuminate\\Pipeline\\Pipeline->{closure:{closure:Illuminate\\Pipeline\\Pipeline::carry():183}:184}(Object(Illuminate\\Http\\Request))
#38 D:\\praktikum_laravel\\laravelPraktikum\\vendor\\laravel\\framework\\src\\Illuminate\\Pipeline\\Pipeline.php(208): Illuminate\\Http\\Middleware\\ValidatePostSize->handle(Object(Illuminate\\Http\\Request), Object(Closure))
#39 D:\\praktikum_laravel\\laravelPraktikum\\vendor\\laravel\\framework\\src\\Illuminate\\Foundation\\Http\\Middleware\\PreventRequestsDuringMaintenance.php(109): Illuminate\\Pipeline\\Pipeline->{closure:{closure:Illuminate\\Pipeline\\Pipeline::carry():183}:184}(Object(Illuminate\\Http\\Request))
#40 D:\\praktikum_laravel\\laravelPraktikum\\vendor\\laravel\\framework\\src\\Illuminate\\Pipeline\\Pipeline.php(208): Illuminate\\Foundation\\Http\\Middleware\\PreventRequestsDuringMaintenance->handle(Object(Illuminate\\Http\\Request), Object(Closure))
#41 D:\\praktikum_laravel\\laravelPraktikum\\vendor\\laravel\\framework\\src\\Illuminate\\Http\\Middleware\\HandleCors.php(48): Illuminate\\Pipeline\\Pipeline->{closure:{closure:Illuminate\\Pipeline\\Pipeline::carry():183}:184}(Object(Illuminate\\Http\\Request))
#42 D:\\praktikum_laravel\\laravelPraktikum\\vendor\\laravel\\framework\\src\\Illuminate\\Pipeline\\Pipeline.php(208): Illuminate\\Http\\Middleware\\HandleCors->handle(Object(Illuminate\\Http\\Request), Object(Closure))
#43 D:\\praktikum_laravel\\laravelPraktikum\\vendor\\laravel\\framework\\src\\Illuminate\\Http\\Middleware\\TrustProxies.php(58): Illuminate\\Pipeline\\Pipeline->{closure:{closure:Illuminate\\Pipeline\\Pipeline::carry():183}:184}(Object(Illuminate\\Http\\Request))
#44 D:\\praktikum_laravel\\laravelPraktikum\\vendor\\laravel\\framework\\src\\Illuminate\\Pipeline\\Pipeline.php(208): Illuminate\\Http\\Middleware\\TrustProxies->handle(Object(Illuminate\\Http\\Request), Object(Closure))
#45 D:\\praktikum_laravel\\laravelPraktikum\\vendor\\laravel\\framework\\src\\Illuminate\\Foundation\\Http\\Middleware\\InvokeDeferredCallbacks.php(22): Illuminate\\Pipeline\\Pipeline->{closure:{closure:Illuminate\\Pipeline\\Pipeline::carry():183}:184}(Object(Illuminate\\Http\\Request))
#46 D:\\praktikum_laravel\\laravelPraktikum\\vendor\\laravel\\framework\\src\\Illuminate\\Pipeline\\Pipeline.php(208): Illuminate\\Foundation\\Http\\Middleware\\InvokeDeferredCallbacks->handle(Object(Illuminate\\Http\\Request), Object(Closure))
#47 D:\\praktikum_laravel\\laravelPraktikum\\vendor\\laravel\\framework\\src\\Illuminate\\Http\\Middleware\\ValidatePathEncoding.php(26): Illuminate\\Pipeline\\Pipeline->{closure:{closure:Illuminate\\Pipeline\\Pipeline::carry():183}:184}(Object(Illuminate\\Http\\Request))
#48 D:\\praktikum_laravel\\laravelPraktikum\\vendor\\laravel\\framework\\src\\Illuminate\\Pipeline\\Pipeline.php(208): Illuminate\\Http\\Middleware\\ValidatePathEncoding->handle(Object(Illuminate\\Http\\Request), Object(Closure))
#49 D:\\praktikum_laravel\\laravelPraktikum\\vendor\\laravel\\framework\\src\\Illuminate\\Pipeline\\Pipeline.php(126): Illuminate\\Pipeline\\Pipeline->{closure:{closure:Illuminate\\Pipeline\\Pipeline::carry():183}:184}(Object(Illuminate\\Http\\Request))
#50 D:\\praktikum_laravel\\laravelPraktikum\\vendor\\laravel\\framework\\src\\Illuminate\\Foundation\\Http\\Kernel.php(175): Illuminate\\Pipeline\\Pipeline->then(Object(Closure))
#51 D:\\praktikum_laravel\\laravelPraktikum\\vendor\\laravel\\framework\\src\\Illuminate\\Foundation\\Http\\Kernel.php(144): Illuminate\\Foundation\\Http\\Kernel->sendRequestThroughRouter(Object(Illuminate\\Http\\Request))
#52 D:\\praktikum_laravel\\laravelPraktikum\\vendor\\laravel\\framework\\src\\Illuminate\\Foundation\\Application.php(1219): Illuminate\\Foundation\\Http\\Kernel->handle(Object(Illuminate\\Http\\Request))
#53 D:\\praktikum_laravel\\laravelPraktikum\\public\\index.php(20): Illuminate\\Foundation\\Application->handleRequest(Object(Illuminate\\Http\\Request))
#54 D:\\praktikum_laravel\\laravelPraktikum\\vendor\\laravel\\framework\\src\\Illuminate\\Foundation\\resources\\server.php(23): require_once('D:\\\\praktikum_la...')
#55 {main}

[previous exception] [object] (PDOException(code: 2002): SQLSTATE[HY000] [2002] No connection could be made because the target machine actively refused it at D:\\praktikum_laravel\\laravelPraktikum\\vendor\\laravel\\framework\\src\\Illuminate\\Database\\Connectors\\Connector.php:67)
[stacktrace]
#0 D:\\praktikum_laravel\\laravelPraktikum\\vendor\\laravel\\framework\\src\\Illuminate\\Database\\Connectors\\Connector.php(67): PDO::connect('mysql:host=127....', 'root', Object(SensitiveParameterValue), Array)
#1 D:\\praktikum_laravel\\laravelPraktikum\\vendor\\laravel\\framework\\src\\Illuminate\\Database\\Connectors\\Connector.php(85): Illuminate\\Database\\Connectors\\Connector->createPdoConnection('mysql:host=127....', 'root', Object(SensitiveParameterValue), Array)
#2 D:\\praktikum_laravel\\laravelPraktikum\\vendor\\laravel\\framework\\src\\Illuminate\\Database\\Connectors\\Connector.php(48): Illuminate\\Database\\Connectors\\Connector->tryAgainIfCausedByLostConnection(Object(PDOException), 'mysql:host=127....', 'root', Object(SensitiveParameterValue), Array)
#3 D:\\praktikum_laravel\\laravelPraktikum\\vendor\\laravel\\framework\\src\\Illuminate\\Database\\Connectors\\MySqlConnector.php(24): Illuminate\\Database\\Connectors\\Connector->createConnection('mysql:host=127....', Array, Array)
#4 D:\\praktikum_laravel\\laravelPraktikum\\vendor\\laravel\\framework\\src\\Illuminate\\Database\\Connectors\\ConnectionFactory.php(184): Illuminate\\Database\\Connectors\\MySqlConnector->connect(Array)
#5 [internal function]: Illuminate\\Database\\Connectors\\ConnectionFactory->{closure:Illuminate\\Database\\Connectors\\ConnectionFactory::createPdoResolverWithHosts():179}()
#6 D:\\praktikum_laravel\\laravelPraktikum\\vendor\\laravel\\framework\\src\\Illuminate\\Database\\Connection.php(1228): call_user_func(Object(Closure))
#7 D:\\praktikum_laravel\\laravelPraktikum\\vendor\\laravel\\framework\\src\\Illuminate\\Database\\Connection.php(509): Illuminate\\Database\\Connection->getPdo()
#8 D:\\praktikum_laravel\\laravelPraktikum\\vendor\\laravel\\framework\\src\\Illuminate\\Database\\Connection.php(404): Illuminate\\Database\\Connection->getPdoForSelect(false)
#9 D:\\praktikum_laravel\\laravelPraktikum\\vendor\\laravel\\framework\\src\\Illuminate\\Database\\Connection.php(809): Illuminate\\Database\\Connection->{closure:Illuminate\\Database\\Connection::select():395}('select * from `...', Array)
#10 D:\\praktikum_laravel\\laravelPraktikum\\vendor\\laravel\\framework\\src\\Illuminate\\Database\\Connection.php(976): Illuminate\\Database\\Connection->runQueryCallback('select * from `...', Array, Object(Closure))
#11 D:\\praktikum_laravel\\laravelPraktikum\\vendor\\laravel\\framework\\src\\Illuminate\\Database\\Connection.php(955): Illuminate\\Database\\Connection->tryAgainIfCausedByLostConnection(Object(Illuminate\\Database\\QueryException), 'select * from `...', Array, Object(Closure))
#12 D:\\praktikum_laravel\\laravelPraktikum\\vendor\\laravel\\framework\\src\\Illuminate\\Database\\Connection.php(778): Illuminate\\Database\\Connection->handleQueryException(Object(Illuminate\\Database\\QueryException), 'select * from `...', Array, Object(Closure))
#13 D:\\praktikum_laravel\\laravelPraktikum\\vendor\\laravel\\framework\\src\\Illuminate\\Database\\Connection.php(395): Illuminate\\Database\\Connection->run('select * from `...', Array, Object(Closure))
#14 D:\\praktikum_laravel\\laravelPraktikum\\vendor\\laravel\\framework\\src\\Illuminate\\Database\\Query\\Builder.php(3120): Illuminate\\Database\\Connection->select('select * from `...', Array, false)
#15 D:\\praktikum_laravel\\laravelPraktikum\\vendor\\laravel\\framework\\src\\Illuminate\\Database\\Query\\Builder.php(3105): Illuminate\\Database\\Query\\Builder->runSelect()
#16 D:\\praktikum_laravel\\laravelPraktikum\\vendor\\laravel\\framework\\src\\Illuminate\\Database\\Query\\Builder.php(3695): Illuminate\\Database\\Query\\Builder->{closure:Illuminate\\Database\\Query\\Builder::get():3104}()
#17 D:\\praktikum_laravel\\laravelPraktikum\\vendor\\laravel\\framework\\src\\Illuminate\\Database\\Query\\Builder.php(3104): Illuminate\\Database\\Query\\Builder->onceWithColumns(Array, Object(Closure))
#18 D:\\praktikum_laravel\\laravelPraktikum\\vendor\\laravel\\framework\\src\\Illuminate\\Database\\Concerns\\BuildsQueries.php(366): Illuminate\\Database\\Query\\Builder->get(Array)
#19 D:\\praktikum_laravel\\laravelPraktikum\\vendor\\laravel\\framework\\src\\Illuminate\\Database\\Query\\Builder.php(3027): Illuminate\\Database\\Query\\Builder->first(Array)
#20 D:\\praktikum_laravel\\laravelPraktikum\\vendor\\laravel\\framework\\src\\Illuminate\\Session\\DatabaseSessionHandler.php(96): Illuminate\\Database\\Query\\Builder->find('up9f3Hl2avSPRkP...')
#21 D:\\praktikum_laravel\\laravelPraktikum\\vendor\\laravel\\framework\\src\\Illuminate\\Session\\Store.php(116): Illuminate\\Session\\DatabaseSessionHandler->read('up9f3Hl2avSPRkP...')
#22 D:\\praktikum_laravel\\laravelPraktikum\\vendor\\laravel\\framework\\src\\Illuminate\\Session\\Store.php(104): Illuminate\\Session\\Store->readFromHandler()
#23 D:\\praktikum_laravel\\laravelPraktikum\\vendor\\laravel\\framework\\src\\Illuminate\\Session\\Store.php(88): Illuminate\\Session\\Store->loadSession()
#24 D:\\praktikum_laravel\\laravelPraktikum\\vendor\\laravel\\framework\\src\\Illuminate\\Session\\Middleware\\StartSession.php(146): Illuminate\\Session\\Store->start()
#25 D:\\praktikum_laravel\\laravelPraktikum\\vendor\\laravel\\framework\\src\\Illuminate\\Support\\helpers.php(399): Illuminate\\Session\\Middleware\\StartSession->{closure:Illuminate\\Session\\Middleware\\StartSession::startSession():143}(Object(Illuminate\\Session\\Store))
#26 D:\\praktikum_laravel\\laravelPraktikum\\vendor\\laravel\\framework\\src\\Illuminate\\Session\\Middleware\\StartSession.php(143): tap(Object(Illuminate\\Session\\Store), Object(Closure))
#27 D:\\praktikum_laravel\\laravelPraktikum\\vendor\\laravel\\framework\\src\\Illuminate\\Session\\Middleware\\StartSession.php(115): Illuminate\\Session\\Middleware\\StartSession->startSession(Object(Illuminate\\Http\\Request), Object(Illuminate\\Session\\Store))
#28 D:\\praktikum_laravel\\laravelPraktikum\\vendor\\laravel\\framework\\src\\Illuminate\\Session\\Middleware\\StartSession.php(63): Illuminate\\Session\\Middleware\\StartSession->handleStatefulRequest(Object(Illuminate\\Http\\Request), Object(Illuminate\\Session\\Store), Object(Closure))
#29 D:\\praktikum_laravel\\laravelPraktikum\\vendor\\laravel\\framework\\src\\Illuminate\\Pipeline\\Pipeline.php(208): Illuminate\\Session\\Middleware\\StartSession->handle(Object(Illuminate\\Http\\Request), Object(Closure))
#30 D:\\praktikum_laravel\\laravelPraktikum\\vendor\\laravel\\framework\\src\\Illuminate\\Cookie\\Middleware\\AddQueuedCookiesToResponse.php(36): Illuminate\\Pipeline\\Pipeline->{closure:{closure:Illuminate\\Pipeline\\Pipeline::carry():183}:184}(Object(Illuminate\\Http\\Request))
#31 D:\\praktikum_laravel\\laravelPraktikum\\vendor\\laravel\\framework\\src\\Illuminate\\Pipeline\\Pipeline.php(208): Illuminate\\Cookie\\Middleware\\AddQueuedCookiesToResponse->handle(Object(Illuminate\\Http\\Request), Object(Closure))
#32 D:\\praktikum_laravel\\laravelPraktikum\\vendor\\laravel\\framework\\src\\Illuminate\\Cookie\\Middleware\\EncryptCookies.php(74): Illuminate\\Pipeline\\Pipeline->{closure:{closure:Illuminate\\Pipeline\\Pipeline::carry():183}:184}(Object(Illuminate\\Http\\Request))
#33 D:\\praktikum_laravel\\laravelPraktikum\\vendor\\laravel\\framework\\src\\Illuminate\\Pipeline\\Pipeline.php(208): Illuminate\\Cookie\\Middleware\\EncryptCookies->handle(Object(Illuminate\\Http\\Request), Object(Closure))
#34 D:\\praktikum_laravel\\laravelPraktikum\\vendor\\laravel\\framework\\src\\Illuminate\\Pipeline\\Pipeline.php(126): Illuminate\\Pipeline\\Pipeline->{closure:{closure:Illuminate\\Pipeline\\Pipeline::carry():183}:184}(Object(Illuminate\\Http\\Request))
#35 D:\\praktikum_laravel\\laravelPraktikum\\vendor\\laravel\\framework\\src\\Illuminate\\Routing\\Router.php(807): Illuminate\\Pipeline\\Pipeline->then(Object(Closure))
#36 D:\\praktikum_laravel\\laravelPraktikum\\vendor\\laravel\\framework\\src\\Illuminate\\Routing\\Router.php(786): Illuminate\\Routing\\Router->runRouteWithinStack(Object(Illuminate\\Routing\\Route), Object(Illuminate\\Http\\Request))
#37 D:\\praktikum_laravel\\laravelPraktikum\\vendor\\laravel\\framework\\src\\Illuminate\\Routing\\Router.php(750): Illuminate\\Routing\\Router->runRoute(Object(Illuminate\\Http\\Request), Object(Illuminate\\Routing\\Route))
#38 D:\\praktikum_laravel\\laravelPraktikum\\vendor\\laravel\\framework\\src\\Illuminate\\Routing\\Router.php(739): Illuminate\\Routing\\Router->dispatchToRoute(Object(Illuminate\\Http\\Request))
#39 D:\\praktikum_laravel\\laravelPraktikum\\vendor\\laravel\\framework\\src\\Illuminate\\Foundation\\Http\\Kernel.php(200): Illuminate\\Routing\\Router->dispatch(Object(Illuminate\\Http\\Request))
#40 D:\\praktikum_laravel\\laravelPraktikum\\vendor\\laravel\\framework\\src\\Illuminate\\Pipeline\\Pipeline.php(169): Illuminate\\Foundation\\Http\\Kernel->{closure:Illuminate\\Foundation\\Http\\Kernel::dispatchToRouter():197}(Object(Illuminate\\Http\\Request))
#41 D:\\praktikum_laravel\\laravelPraktikum\\vendor\\laravel\\framework\\src\\Illuminate\\Foundation\\Http\\Middleware\\TransformsRequest.php(21): Illuminate\\Pipeline\\Pipeline->{closure:Illuminate\\Pipeline\\Pipeline::prepareDestination():167}(Object(Illuminate\\Http\\Request))
#42 D:\\praktikum_laravel\\laravelPraktikum\\vendor\\laravel\\framework\\src\\Illuminate\\Foundation\\Http\\Middleware\\ConvertEmptyStringsToNull.php(31): Illuminate\\Foundation\\Http\\Middleware\\TransformsRequest->handle(Object(Illuminate\\Http\\Request), Object(Closure))
#43 D:\\praktikum_laravel\\laravelPraktikum\\vendor\\laravel\\framework\\src\\Illuminate\\Pipeline\\Pipeline.php(208): Illuminate\\Foundation\\Http\\Middleware\\ConvertEmptyStringsToNull->handle(Object(Illuminate\\Http\\Request), Object(Closure))
#44 D:\\praktikum_laravel\\laravelPraktikum\\vendor\\laravel\\framework\\src\\Illuminate\\Foundation\\Http\\Middleware\\TransformsRequest.php(21): Illuminate\\Pipeline\\Pipeline->{closure:{closure:Illuminate\\Pipeline\\Pipeline::carry():183}:184}(Object(Illuminate\\Http\\Request))
#45 D:\\praktikum_laravel\\laravelPraktikum\\vendor\\laravel\\framework\\src\\Illuminate\\Foundation\\Http\\Middleware\\TrimStrings.php(51): Illuminate\\Foundation\\Http\\Middleware\\TransformsRequest->handle(Object(Illuminate\\Http\\Request), Object(Closure))
#46 D:\\praktikum_laravel\\laravelPraktikum\\vendor\\laravel\\framework\\src\\Illuminate\\Pipeline\\Pipeline.php(208): Illuminate\\Foundation\\Http\\Middleware\\TrimStrings->handle(Object(Illuminate\\Http\\Request), Object(Closure))
#47 D:\\praktikum_laravel\\laravelPraktikum\\vendor\\laravel\\framework\\src\\Illuminate\\Http\\Middleware\\ValidatePostSize.php(27): Illuminate\\Pipeline\\Pipeline->{closure:{closure:Illuminate\\Pipeline\\Pipeline::carry():183}:184}(Object(Illuminate\\Http\\Request))
#48 D:\\praktikum_laravel\\laravelPraktikum\\vendor\\laravel\\framework\\src\\Illuminate\\Pipeline\\Pipeline.php(208): Illuminate\\Http\\Middleware\\ValidatePostSize->handle(Object(Illuminate\\Http\\Request), Object(Closure))
#49 D:\\praktikum_laravel\\laravelPraktikum\\vendor\\laravel\\framework\\src\\Illuminate\\Foundation\\Http\\Middleware\\PreventRequestsDuringMaintenance.php(109): Illuminate\\Pipeline\\Pipeline->{closure:{closure:Illuminate\\Pipeline\\Pipeline::carry():183}:184}(Object(Illuminate\\Http\\Request))
#50 D:\\praktikum_laravel\\laravelPraktikum\\vendor\\laravel\\framework\\src\\Illuminate\\Pipeline\\Pipeline.php(208): Illuminate\\Foundation\\Http\\Middleware\\PreventRequestsDuringMaintenance->handle(Object(Illuminate\\Http\\Request), Object(Closure))
#51 D:\\praktikum_laravel\\laravelPraktikum\\vendor\\laravel\\framework\\src\\Illuminate\\Http\\Middleware\\HandleCors.php(48): Illuminate\\Pipeline\\Pipeline->{closure:{closure:Illuminate\\Pipeline\\Pipeline::carry():183}:184}(Object(Illuminate\\Http\\Request))
#52 D:\\praktikum_laravel\\laravelPraktikum\\vendor\\laravel\\framework\\src\\Illuminate\\Pipeline\\Pipeline.php(208): Illuminate\\Http\\Middleware\\HandleCors->handle(Object(Illuminate\\Http\\Request), Object(Closure))
#53 D:\\praktikum_laravel\\laravelPraktikum\\vendor\\laravel\\framework\\src\\Illuminate\\Http\\Middleware\\TrustProxies.php(58): Illuminate\\Pipeline\\Pipeline->{closure:{closure:Illuminate\\Pipeline\\Pipeline::carry():183}:184}(Object(Illuminate\\Http\\Request))
#54 D:\\praktikum_laravel\\laravelPraktikum\\vendor\\laravel\\framework\\src\\Illuminate\\Pipeline\\Pipeline.php(208): Illuminate\\Http\\Middleware\\TrustProxies->handle(Object(Illuminate\\Http\\Request), Object(Closure))
#55 D:\\praktikum_laravel\\laravelPraktikum\\vendor\\laravel\\framework\\src\\Illuminate\\Foundation\\Http\\Middleware\\InvokeDeferredCallbacks.php(22): Illuminate\\Pipeline\\Pipeline->{closure:{closure:Illuminate\\Pipeline\\Pipeline::carry():183}:184}(Object(Illuminate\\Http\\Request))
#56 D:\\praktikum_laravel\\laravelPraktikum\\vendor\\laravel\\framework\\src\\Illuminate\\Pipeline\\Pipeline.php(208): Illuminate\\Foundation\\Http\\Middleware\\InvokeDeferredCallbacks->handle(Object(Illuminate\\Http\\Request), Object(Closure))
#57 D:\\praktikum_laravel\\laravelPraktikum\\vendor\\laravel\\framework\\src\\Illuminate\\Http\\Middleware\\ValidatePathEncoding.php(26): Illuminate\\Pipeline\\Pipeline->{closure:{closure:Illuminate\\Pipeline\\Pipeline::carry():183}:184}(Object(Illuminate\\Http\\Request))
#58 D:\\praktikum_laravel\\laravelPraktikum\\vendor\\laravel\\framework\\src\\Illuminate\\Pipeline\\Pipeline.php(208): Illuminate\\Http\\Middleware\\ValidatePathEncoding->handle(Object(Illuminate\\Http\\Request), Object(Closure))
#59 D:\\praktikum_laravel\\laravelPraktikum\\vendor\\laravel\\framework\\src\\Illuminate\\Pipeline\\Pipeline.php(126): Illuminate\\Pipeline\\Pipeline->{closure:{closure:Illuminate\\Pipeline\\Pipeline::carry():183}:184}(Object(Illuminate\\Http\\Request))
#60 D:\\praktikum_laravel\\laravelPraktikum\\vendor\\laravel\\framework\\src\\Illuminate\\Foundation\\Http\\Kernel.php(175): Illuminate\\Pipeline\\Pipeline->then(Object(Closure))
#61 D:\\praktikum_laravel\\laravelPraktikum\\vendor\\laravel\\framework\\src\\Illuminate\\Foundation\\Http\\Kernel.php(144): Illuminate\\Foundation\\Http\\Kernel->sendRequestThroughRouter(Object(Illuminate\\Http\\Request))
#62 D:\\praktikum_laravel\\laravelPraktikum\\vendor\\laravel\\framework\\src\\Illuminate\\Foundation\\Application.php(1219): Illuminate\\Foundation\\Http\\Kernel->handle(Object(Illuminate\\Http\\Request))
#63 D:\\praktikum_laravel\\laravelPraktikum\\public\\index.php(20): Illuminate\\Foundation\\Application->handleRequest(Object(Illuminate\\Http\\Request))
#64 D:\\praktikum_laravel\\laravelPraktikum\\vendor\\laravel\\framework\\src\\Illuminate\\Foundation\\resources\\server.php(23): require_once('D:\\\\praktikum_la...')
#65 {main}
"} 
[2025-05-26 05:34:14] local.ERROR: Target class [contohcontroler] does not exist. {"exception":"[object] (Illuminate\\Contracts\\Container\\BindingResolutionException(code: 0): Target class [contohcontroler] does not exist. at D:\\praktikum_laravel\\laravelPraktikum\\vendor\\laravel\\framework\\src\\Illuminate\\Container\\Container.php:1019)
[stacktrace]
#0 D:\\praktikum_laravel\\laravelPraktikum\\vendor\\laravel\\framework\\src\\Illuminate\\Container\\Container.php(890): Illuminate\\Container\\Container->build('contohcontroler')
#1 D:\\praktikum_laravel\\laravelPraktikum\\vendor\\laravel\\framework\\src\\Illuminate\\Foundation\\Application.php(1077): Illuminate\\Container\\Container->resolve('contohcontroler', Array, true)
#2 D:\\praktikum_laravel\\laravelPraktikum\\vendor\\laravel\\framework\\src\\Illuminate\\Container\\Container.php(821): Illuminate\\Foundation\\Application->resolve('contohcontroler', Array)
#3 D:\\praktikum_laravel\\laravelPraktikum\\vendor\\laravel\\framework\\src\\Illuminate\\Foundation\\Application.php(1057): Illuminate\\Container\\Container->make('contohcontroler', Array)
#4 D:\\praktikum_laravel\\laravelPraktikum\\vendor\\laravel\\framework\\src\\Illuminate\\Routing\\Route.php(286): Illuminate\\Foundation\\Application->make('contohcontroler')
#5 D:\\praktikum_laravel\\laravelPraktikum\\vendor\\laravel\\framework\\src\\Illuminate\\Routing\\Route.php(266): Illuminate\\Routing\\Route->getController()
#6 D:\\praktikum_laravel\\laravelPraktikum\\vendor\\laravel\\framework\\src\\Illuminate\\Routing\\Route.php(211): Illuminate\\Routing\\Route->runController()
#7 D:\\praktikum_laravel\\laravelPraktikum\\vendor\\laravel\\framework\\src\\Illuminate\\Routing\\Router.php(808): Illuminate\\Routing\\Route->run()
#8 D:\\praktikum_laravel\\laravelPraktikum\\vendor\\laravel\\framework\\src\\Illuminate\\Pipeline\\Pipeline.php(169): Illuminate\\Routing\\Router->{closure:Illuminate\\Routing\\Router::runRouteWithinStack():807}(Object(Illuminate\\Http\\Request))
#9 D:\\praktikum_laravel\\laravelPraktikum\\vendor\\laravel\\framework\\src\\Illuminate\\Routing\\Middleware\\SubstituteBindings.php(50): Illuminate\\Pipeline\\Pipeline->{closure:Illuminate\\Pipeline\\Pipeline::prepareDestination():167}(Object(Illuminate\\Http\\Request))
#10 D:\\praktikum_laravel\\laravelPraktikum\\vendor\\laravel\\framework\\src\\Illuminate\\Pipeline\\Pipeline.php(208): Illuminate\\Routing\\Middleware\\SubstituteBindings->handle(Object(Illuminate\\Http\\Request), Object(Closure))
#11 D:\\praktikum_laravel\\laravelPraktikum\\vendor\\laravel\\framework\\src\\Illuminate\\Foundation\\Http\\Middleware\\VerifyCsrfToken.php(87): Illuminate\\Pipeline\\Pipeline->{closure:{closure:Illuminate\\Pipeline\\Pipeline::carry():183}:184}(Object(Illuminate\\Http\\Request))
#12 D:\\praktikum_laravel\\laravelPraktikum\\vendor\\laravel\\framework\\src\\Illuminate\\Pipeline\\Pipeline.php(208): Illuminate\\Foundation\\Http\\Middleware\\VerifyCsrfToken->handle(Object(Illuminate\\Http\\Request), Object(Closure))
#13 D:\\praktikum_laravel\\laravelPraktikum\\vendor\\laravel\\framework\\src\\Illuminate\\View\\Middleware\\ShareErrorsFromSession.php(48): Illuminate\\Pipeline\\Pipeline->{closure:{closure:Illuminate\\Pipeline\\Pipeline::carry():183}:184}(Object(Illuminate\\Http\\Request))
#14 D:\\praktikum_laravel\\laravelPraktikum\\vendor\\laravel\\framework\\src\\Illuminate\\Pipeline\\Pipeline.php(208): Illuminate\\View\\Middleware\\ShareErrorsFromSession->handle(Object(Illuminate\\Http\\Request), Object(Closure))
#15 D:\\praktikum_laravel\\laravelPraktikum\\vendor\\laravel\\framework\\src\\Illuminate\\Session\\Middleware\\StartSession.php(120): Illuminate\\Pipeline\\Pipeline->{closure:{closure:Illuminate\\Pipeline\\Pipeline::carry():183}:184}(Object(Illuminate\\Http\\Request))
#16 D:\\praktikum_laravel\\laravelPraktikum\\vendor\\laravel\\framework\\src\\Illuminate\\Session\\Middleware\\StartSession.php(63): Illuminate\\Session\\Middleware\\StartSession->handleStatefulRequest(Object(Illuminate\\Http\\Request), Object(Illuminate\\Session\\Store), Object(Closure))
#17 D:\\praktikum_laravel\\laravelPraktikum\\vendor\\laravel\\framework\\src\\Illuminate\\Pipeline\\Pipeline.php(208): Illuminate\\Session\\Middleware\\StartSession->handle(Object(Illuminate\\Http\\Request), Object(Closure))
#18 D:\\praktikum_laravel\\laravelPraktikum\\vendor\\laravel\\framework\\src\\Illuminate\\Cookie\\Middleware\\AddQueuedCookiesToResponse.php(36): Illuminate\\Pipeline\\Pipeline->{closure:{closure:Illuminate\\Pipeline\\Pipeline::carry():183}:184}(Object(Illuminate\\Http\\Request))
#19 D:\\praktikum_laravel\\laravelPraktikum\\vendor\\laravel\\framework\\src\\Illuminate\\Pipeline\\Pipeline.php(208): Illuminate\\Cookie\\Middleware\\AddQueuedCookiesToResponse->handle(Object(Illuminate\\Http\\Request), Object(Closure))
#20 D:\\praktikum_laravel\\laravelPraktikum\\vendor\\laravel\\framework\\src\\Illuminate\\Cookie\\Middleware\\EncryptCookies.php(74): Illuminate\\Pipeline\\Pipeline->{closure:{closure:Illuminate\\Pipeline\\Pipeline::carry():183}:184}(Object(Illuminate\\Http\\Request))
#21 D:\\praktikum_laravel\\laravelPraktikum\\vendor\\laravel\\framework\\src\\Illuminate\\Pipeline\\Pipeline.php(208): Illuminate\\Cookie\\Middleware\\EncryptCookies->handle(Object(Illuminate\\Http\\Request), Object(Closure))
#22 D:\\praktikum_laravel\\laravelPraktikum\\vendor\\laravel\\framework\\src\\Illuminate\\Pipeline\\Pipeline.php(126): Illuminate\\Pipeline\\Pipeline->{closure:{closure:Illuminate\\Pipeline\\Pipeline::carry():183}:184}(Object(Illuminate\\Http\\Request))
#23 D:\\praktikum_laravel\\laravelPraktikum\\vendor\\laravel\\framework\\src\\Illuminate\\Routing\\Router.php(807): Illuminate\\Pipeline\\Pipeline->then(Object(Closure))
#24 D:\\praktikum_laravel\\laravelPraktikum\\vendor\\laravel\\framework\\src\\Illuminate\\Routing\\Router.php(786): Illuminate\\Routing\\Router->runRouteWithinStack(Object(Illuminate\\Routing\\Route), Object(Illuminate\\Http\\Request))
#25 D:\\praktikum_laravel\\laravelPraktikum\\vendor\\laravel\\framework\\src\\Illuminate\\Routing\\Router.php(750): Illuminate\\Routing\\Router->runRoute(Object(Illuminate\\Http\\Request), Object(Illuminate\\Routing\\Route))
#26 D:\\praktikum_laravel\\laravelPraktikum\\vendor\\laravel\\framework\\src\\Illuminate\\Routing\\Router.php(739): Illuminate\\Routing\\Router->dispatchToRoute(Object(Illuminate\\Http\\Request))
#27 D:\\praktikum_laravel\\laravelPraktikum\\vendor\\laravel\\framework\\src\\Illuminate\\Foundation\\Http\\Kernel.php(200): Illuminate\\Routing\\Router->dispatch(Object(Illuminate\\Http\\Request))
#28 D:\\praktikum_laravel\\laravelPraktikum\\vendor\\laravel\\framework\\src\\Illuminate\\Pipeline\\Pipeline.php(169): Illuminate\\Foundation\\Http\\Kernel->{closure:Illuminate\\Foundation\\Http\\Kernel::dispatchToRouter():197}(Object(Illuminate\\Http\\Request))
#29 D:\\praktikum_laravel\\laravelPraktikum\\vendor\\laravel\\framework\\src\\Illuminate\\Foundation\\Http\\Middleware\\TransformsRequest.php(21): Illuminate\\Pipeline\\Pipeline->{closure:Illuminate\\Pipeline\\Pipeline::prepareDestination():167}(Object(Illuminate\\Http\\Request))
#30 D:\\praktikum_laravel\\laravelPraktikum\\vendor\\laravel\\framework\\src\\Illuminate\\Foundation\\Http\\Middleware\\ConvertEmptyStringsToNull.php(31): Illuminate\\Foundation\\Http\\Middleware\\TransformsRequest->handle(Object(Illuminate\\Http\\Request), Object(Closure))
#31 D:\\praktikum_laravel\\laravelPraktikum\\vendor\\laravel\\framework\\src\\Illuminate\\Pipeline\\Pipeline.php(208): Illuminate\\Foundation\\Http\\Middleware\\ConvertEmptyStringsToNull->handle(Object(Illuminate\\Http\\Request), Object(Closure))
#32 D:\\praktikum_laravel\\laravelPraktikum\\vendor\\laravel\\framework\\src\\Illuminate\\Foundation\\Http\\Middleware\\TransformsRequest.php(21): Illuminate\\Pipeline\\Pipeline->{closure:{closure:Illuminate\\Pipeline\\Pipeline::carry():183}:184}(Object(Illuminate\\Http\\Request))
#33 D:\\praktikum_laravel\\laravelPraktikum\\vendor\\laravel\\framework\\src\\Illuminate\\Foundation\\Http\\Middleware\\TrimStrings.php(51): Illuminate\\Foundation\\Http\\Middleware\\TransformsRequest->handle(Object(Illuminate\\Http\\Request), Object(Closure))
#34 D:\\praktikum_laravel\\laravelPraktikum\\vendor\\laravel\\framework\\src\\Illuminate\\Pipeline\\Pipeline.php(208): Illuminate\\Foundation\\Http\\Middleware\\TrimStrings->handle(Object(Illuminate\\Http\\Request), Object(Closure))
#35 D:\\praktikum_laravel\\laravelPraktikum\\vendor\\laravel\\framework\\src\\Illuminate\\Http\\Middleware\\ValidatePostSize.php(27): Illuminate\\Pipeline\\Pipeline->{closure:{closure:Illuminate\\Pipeline\\Pipeline::carry():183}:184}(Object(Illuminate\\Http\\Request))
#36 D:\\praktikum_laravel\\laravelPraktikum\\vendor\\laravel\\framework\\src\\Illuminate\\Pipeline\\Pipeline.php(208): Illuminate\\Http\\Middleware\\ValidatePostSize->handle(Object(Illuminate\\Http\\Request), Object(Closure))
#37 D:\\praktikum_laravel\\laravelPraktikum\\vendor\\laravel\\framework\\src\\Illuminate\\Foundation\\Http\\Middleware\\PreventRequestsDuringMaintenance.php(109): Illuminate\\Pipeline\\Pipeline->{closure:{closure:Illuminate\\Pipeline\\Pipeline::carry():183}:184}(Object(Illuminate\\Http\\Request))
#38 D:\\praktikum_laravel\\laravelPraktikum\\vendor\\laravel\\framework\\src\\Illuminate\\Pipeline\\Pipeline.php(208): Illuminate\\Foundation\\Http\\Middleware\\PreventRequestsDuringMaintenance->handle(Object(Illuminate\\Http\\Request), Object(Closure))
#39 D:\\praktikum_laravel\\laravelPraktikum\\vendor\\laravel\\framework\\src\\Illuminate\\Http\\Middleware\\HandleCors.php(48): Illuminate\\Pipeline\\Pipeline->{closure:{closure:Illuminate\\Pipeline\\Pipeline::carry():183}:184}(Object(Illuminate\\Http\\Request))
#40 D:\\praktikum_laravel\\laravelPraktikum\\vendor\\laravel\\framework\\src\\Illuminate\\Pipeline\\Pipeline.php(208): Illuminate\\Http\\Middleware\\HandleCors->handle(Object(Illuminate\\Http\\Request), Object(Closure))
#41 D:\\praktikum_laravel\\laravelPraktikum\\vendor\\laravel\\framework\\src\\Illuminate\\Http\\Middleware\\TrustProxies.php(58): Illuminate\\Pipeline\\Pipeline->{closure:{closure:Illuminate\\Pipeline\\Pipeline::carry():183}:184}(Object(Illuminate\\Http\\Request))
#42 D:\\praktikum_laravel\\laravelPraktikum\\vendor\\laravel\\framework\\src\\Illuminate\\Pipeline\\Pipeline.php(208): Illuminate\\Http\\Middleware\\TrustProxies->handle(Object(Illuminate\\Http\\Request), Object(Closure))
#43 D:\\praktikum_laravel\\laravelPraktikum\\vendor\\laravel\\framework\\src\\Illuminate\\Foundation\\Http\\Middleware\\InvokeDeferredCallbacks.php(22): Illuminate\\Pipeline\\Pipeline->{closure:{closure:Illuminate\\Pipeline\\Pipeline::carry():183}:184}(Object(Illuminate\\Http\\Request))
#44 D:\\praktikum_laravel\\laravelPraktikum\\vendor\\laravel\\framework\\src\\Illuminate\\Pipeline\\Pipeline.php(208): Illuminate\\Foundation\\Http\\Middleware\\InvokeDeferredCallbacks->handle(Object(Illuminate\\Http\\Request), Object(Closure))
#45 D:\\praktikum_laravel\\laravelPraktikum\\vendor\\laravel\\framework\\src\\Illuminate\\Http\\Middleware\\ValidatePathEncoding.php(26): Illuminate\\Pipeline\\Pipeline->{closure:{closure:Illuminate\\Pipeline\\Pipeline::carry():183}:184}(Object(Illuminate\\Http\\Request))
#46 D:\\praktikum_laravel\\laravelPraktikum\\vendor\\laravel\\framework\\src\\Illuminate\\Pipeline\\Pipeline.php(208): Illuminate\\Http\\Middleware\\ValidatePathEncoding->handle(Object(Illuminate\\Http\\Request), Object(Closure))
#47 D:\\praktikum_laravel\\laravelPraktikum\\vendor\\laravel\\framework\\src\\Illuminate\\Pipeline\\Pipeline.php(126): Illuminate\\Pipeline\\Pipeline->{closure:{closure:Illuminate\\Pipeline\\Pipeline::carry():183}:184}(Object(Illuminate\\Http\\Request))
#48 D:\\praktikum_laravel\\laravelPraktikum\\vendor\\laravel\\framework\\src\\Illuminate\\Foundation\\Http\\Kernel.php(175): Illuminate\\Pipeline\\Pipeline->then(Object(Closure))
#49 D:\\praktikum_laravel\\laravelPraktikum\\vendor\\laravel\\framework\\src\\Illuminate\\Foundation\\Http\\Kernel.php(144): Illuminate\\Foundation\\Http\\Kernel->sendRequestThroughRouter(Object(Illuminate\\Http\\Request))
#50 D:\\praktikum_laravel\\laravelPraktikum\\vendor\\laravel\\framework\\src\\Illuminate\\Foundation\\Application.php(1219): Illuminate\\Foundation\\Http\\Kernel->handle(Object(Illuminate\\Http\\Request))
#51 D:\\praktikum_laravel\\laravelPraktikum\\public\\index.php(20): Illuminate\\Foundation\\Application->handleRequest(Object(Illuminate\\Http\\Request))
#52 D:\\praktikum_laravel\\laravelPraktikum\\vendor\\laravel\\framework\\src\\Illuminate\\Foundation\\resources\\server.php(23): require_once('D:\\\\praktikum_la...')
#53 {main}

[previous exception] [object] (ReflectionException(code: -1): Class \"contohcontroler\" does not exist at D:\\praktikum_laravel\\laravelPraktikum\\vendor\\laravel\\framework\\src\\Illuminate\\Container\\Container.php:1017)
[stacktrace]
#0 D:\\praktikum_laravel\\laravelPraktikum\\vendor\\laravel\\framework\\src\\Illuminate\\Container\\Container.php(1017): ReflectionClass->__construct('contohcontroler')
#1 D:\\praktikum_laravel\\laravelPraktikum\\vendor\\laravel\\framework\\src\\Illuminate\\Container\\Container.php(890): Illuminate\\Container\\Container->build('contohcontroler')
#2 D:\\praktikum_laravel\\laravelPraktikum\\vendor\\laravel\\framework\\src\\Illuminate\\Foundation\\Application.php(1077): Illuminate\\Container\\Container->resolve('contohcontroler', Array, true)
#3 D:\\praktikum_laravel\\laravelPraktikum\\vendor\\laravel\\framework\\src\\Illuminate\\Container\\Container.php(821): Illuminate\\Foundation\\Application->resolve('contohcontroler', Array)
#4 D:\\praktikum_laravel\\laravelPraktikum\\vendor\\laravel\\framework\\src\\Illuminate\\Foundation\\Application.php(1057): Illuminate\\Container\\Container->make('contohcontroler', Array)
#5 D:\\praktikum_laravel\\laravelPraktikum\\vendor\\laravel\\framework\\src\\Illuminate\\Routing\\Route.php(286): Illuminate\\Foundation\\Application->make('contohcontroler')
#6 D:\\praktikum_laravel\\laravelPraktikum\\vendor\\laravel\\framework\\src\\Illuminate\\Routing\\Route.php(266): Illuminate\\Routing\\Route->getController()
#7 D:\\praktikum_laravel\\laravelPraktikum\\vendor\\laravel\\framework\\src\\Illuminate\\Routing\\Route.php(211): Illuminate\\Routing\\Route->runController()
#8 D:\\praktikum_laravel\\laravelPraktikum\\vendor\\laravel\\framework\\src\\Illuminate\\Routing\\Router.php(808): Illuminate\\Routing\\Route->run()
#9 D:\\praktikum_laravel\\laravelPraktikum\\vendor\\laravel\\framework\\src\\Illuminate\\Pipeline\\Pipeline.php(169): Illuminate\\Routing\\Router->{closure:Illuminate\\Routing\\Router::runRouteWithinStack():807}(Object(Illuminate\\Http\\Request))
#10 D:\\praktikum_laravel\\laravelPraktikum\\vendor\\laravel\\framework\\src\\Illuminate\\Routing\\Middleware\\SubstituteBindings.php(50): Illuminate\\Pipeline\\Pipeline->{closure:Illuminate\\Pipeline\\Pipeline::prepareDestination():167}(Object(Illuminate\\Http\\Request))
#11 D:\\praktikum_laravel\\laravelPraktikum\\vendor\\laravel\\framework\\src\\Illuminate\\Pipeline\\Pipeline.php(208): Illuminate\\Routing\\Middleware\\SubstituteBindings->handle(Object(Illuminate\\Http\\Request), Object(Closure))
#12 D:\\praktikum_laravel\\laravelPraktikum\\vendor\\laravel\\framework\\src\\Illuminate\\Foundation\\Http\\Middleware\\VerifyCsrfToken.php(87): Illuminate\\Pipeline\\Pipeline->{closure:{closure:Illuminate\\Pipeline\\Pipeline::carry():183}:184}(Object(Illuminate\\Http\\Request))
#13 D:\\praktikum_laravel\\laravelPraktikum\\vendor\\laravel\\framework\\src\\Illuminate\\Pipeline\\Pipeline.php(208): Illuminate\\Foundation\\Http\\Middleware\\VerifyCsrfToken->handle(Object(Illuminate\\Http\\Request), Object(Closure))
#14 D:\\praktikum_laravel\\laravelPraktikum\\vendor\\laravel\\framework\\src\\Illuminate\\View\\Middleware\\ShareErrorsFromSession.php(48): Illuminate\\Pipeline\\Pipeline->{closure:{closure:Illuminate\\Pipeline\\Pipeline::carry():183}:184}(Object(Illuminate\\Http\\Request))
#15 D:\\praktikum_laravel\\laravelPraktikum\\vendor\\laravel\\framework\\src\\Illuminate\\Pipeline\\Pipeline.php(208): Illuminate\\View\\Middleware\\ShareErrorsFromSession->handle(Object(Illuminate\\Http\\Request), Object(Closure))
#16 D:\\praktikum_laravel\\laravelPraktikum\\vendor\\laravel\\framework\\src\\Illuminate\\Session\\Middleware\\StartSession.php(120): Illuminate\\Pipeline\\Pipeline->{closure:{closure:Illuminate\\Pipeline\\Pipeline::carry():183}:184}(Object(Illuminate\\Http\\Request))
#17 D:\\praktikum_laravel\\laravelPraktikum\\vendor\\laravel\\framework\\src\\Illuminate\\Session\\Middleware\\StartSession.php(63): Illuminate\\Session\\Middleware\\StartSession->handleStatefulRequest(Object(Illuminate\\Http\\Request), Object(Illuminate\\Session\\Store), Object(Closure))
#18 D:\\praktikum_laravel\\laravelPraktikum\\vendor\\laravel\\framework\\src\\Illuminate\\Pipeline\\Pipeline.php(208): Illuminate\\Session\\Middleware\\StartSession->handle(Object(Illuminate\\Http\\Request), Object(Closure))
#19 D:\\praktikum_laravel\\laravelPraktikum\\vendor\\laravel\\framework\\src\\Illuminate\\Cookie\\Middleware\\AddQueuedCookiesToResponse.php(36): Illuminate\\Pipeline\\Pipeline->{closure:{closure:Illuminate\\Pipeline\\Pipeline::carry():183}:184}(Object(Illuminate\\Http\\Request))
#20 D:\\praktikum_laravel\\laravelPraktikum\\vendor\\laravel\\framework\\src\\Illuminate\\Pipeline\\Pipeline.php(208): Illuminate\\Cookie\\Middleware\\AddQueuedCookiesToResponse->handle(Object(Illuminate\\Http\\Request), Object(Closure))
#21 D:\\praktikum_laravel\\laravelPraktikum\\vendor\\laravel\\framework\\src\\Illuminate\\Cookie\\Middleware\\EncryptCookies.php(74): Illuminate\\Pipeline\\Pipeline->{closure:{closure:Illuminate\\Pipeline\\Pipeline::carry():183}:184}(Object(Illuminate\\Http\\Request))
#22 D:\\praktikum_laravel\\laravelPraktikum\\vendor\\laravel\\framework\\src\\Illuminate\\Pipeline\\Pipeline.php(208): Illuminate\\Cookie\\Middleware\\EncryptCookies->handle(Object(Illuminate\\Http\\Request), Object(Closure))
#23 D:\\praktikum_laravel\\laravelPraktikum\\vendor\\laravel\\framework\\src\\Illuminate\\Pipeline\\Pipeline.php(126): Illuminate\\Pipeline\\Pipeline->{closure:{closure:Illuminate\\Pipeline\\Pipeline::carry():183}:184}(Object(Illuminate\\Http\\Request))
#24 D:\\praktikum_laravel\\laravelPraktikum\\vendor\\laravel\\framework\\src\\Illuminate\\Routing\\Router.php(807): Illuminate\\Pipeline\\Pipeline->then(Object(Closure))
#25 D:\\praktikum_laravel\\laravelPraktikum\\vendor\\laravel\\framework\\src\\Illuminate\\Routing\\Router.php(786): Illuminate\\Routing\\Router->runRouteWithinStack(Object(Illuminate\\Routing\\Route), Object(Illuminate\\Http\\Request))
#26 D:\\praktikum_laravel\\laravelPraktikum\\vendor\\laravel\\framework\\src\\Illuminate\\Routing\\Router.php(750): Illuminate\\Routing\\Router->runRoute(Object(Illuminate\\Http\\Request), Object(Illuminate\\Routing\\Route))
#27 D:\\praktikum_laravel\\laravelPraktikum\\vendor\\laravel\\framework\\src\\Illuminate\\Routing\\Router.php(739): Illuminate\\Routing\\Router->dispatchToRoute(Object(Illuminate\\Http\\Request))
#28 D:\\praktikum_laravel\\laravelPraktikum\\vendor\\laravel\\framework\\src\\Illuminate\\Foundation\\Http\\Kernel.php(200): Illuminate\\Routing\\Router->dispatch(Object(Illuminate\\Http\\Request))
#29 D:\\praktikum_laravel\\laravelPraktikum\\vendor\\laravel\\framework\\src\\Illuminate\\Pipeline\\Pipeline.php(169): Illuminate\\Foundation\\Http\\Kernel->{closure:Illuminate\\Foundation\\Http\\Kernel::dispatchToRouter():197}(Object(Illuminate\\Http\\Request))
#30 D:\\praktikum_laravel\\laravelPraktikum\\vendor\\laravel\\framework\\src\\Illuminate\\Foundation\\Http\\Middleware\\TransformsRequest.php(21): Illuminate\\Pipeline\\Pipeline->{closure:Illuminate\\Pipeline\\Pipeline::prepareDestination():167}(Object(Illuminate\\Http\\Request))
#31 D:\\praktikum_laravel\\laravelPraktikum\\vendor\\laravel\\framework\\src\\Illuminate\\Foundation\\Http\\Middleware\\ConvertEmptyStringsToNull.php(31): Illuminate\\Foundation\\Http\\Middleware\\TransformsRequest->handle(Object(Illuminate\\Http\\Request), Object(Closure))
#32 D:\\praktikum_laravel\\laravelPraktikum\\vendor\\laravel\\framework\\src\\Illuminate\\Pipeline\\Pipeline.php(208): Illuminate\\Foundation\\Http\\Middleware\\ConvertEmptyStringsToNull->handle(Object(Illuminate\\Http\\Request), Object(Closure))
#33 D:\\praktikum_laravel\\laravelPraktikum\\vendor\\laravel\\framework\\src\\Illuminate\\Foundation\\Http\\Middleware\\TransformsRequest.php(21): Illuminate\\Pipeline\\Pipeline->{closure:{closure:Illuminate\\Pipeline\\Pipeline::carry():183}:184}(Object(Illuminate\\Http\\Request))
#34 D:\\praktikum_laravel\\laravelPraktikum\\vendor\\laravel\\framework\\src\\Illuminate\\Foundation\\Http\\Middleware\\TrimStrings.php(51): Illuminate\\Foundation\\Http\\Middleware\\TransformsRequest->handle(Object(Illuminate\\Http\\Request), Object(Closure))
#35 D:\\praktikum_laravel\\laravelPraktikum\\vendor\\laravel\\framework\\src\\Illuminate\\Pipeline\\Pipeline.php(208): Illuminate\\Foundation\\Http\\Middleware\\TrimStrings->handle(Object(Illuminate\\Http\\Request), Object(Closure))
#36 D:\\praktikum_laravel\\laravelPraktikum\\vendor\\laravel\\framework\\src\\Illuminate\\Http\\Middleware\\ValidatePostSize.php(27): Illuminate\\Pipeline\\Pipeline->{closure:{closure:Illuminate\\Pipeline\\Pipeline::carry():183}:184}(Object(Illuminate\\Http\\Request))
#37 D:\\praktikum_laravel\\laravelPraktikum\\vendor\\laravel\\framework\\src\\Illuminate\\Pipeline\\Pipeline.php(208): Illuminate\\Http\\Middleware\\ValidatePostSize->handle(Object(Illuminate\\Http\\Request), Object(Closure))
#38 D:\\praktikum_laravel\\laravelPraktikum\\vendor\\laravel\\framework\\src\\Illuminate\\Foundation\\Http\\Middleware\\PreventRequestsDuringMaintenance.php(109): Illuminate\\Pipeline\\Pipeline->{closure:{closure:Illuminate\\Pipeline\\Pipeline::carry():183}:184}(Object(Illuminate\\Http\\Request))
#39 D:\\praktikum_laravel\\laravelPraktikum\\vendor\\laravel\\framework\\src\\Illuminate\\Pipeline\\Pipeline.php(208): Illuminate\\Foundation\\Http\\Middleware\\PreventRequestsDuringMaintenance->handle(Object(Illuminate\\Http\\Request), Object(Closure))
#40 D:\\praktikum_laravel\\laravelPraktikum\\vendor\\laravel\\framework\\src\\Illuminate\\Http\\Middleware\\HandleCors.php(48): Illuminate\\Pipeline\\Pipeline->{closure:{closure:Illuminate\\Pipeline\\Pipeline::carry():183}:184}(Object(Illuminate\\Http\\Request))
#41 D:\\praktikum_laravel\\laravelPraktikum\\vendor\\laravel\\framework\\src\\Illuminate\\Pipeline\\Pipeline.php(208): Illuminate\\Http\\Middleware\\HandleCors->handle(Object(Illuminate\\Http\\Request), Object(Closure))
#42 D:\\praktikum_laravel\\laravelPraktikum\\vendor\\laravel\\framework\\src\\Illuminate\\Http\\Middleware\\TrustProxies.php(58): Illuminate\\Pipeline\\Pipeline->{closure:{closure:Illuminate\\Pipeline\\Pipeline::carry():183}:184}(Object(Illuminate\\Http\\Request))
#43 D:\\praktikum_laravel\\laravelPraktikum\\vendor\\laravel\\framework\\src\\Illuminate\\Pipeline\\Pipeline.php(208): Illuminate\\Http\\Middleware\\TrustProxies->handle(Object(Illuminate\\Http\\Request), Object(Closure))
#44 D:\\praktikum_laravel\\laravelPraktikum\\vendor\\laravel\\framework\\src\\Illuminate\\Foundation\\Http\\Middleware\\InvokeDeferredCallbacks.php(22): Illuminate\\Pipeline\\Pipeline->{closure:{closure:Illuminate\\Pipeline\\Pipeline::carry():183}:184}(Object(Illuminate\\Http\\Request))
#45 D:\\praktikum_laravel\\laravelPraktikum\\vendor\\laravel\\framework\\src\\Illuminate\\Pipeline\\Pipeline.php(208): Illuminate\\Foundation\\Http\\Middleware\\InvokeDeferredCallbacks->handle(Object(Illuminate\\Http\\Request), Object(Closure))
#46 D:\\praktikum_laravel\\laravelPraktikum\\vendor\\laravel\\framework\\src\\Illuminate\\Http\\Middleware\\ValidatePathEncoding.php(26): Illuminate\\Pipeline\\Pipeline->{closure:{closure:Illuminate\\Pipeline\\Pipeline::carry():183}:184}(Object(Illuminate\\Http\\Request))
#47 D:\\praktikum_laravel\\laravelPraktikum\\vendor\\laravel\\framework\\src\\Illuminate\\Pipeline\\Pipeline.php(208): Illuminate\\Http\\Middleware\\ValidatePathEncoding->handle(Object(Illuminate\\Http\\Request), Object(Closure))
#48 D:\\praktikum_laravel\\laravelPraktikum\\vendor\\laravel\\framework\\src\\Illuminate\\Pipeline\\Pipeline.php(126): Illuminate\\Pipeline\\Pipeline->{closure:{closure:Illuminate\\Pipeline\\Pipeline::carry():183}:184}(Object(Illuminate\\Http\\Request))
#49 D:\\praktikum_laravel\\laravelPraktikum\\vendor\\laravel\\framework\\src\\Illuminate\\Foundation\\Http\\Kernel.php(175): Illuminate\\Pipeline\\Pipeline->then(Object(Closure))
#50 D:\\praktikum_laravel\\laravelPraktikum\\vendor\\laravel\\framework\\src\\Illuminate\\Foundation\\Http\\Kernel.php(144): Illuminate\\Foundation\\Http\\Kernel->sendRequestThroughRouter(Object(Illuminate\\Http\\Request))
#51 D:\\praktikum_laravel\\laravelPraktikum\\vendor\\laravel\\framework\\src\\Illuminate\\Foundation\\Application.php(1219): Illuminate\\Foundation\\Http\\Kernel->handle(Object(Illuminate\\Http\\Request))
#52 D:\\praktikum_laravel\\laravelPraktikum\\public\\index.php(20): Illuminate\\Foundation\\Application->handleRequest(Object(Illuminate\\Http\\Request))
#53 D:\\praktikum_laravel\\laravelPraktikum\\vendor\\laravel\\framework\\src\\Illuminate\\Foundation\\resources\\server.php(23): require_once('D:\\\\praktikum_la...')
#54 {main}
"} 
[2025-05-26 05:35:18] local.ERROR: include(D:\praktikum_laravel\laravelPraktikum\vendor\composer/../../app/Http/Controllers/Controller.php): Failed to open stream: No such file or directory {"exception":"[object] (ErrorException(code: 0): include(D:\\praktikum_laravel\\laravelPraktikum\\vendor\\composer/../../app/Http/Controllers/Controller.php): Failed to open stream: No such file or directory at D:\\praktikum_laravel\\laravelPraktikum\\vendor\\composer\\ClassLoader.php:576)
[stacktrace]
#0 D:\\praktikum_laravel\\laravelPraktikum\\vendor\\laravel\\framework\\src\\Illuminate\\Foundation\\Bootstrap\\HandleExceptions.php(256): Illuminate\\Foundation\\Bootstrap\\HandleExceptions->handleError(2, 'include(D:\\\\prak...', 'D:\\\\praktikum_la...', 576)
#1 D:\\praktikum_laravel\\laravelPraktikum\\vendor\\composer\\ClassLoader.php(576): Illuminate\\Foundation\\Bootstrap\\HandleExceptions->{closure:Illuminate\\Foundation\\Bootstrap\\HandleExceptions::forwardsTo():255}(2, 'include(D:\\\\prak...', 'D:\\\\praktikum_la...', 576)
#2 D:\\praktikum_laravel\\laravelPraktikum\\vendor\\composer\\ClassLoader.php(576): include('D:\\\\praktikum_la...')
#3 D:\\praktikum_laravel\\laravelPraktikum\\vendor\\composer\\ClassLoader.php(427): Composer\\Autoload\\ClassLoader::{closure:Composer\\Autoload\\ClassLoader::initializeIncludeClosure():575}('D:\\\\praktikum_la...')
#4 D:\\praktikum_laravel\\laravelPraktikum\\app\\Http\\Controllers\\contohcontroler.php(7): Composer\\Autoload\\ClassLoader->loadClass('App\\\\Http\\\\Contro...')
#5 D:\\praktikum_laravel\\laravelPraktikum\\vendor\\composer\\ClassLoader.php(576): include('D:\\\\praktikum_la...')
#6 D:\\praktikum_laravel\\laravelPraktikum\\vendor\\composer\\ClassLoader.php(427): Composer\\Autoload\\ClassLoader::{closure:Composer\\Autoload\\ClassLoader::initializeIncludeClosure():575}('D:\\\\praktikum_la...')
#7 [internal function]: Composer\\Autoload\\ClassLoader->loadClass('App\\\\Http\\\\Contro...')
#8 D:\\praktikum_laravel\\laravelPraktikum\\vendor\\laravel\\framework\\src\\Illuminate\\Routing\\Route.php(1119): is_a('App\\\\Http\\\\Contro...', 'Illuminate\\\\Rout...', true)
#9 D:\\praktikum_laravel\\laravelPraktikum\\vendor\\laravel\\framework\\src\\Illuminate\\Routing\\Route.php(1056): Illuminate\\Routing\\Route->controllerMiddleware()
#10 D:\\praktikum_laravel\\laravelPraktikum\\vendor\\laravel\\framework\\src\\Illuminate\\Routing\\Router.php(820): Illuminate\\Routing\\Route->gatherMiddleware()
#11 D:\\praktikum_laravel\\laravelPraktikum\\vendor\\laravel\\framework\\src\\Illuminate\\Routing\\Router.php(802): Illuminate\\Routing\\Router->gatherRouteMiddleware(Object(Illuminate\\Routing\\Route))
#12 D:\\praktikum_laravel\\laravelPraktikum\\vendor\\laravel\\framework\\src\\Illuminate\\Routing\\Router.php(786): Illuminate\\Routing\\Router->runRouteWithinStack(Object(Illuminate\\Routing\\Route), Object(Illuminate\\Http\\Request))
#13 D:\\praktikum_laravel\\laravelPraktikum\\vendor\\laravel\\framework\\src\\Illuminate\\Routing\\Router.php(750): Illuminate\\Routing\\Router->runRoute(Object(Illuminate\\Http\\Request), Object(Illuminate\\Routing\\Route))
#14 D:\\praktikum_laravel\\laravelPraktikum\\vendor\\laravel\\framework\\src\\Illuminate\\Routing\\Router.php(739): Illuminate\\Routing\\Router->dispatchToRoute(Object(Illuminate\\Http\\Request))
#15 D:\\praktikum_laravel\\laravelPraktikum\\vendor\\laravel\\framework\\src\\Illuminate\\Foundation\\Http\\Kernel.php(200): Illuminate\\Routing\\Router->dispatch(Object(Illuminate\\Http\\Request))
#16 D:\\praktikum_laravel\\laravelPraktikum\\vendor\\laravel\\framework\\src\\Illuminate\\Pipeline\\Pipeline.php(169): Illuminate\\Foundation\\Http\\Kernel->{closure:Illuminate\\Foundation\\Http\\Kernel::dispatchToRouter():197}(Object(Illuminate\\Http\\Request))
#17 D:\\praktikum_laravel\\laravelPraktikum\\vendor\\laravel\\framework\\src\\Illuminate\\Foundation\\Http\\Middleware\\TransformsRequest.php(21): Illuminate\\Pipeline\\Pipeline->{closure:Illuminate\\Pipeline\\Pipeline::prepareDestination():167}(Object(Illuminate\\Http\\Request))
#18 D:\\praktikum_laravel\\laravelPraktikum\\vendor\\laravel\\framework\\src\\Illuminate\\Foundation\\Http\\Middleware\\ConvertEmptyStringsToNull.php(31): Illuminate\\Foundation\\Http\\Middleware\\TransformsRequest->handle(Object(Illuminate\\Http\\Request), Object(Closure))
#19 D:\\praktikum_laravel\\laravelPraktikum\\vendor\\laravel\\framework\\src\\Illuminate\\Pipeline\\Pipeline.php(208): Illuminate\\Foundation\\Http\\Middleware\\ConvertEmptyStringsToNull->handle(Object(Illuminate\\Http\\Request), Object(Closure))
#20 D:\\praktikum_laravel\\laravelPraktikum\\vendor\\laravel\\framework\\src\\Illuminate\\Foundation\\Http\\Middleware\\TransformsRequest.php(21): Illuminate\\Pipeline\\Pipeline->{closure:{closure:Illuminate\\Pipeline\\Pipeline::carry():183}:184}(Object(Illuminate\\Http\\Request))
#21 D:\\praktikum_laravel\\laravelPraktikum\\vendor\\laravel\\framework\\src\\Illuminate\\Foundation\\Http\\Middleware\\TrimStrings.php(51): Illuminate\\Foundation\\Http\\Middleware\\TransformsRequest->handle(Object(Illuminate\\Http\\Request), Object(Closure))
#22 D:\\praktikum_laravel\\laravelPraktikum\\vendor\\laravel\\framework\\src\\Illuminate\\Pipeline\\Pipeline.php(208): Illuminate\\Foundation\\Http\\Middleware\\TrimStrings->handle(Object(Illuminate\\Http\\Request), Object(Closure))
#23 D:\\praktikum_laravel\\laravelPraktikum\\vendor\\laravel\\framework\\src\\Illuminate\\Http\\Middleware\\ValidatePostSize.php(27): Illuminate\\Pipeline\\Pipeline->{closure:{closure:Illuminate\\Pipeline\\Pipeline::carry():183}:184}(Object(Illuminate\\Http\\Request))
#24 D:\\praktikum_laravel\\laravelPraktikum\\vendor\\laravel\\framework\\src\\Illuminate\\Pipeline\\Pipeline.php(208): Illuminate\\Http\\Middleware\\ValidatePostSize->handle(Object(Illuminate\\Http\\Request), Object(Closure))
#25 D:\\praktikum_laravel\\laravelPraktikum\\vendor\\laravel\\framework\\src\\Illuminate\\Foundation\\Http\\Middleware\\PreventRequestsDuringMaintenance.php(109): Illuminate\\Pipeline\\Pipeline->{closure:{closure:Illuminate\\Pipeline\\Pipeline::carry():183}:184}(Object(Illuminate\\Http\\Request))
#26 D:\\praktikum_laravel\\laravelPraktikum\\vendor\\laravel\\framework\\src\\Illuminate\\Pipeline\\Pipeline.php(208): Illuminate\\Foundation\\Http\\Middleware\\PreventRequestsDuringMaintenance->handle(Object(Illuminate\\Http\\Request), Object(Closure))
#27 D:\\praktikum_laravel\\laravelPraktikum\\vendor\\laravel\\framework\\src\\Illuminate\\Http\\Middleware\\HandleCors.php(48): Illuminate\\Pipeline\\Pipeline->{closure:{closure:Illuminate\\Pipeline\\Pipeline::carry():183}:184}(Object(Illuminate\\Http\\Request))
#28 D:\\praktikum_laravel\\laravelPraktikum\\vendor\\laravel\\framework\\src\\Illuminate\\Pipeline\\Pipeline.php(208): Illuminate\\Http\\Middleware\\HandleCors->handle(Object(Illuminate\\Http\\Request), Object(Closure))
#29 D:\\praktikum_laravel\\laravelPraktikum\\vendor\\laravel\\framework\\src\\Illuminate\\Http\\Middleware\\TrustProxies.php(58): Illuminate\\Pipeline\\Pipeline->{closure:{closure:Illuminate\\Pipeline\\Pipeline::carry():183}:184}(Object(Illuminate\\Http\\Request))
#30 D:\\praktikum_laravel\\laravelPraktikum\\vendor\\laravel\\framework\\src\\Illuminate\\Pipeline\\Pipeline.php(208): Illuminate\\Http\\Middleware\\TrustProxies->handle(Object(Illuminate\\Http\\Request), Object(Closure))
#31 D:\\praktikum_laravel\\laravelPraktikum\\vendor\\laravel\\framework\\src\\Illuminate\\Foundation\\Http\\Middleware\\InvokeDeferredCallbacks.php(22): Illuminate\\Pipeline\\Pipeline->{closure:{closure:Illuminate\\Pipeline\\Pipeline::carry():183}:184}(Object(Illuminate\\Http\\Request))
#32 D:\\praktikum_laravel\\laravelPraktikum\\vendor\\laravel\\framework\\src\\Illuminate\\Pipeline\\Pipeline.php(208): Illuminate\\Foundation\\Http\\Middleware\\InvokeDeferredCallbacks->handle(Object(Illuminate\\Http\\Request), Object(Closure))
#33 D:\\praktikum_laravel\\laravelPraktikum\\vendor\\laravel\\framework\\src\\Illuminate\\Http\\Middleware\\ValidatePathEncoding.php(26): Illuminate\\Pipeline\\Pipeline->{closure:{closure:Illuminate\\Pipeline\\Pipeline::carry():183}:184}(Object(Illuminate\\Http\\Request))
#34 D:\\praktikum_laravel\\laravelPraktikum\\vendor\\laravel\\framework\\src\\Illuminate\\Pipeline\\Pipeline.php(208): Illuminate\\Http\\Middleware\\ValidatePathEncoding->handle(Object(Illuminate\\Http\\Request), Object(Closure))
#35 D:\\praktikum_laravel\\laravelPraktikum\\vendor\\laravel\\framework\\src\\Illuminate\\Pipeline\\Pipeline.php(126): Illuminate\\Pipeline\\Pipeline->{closure:{closure:Illuminate\\Pipeline\\Pipeline::carry():183}:184}(Object(Illuminate\\Http\\Request))
#36 D:\\praktikum_laravel\\laravelPraktikum\\vendor\\laravel\\framework\\src\\Illuminate\\Foundation\\Http\\Kernel.php(175): Illuminate\\Pipeline\\Pipeline->then(Object(Closure))
#37 D:\\praktikum_laravel\\laravelPraktikum\\vendor\\laravel\\framework\\src\\Illuminate\\Foundation\\Http\\Kernel.php(144): Illuminate\\Foundation\\Http\\Kernel->sendRequestThroughRouter(Object(Illuminate\\Http\\Request))
#38 D:\\praktikum_laravel\\laravelPraktikum\\vendor\\laravel\\framework\\src\\Illuminate\\Foundation\\Application.php(1219): Illuminate\\Foundation\\Http\\Kernel->handle(Object(Illuminate\\Http\\Request))
#39 D:\\praktikum_laravel\\laravelPraktikum\\public\\index.php(20): Illuminate\\Foundation\\Application->handleRequest(Object(Illuminate\\Http\\Request))
#40 D:\\praktikum_laravel\\laravelPraktikum\\vendor\\laravel\\framework\\src\\Illuminate\\Foundation\\resources\\server.php(23): require_once('D:\\\\praktikum_la...')
#41 {main}
"} 
[2025-05-26 05:37:18] local.ERROR: include(D:\praktikum_laravel\laravelPraktikum\vendor\composer/../../app/Http/Controllers/Controller.php): Failed to open stream: No such file or directory {"exception":"[object] (ErrorException(code: 0): include(D:\\praktikum_laravel\\laravelPraktikum\\vendor\\composer/../../app/Http/Controllers/Controller.php): Failed to open stream: No such file or directory at D:\\praktikum_laravel\\laravelPraktikum\\vendor\\composer\\ClassLoader.php:576)
[stacktrace]
#0 D:\\praktikum_laravel\\laravelPraktikum\\vendor\\laravel\\framework\\src\\Illuminate\\Foundation\\Bootstrap\\HandleExceptions.php(256): Illuminate\\Foundation\\Bootstrap\\HandleExceptions->handleError(2, 'include(D:\\\\prak...', 'D:\\\\praktikum_la...', 576)
#1 D:\\praktikum_laravel\\laravelPraktikum\\vendor\\composer\\ClassLoader.php(576): Illuminate\\Foundation\\Bootstrap\\HandleExceptions->{closure:Illuminate\\Foundation\\Bootstrap\\HandleExceptions::forwardsTo():255}(2, 'include(D:\\\\prak...', 'D:\\\\praktikum_la...', 576)
#2 D:\\praktikum_laravel\\laravelPraktikum\\vendor\\composer\\ClassLoader.php(576): include('D:\\\\praktikum_la...')
#3 D:\\praktikum_laravel\\laravelPraktikum\\vendor\\composer\\ClassLoader.php(427): Composer\\Autoload\\ClassLoader::{closure:Composer\\Autoload\\ClassLoader::initializeIncludeClosure():575}('D:\\\\praktikum_la...')
#4 D:\\praktikum_laravel\\laravelPraktikum\\app\\Http\\Controllers\\contohcontroler.php(7): Composer\\Autoload\\ClassLoader->loadClass('App\\\\Http\\\\Contro...')
#5 D:\\praktikum_laravel\\laravelPraktikum\\vendor\\composer\\ClassLoader.php(576): include('D:\\\\praktikum_la...')
#6 D:\\praktikum_laravel\\laravelPraktikum\\vendor\\composer\\ClassLoader.php(427): Composer\\Autoload\\ClassLoader::{closure:Composer\\Autoload\\ClassLoader::initializeIncludeClosure():575}('D:\\\\praktikum_la...')
#7 [internal function]: Composer\\Autoload\\ClassLoader->loadClass('App\\\\Http\\\\Contro...')
#8 D:\\praktikum_laravel\\laravelPraktikum\\vendor\\laravel\\framework\\src\\Illuminate\\Routing\\Route.php(1119): is_a('App\\\\Http\\\\Contro...', 'Illuminate\\\\Rout...', true)
#9 D:\\praktikum_laravel\\laravelPraktikum\\vendor\\laravel\\framework\\src\\Illuminate\\Routing\\Route.php(1056): Illuminate\\Routing\\Route->controllerMiddleware()
#10 D:\\praktikum_laravel\\laravelPraktikum\\vendor\\laravel\\framework\\src\\Illuminate\\Routing\\Router.php(820): Illuminate\\Routing\\Route->gatherMiddleware()
#11 D:\\praktikum_laravel\\laravelPraktikum\\vendor\\laravel\\framework\\src\\Illuminate\\Routing\\Router.php(802): Illuminate\\Routing\\Router->gatherRouteMiddleware(Object(Illuminate\\Routing\\Route))
#12 D:\\praktikum_laravel\\laravelPraktikum\\vendor\\laravel\\framework\\src\\Illuminate\\Routing\\Router.php(786): Illuminate\\Routing\\Router->runRouteWithinStack(Object(Illuminate\\Routing\\Route), Object(Illuminate\\Http\\Request))
#13 D:\\praktikum_laravel\\laravelPraktikum\\vendor\\laravel\\framework\\src\\Illuminate\\Routing\\Router.php(750): Illuminate\\Routing\\Router->runRoute(Object(Illuminate\\Http\\Request), Object(Illuminate\\Routing\\Route))
#14 D:\\praktikum_laravel\\laravelPraktikum\\vendor\\laravel\\framework\\src\\Illuminate\\Routing\\Router.php(739): Illuminate\\Routing\\Router->dispatchToRoute(Object(Illuminate\\Http\\Request))
#15 D:\\praktikum_laravel\\laravelPraktikum\\vendor\\laravel\\framework\\src\\Illuminate\\Foundation\\Http\\Kernel.php(200): Illuminate\\Routing\\Router->dispatch(Object(Illuminate\\Http\\Request))
#16 D:\\praktikum_laravel\\laravelPraktikum\\vendor\\laravel\\framework\\src\\Illuminate\\Pipeline\\Pipeline.php(169): Illuminate\\Foundation\\Http\\Kernel->{closure:Illuminate\\Foundation\\Http\\Kernel::dispatchToRouter():197}(Object(Illuminate\\Http\\Request))
#17 D:\\praktikum_laravel\\laravelPraktikum\\vendor\\laravel\\framework\\src\\Illuminate\\Foundation\\Http\\Middleware\\TransformsRequest.php(21): Illuminate\\Pipeline\\Pipeline->{closure:Illuminate\\Pipeline\\Pipeline::prepareDestination():167}(Object(Illuminate\\Http\\Request))
#18 D:\\praktikum_laravel\\laravelPraktikum\\vendor\\laravel\\framework\\src\\Illuminate\\Foundation\\Http\\Middleware\\ConvertEmptyStringsToNull.php(31): Illuminate\\Foundation\\Http\\Middleware\\TransformsRequest->handle(Object(Illuminate\\Http\\Request), Object(Closure))
#19 D:\\praktikum_laravel\\laravelPraktikum\\vendor\\laravel\\framework\\src\\Illuminate\\Pipeline\\Pipeline.php(208): Illuminate\\Foundation\\Http\\Middleware\\ConvertEmptyStringsToNull->handle(Object(Illuminate\\Http\\Request), Object(Closure))
#20 D:\\praktikum_laravel\\laravelPraktikum\\vendor\\laravel\\framework\\src\\Illuminate\\Foundation\\Http\\Middleware\\TransformsRequest.php(21): Illuminate\\Pipeline\\Pipeline->{closure:{closure:Illuminate\\Pipeline\\Pipeline::carry():183}:184}(Object(Illuminate\\Http\\Request))
#21 D:\\praktikum_laravel\\laravelPraktikum\\vendor\\laravel\\framework\\src\\Illuminate\\Foundation\\Http\\Middleware\\TrimStrings.php(51): Illuminate\\Foundation\\Http\\Middleware\\TransformsRequest->handle(Object(Illuminate\\Http\\Request), Object(Closure))
#22 D:\\praktikum_laravel\\laravelPraktikum\\vendor\\laravel\\framework\\src\\Illuminate\\Pipeline\\Pipeline.php(208): Illuminate\\Foundation\\Http\\Middleware\\TrimStrings->handle(Object(Illuminate\\Http\\Request), Object(Closure))
#23 D:\\praktikum_laravel\\laravelPraktikum\\vendor\\laravel\\framework\\src\\Illuminate\\Http\\Middleware\\ValidatePostSize.php(27): Illuminate\\Pipeline\\Pipeline->{closure:{closure:Illuminate\\Pipeline\\Pipeline::carry():183}:184}(Object(Illuminate\\Http\\Request))
#24 D:\\praktikum_laravel\\laravelPraktikum\\vendor\\laravel\\framework\\src\\Illuminate\\Pipeline\\Pipeline.php(208): Illuminate\\Http\\Middleware\\ValidatePostSize->handle(Object(Illuminate\\Http\\Request), Object(Closure))
#25 D:\\praktikum_laravel\\laravelPraktikum\\vendor\\laravel\\framework\\src\\Illuminate\\Foundation\\Http\\Middleware\\PreventRequestsDuringMaintenance.php(109): Illuminate\\Pipeline\\Pipeline->{closure:{closure:Illuminate\\Pipeline\\Pipeline::carry():183}:184}(Object(Illuminate\\Http\\Request))
#26 D:\\praktikum_laravel\\laravelPraktikum\\vendor\\laravel\\framework\\src\\Illuminate\\Pipeline\\Pipeline.php(208): Illuminate\\Foundation\\Http\\Middleware\\PreventRequestsDuringMaintenance->handle(Object(Illuminate\\Http\\Request), Object(Closure))
#27 D:\\praktikum_laravel\\laravelPraktikum\\vendor\\laravel\\framework\\src\\Illuminate\\Http\\Middleware\\HandleCors.php(48): Illuminate\\Pipeline\\Pipeline->{closure:{closure:Illuminate\\Pipeline\\Pipeline::carry():183}:184}(Object(Illuminate\\Http\\Request))
#28 D:\\praktikum_laravel\\laravelPraktikum\\vendor\\laravel\\framework\\src\\Illuminate\\Pipeline\\Pipeline.php(208): Illuminate\\Http\\Middleware\\HandleCors->handle(Object(Illuminate\\Http\\Request), Object(Closure))
#29 D:\\praktikum_laravel\\laravelPraktikum\\vendor\\laravel\\framework\\src\\Illuminate\\Http\\Middleware\\TrustProxies.php(58): Illuminate\\Pipeline\\Pipeline->{closure:{closure:Illuminate\\Pipeline\\Pipeline::carry():183}:184}(Object(Illuminate\\Http\\Request))
#30 D:\\praktikum_laravel\\laravelPraktikum\\vendor\\laravel\\framework\\src\\Illuminate\\Pipeline\\Pipeline.php(208): Illuminate\\Http\\Middleware\\TrustProxies->handle(Object(Illuminate\\Http\\Request), Object(Closure))
#31 D:\\praktikum_laravel\\laravelPraktikum\\vendor\\laravel\\framework\\src\\Illuminate\\Foundation\\Http\\Middleware\\InvokeDeferredCallbacks.php(22): Illuminate\\Pipeline\\Pipeline->{closure:{closure:Illuminate\\Pipeline\\Pipeline::carry():183}:184}(Object(Illuminate\\Http\\Request))
#32 D:\\praktikum_laravel\\laravelPraktikum\\vendor\\laravel\\framework\\src\\Illuminate\\Pipeline\\Pipeline.php(208): Illuminate\\Foundation\\Http\\Middleware\\InvokeDeferredCallbacks->handle(Object(Illuminate\\Http\\Request), Object(Closure))
#33 D:\\praktikum_laravel\\laravelPraktikum\\vendor\\laravel\\framework\\src\\Illuminate\\Http\\Middleware\\ValidatePathEncoding.php(26): Illuminate\\Pipeline\\Pipeline->{closure:{closure:Illuminate\\Pipeline\\Pipeline::carry():183}:184}(Object(Illuminate\\Http\\Request))
#34 D:\\praktikum_laravel\\laravelPraktikum\\vendor\\laravel\\framework\\src\\Illuminate\\Pipeline\\Pipeline.php(208): Illuminate\\Http\\Middleware\\ValidatePathEncoding->handle(Object(Illuminate\\Http\\Request), Object(Closure))
#35 D:\\praktikum_laravel\\laravelPraktikum\\vendor\\laravel\\framework\\src\\Illuminate\\Pipeline\\Pipeline.php(126): Illuminate\\Pipeline\\Pipeline->{closure:{closure:Illuminate\\Pipeline\\Pipeline::carry():183}:184}(Object(Illuminate\\Http\\Request))
#36 D:\\praktikum_laravel\\laravelPraktikum\\vendor\\laravel\\framework\\src\\Illuminate\\Foundation\\Http\\Kernel.php(175): Illuminate\\Pipeline\\Pipeline->then(Object(Closure))
#37 D:\\praktikum_laravel\\laravelPraktikum\\vendor\\laravel\\framework\\src\\Illuminate\\Foundation\\Http\\Kernel.php(144): Illuminate\\Foundation\\Http\\Kernel->sendRequestThroughRouter(Object(Illuminate\\Http\\Request))
#38 D:\\praktikum_laravel\\laravelPraktikum\\vendor\\laravel\\framework\\src\\Illuminate\\Foundation\\Application.php(1219): Illuminate\\Foundation\\Http\\Kernel->handle(Object(Illuminate\\Http\\Request))
#39 D:\\praktikum_laravel\\laravelPraktikum\\public\\index.php(20): Illuminate\\Foundation\\Application->handleRequest(Object(Illuminate\\Http\\Request))
#40 D:\\praktikum_laravel\\laravelPraktikum\\vendor\\laravel\\framework\\src\\Illuminate\\Foundation\\resources\\server.php(23): require_once('D:\\\\praktikum_la...')
#41 {main}
"} 
[2025-05-26 05:39:56] local.ERROR: include(D:\praktikum_laravel\laravelPraktikum\vendor\composer/../../app/Http/Controllers/Controller.php): Failed to open stream: No such file or directory {"exception":"[object] (ErrorException(code: 0): include(D:\\praktikum_laravel\\laravelPraktikum\\vendor\\composer/../../app/Http/Controllers/Controller.php): Failed to open stream: No such file or directory at D:\\praktikum_laravel\\laravelPraktikum\\vendor\\composer\\ClassLoader.php:576)
[stacktrace]
#0 D:\\praktikum_laravel\\laravelPraktikum\\vendor\\laravel\\framework\\src\\Illuminate\\Foundation\\Bootstrap\\HandleExceptions.php(256): Illuminate\\Foundation\\Bootstrap\\HandleExceptions->handleError(2, 'include(D:\\\\prak...', 'D:\\\\praktikum_la...', 576)
#1 D:\\praktikum_laravel\\laravelPraktikum\\vendor\\composer\\ClassLoader.php(576): Illuminate\\Foundation\\Bootstrap\\HandleExceptions->{closure:Illuminate\\Foundation\\Bootstrap\\HandleExceptions::forwardsTo():255}(2, 'include(D:\\\\prak...', 'D:\\\\praktikum_la...', 576)
#2 D:\\praktikum_laravel\\laravelPraktikum\\vendor\\composer\\ClassLoader.php(576): include('D:\\\\praktikum_la...')
#3 D:\\praktikum_laravel\\laravelPraktikum\\vendor\\composer\\ClassLoader.php(427): Composer\\Autoload\\ClassLoader::{closure:Composer\\Autoload\\ClassLoader::initializeIncludeClosure():575}('D:\\\\praktikum_la...')
#4 D:\\praktikum_laravel\\laravelPraktikum\\app\\Http\\Controllers\\contohcontroler.php(7): Composer\\Autoload\\ClassLoader->loadClass('App\\\\Http\\\\Contro...')
#5 D:\\praktikum_laravel\\laravelPraktikum\\vendor\\composer\\ClassLoader.php(576): include('D:\\\\praktikum_la...')
#6 D:\\praktikum_laravel\\laravelPraktikum\\vendor\\composer\\ClassLoader.php(427): Composer\\Autoload\\ClassLoader::{closure:Composer\\Autoload\\ClassLoader::initializeIncludeClosure():575}('D:\\\\praktikum_la...')
#7 [internal function]: Composer\\Autoload\\ClassLoader->loadClass('App\\\\Http\\\\Contro...')
#8 D:\\praktikum_laravel\\laravelPraktikum\\vendor\\laravel\\framework\\src\\Illuminate\\Routing\\Route.php(1119): is_a('App\\\\Http\\\\Contro...', 'Illuminate\\\\Rout...', true)
#9 D:\\praktikum_laravel\\laravelPraktikum\\vendor\\laravel\\framework\\src\\Illuminate\\Routing\\Route.php(1056): Illuminate\\Routing\\Route->controllerMiddleware()
#10 D:\\praktikum_laravel\\laravelPraktikum\\vendor\\laravel\\framework\\src\\Illuminate\\Routing\\Router.php(820): Illuminate\\Routing\\Route->gatherMiddleware()
#11 D:\\praktikum_laravel\\laravelPraktikum\\vendor\\laravel\\framework\\src\\Illuminate\\Routing\\Router.php(802): Illuminate\\Routing\\Router->gatherRouteMiddleware(Object(Illuminate\\Routing\\Route))
#12 D:\\praktikum_laravel\\laravelPraktikum\\vendor\\laravel\\framework\\src\\Illuminate\\Routing\\Router.php(786): Illuminate\\Routing\\Router->runRouteWithinStack(Object(Illuminate\\Routing\\Route), Object(Illuminate\\Http\\Request))
#13 D:\\praktikum_laravel\\laravelPraktikum\\vendor\\laravel\\framework\\src\\Illuminate\\Routing\\Router.php(750): Illuminate\\Routing\\Router->runRoute(Object(Illuminate\\Http\\Request), Object(Illuminate\\Routing\\Route))
#14 D:\\praktikum_laravel\\laravelPraktikum\\vendor\\laravel\\framework\\src\\Illuminate\\Routing\\Router.php(739): Illuminate\\Routing\\Router->dispatchToRoute(Object(Illuminate\\Http\\Request))
#15 D:\\praktikum_laravel\\laravelPraktikum\\vendor\\laravel\\framework\\src\\Illuminate\\Foundation\\Http\\Kernel.php(200): Illuminate\\Routing\\Router->dispatch(Object(Illuminate\\Http\\Request))
#16 D:\\praktikum_laravel\\laravelPraktikum\\vendor\\laravel\\framework\\src\\Illuminate\\Pipeline\\Pipeline.php(169): Illuminate\\Foundation\\Http\\Kernel->{closure:Illuminate\\Foundation\\Http\\Kernel::dispatchToRouter():197}(Object(Illuminate\\Http\\Request))
#17 D:\\praktikum_laravel\\laravelPraktikum\\vendor\\laravel\\framework\\src\\Illuminate\\Foundation\\Http\\Middleware\\TransformsRequest.php(21): Illuminate\\Pipeline\\Pipeline->{closure:Illuminate\\Pipeline\\Pipeline::prepareDestination():167}(Object(Illuminate\\Http\\Request))
#18 D:\\praktikum_laravel\\laravelPraktikum\\vendor\\laravel\\framework\\src\\Illuminate\\Foundation\\Http\\Middleware\\ConvertEmptyStringsToNull.php(31): Illuminate\\Foundation\\Http\\Middleware\\TransformsRequest->handle(Object(Illuminate\\Http\\Request), Object(Closure))
#19 D:\\praktikum_laravel\\laravelPraktikum\\vendor\\laravel\\framework\\src\\Illuminate\\Pipeline\\Pipeline.php(208): Illuminate\\Foundation\\Http\\Middleware\\ConvertEmptyStringsToNull->handle(Object(Illuminate\\Http\\Request), Object(Closure))
#20 D:\\praktikum_laravel\\laravelPraktikum\\vendor\\laravel\\framework\\src\\Illuminate\\Foundation\\Http\\Middleware\\TransformsRequest.php(21): Illuminate\\Pipeline\\Pipeline->{closure:{closure:Illuminate\\Pipeline\\Pipeline::carry():183}:184}(Object(Illuminate\\Http\\Request))
#21 D:\\praktikum_laravel\\laravelPraktikum\\vendor\\laravel\\framework\\src\\Illuminate\\Foundation\\Http\\Middleware\\TrimStrings.php(51): Illuminate\\Foundation\\Http\\Middleware\\TransformsRequest->handle(Object(Illuminate\\Http\\Request), Object(Closure))
#22 D:\\praktikum_laravel\\laravelPraktikum\\vendor\\laravel\\framework\\src\\Illuminate\\Pipeline\\Pipeline.php(208): Illuminate\\Foundation\\Http\\Middleware\\TrimStrings->handle(Object(Illuminate\\Http\\Request), Object(Closure))
#23 D:\\praktikum_laravel\\laravelPraktikum\\vendor\\laravel\\framework\\src\\Illuminate\\Http\\Middleware\\ValidatePostSize.php(27): Illuminate\\Pipeline\\Pipeline->{closure:{closure:Illuminate\\Pipeline\\Pipeline::carry():183}:184}(Object(Illuminate\\Http\\Request))
#24 D:\\praktikum_laravel\\laravelPraktikum\\vendor\\laravel\\framework\\src\\Illuminate\\Pipeline\\Pipeline.php(208): Illuminate\\Http\\Middleware\\ValidatePostSize->handle(Object(Illuminate\\Http\\Request), Object(Closure))
#25 D:\\praktikum_laravel\\laravelPraktikum\\vendor\\laravel\\framework\\src\\Illuminate\\Foundation\\Http\\Middleware\\PreventRequestsDuringMaintenance.php(109): Illuminate\\Pipeline\\Pipeline->{closure:{closure:Illuminate\\Pipeline\\Pipeline::carry():183}:184}(Object(Illuminate\\Http\\Request))
#26 D:\\praktikum_laravel\\laravelPraktikum\\vendor\\laravel\\framework\\src\\Illuminate\\Pipeline\\Pipeline.php(208): Illuminate\\Foundation\\Http\\Middleware\\PreventRequestsDuringMaintenance->handle(Object(Illuminate\\Http\\Request), Object(Closure))
#27 D:\\praktikum_laravel\\laravelPraktikum\\vendor\\laravel\\framework\\src\\Illuminate\\Http\\Middleware\\HandleCors.php(48): Illuminate\\Pipeline\\Pipeline->{closure:{closure:Illuminate\\Pipeline\\Pipeline::carry():183}:184}(Object(Illuminate\\Http\\Request))
#28 D:\\praktikum_laravel\\laravelPraktikum\\vendor\\laravel\\framework\\src\\Illuminate\\Pipeline\\Pipeline.php(208): Illuminate\\Http\\Middleware\\HandleCors->handle(Object(Illuminate\\Http\\Request), Object(Closure))
#29 D:\\praktikum_laravel\\laravelPraktikum\\vendor\\laravel\\framework\\src\\Illuminate\\Http\\Middleware\\TrustProxies.php(58): Illuminate\\Pipeline\\Pipeline->{closure:{closure:Illuminate\\Pipeline\\Pipeline::carry():183}:184}(Object(Illuminate\\Http\\Request))
#30 D:\\praktikum_laravel\\laravelPraktikum\\vendor\\laravel\\framework\\src\\Illuminate\\Pipeline\\Pipeline.php(208): Illuminate\\Http\\Middleware\\TrustProxies->handle(Object(Illuminate\\Http\\Request), Object(Closure))
#31 D:\\praktikum_laravel\\laravelPraktikum\\vendor\\laravel\\framework\\src\\Illuminate\\Foundation\\Http\\Middleware\\InvokeDeferredCallbacks.php(22): Illuminate\\Pipeline\\Pipeline->{closure:{closure:Illuminate\\Pipeline\\Pipeline::carry():183}:184}(Object(Illuminate\\Http\\Request))
#32 D:\\praktikum_laravel\\laravelPraktikum\\vendor\\laravel\\framework\\src\\Illuminate\\Pipeline\\Pipeline.php(208): Illuminate\\Foundation\\Http\\Middleware\\InvokeDeferredCallbacks->handle(Object(Illuminate\\Http\\Request), Object(Closure))
#33 D:\\praktikum_laravel\\laravelPraktikum\\vendor\\laravel\\framework\\src\\Illuminate\\Http\\Middleware\\ValidatePathEncoding.php(26): Illuminate\\Pipeline\\Pipeline->{closure:{closure:Illuminate\\Pipeline\\Pipeline::carry():183}:184}(Object(Illuminate\\Http\\Request))
#34 D:\\praktikum_laravel\\laravelPraktikum\\vendor\\laravel\\framework\\src\\Illuminate\\Pipeline\\Pipeline.php(208): Illuminate\\Http\\Middleware\\ValidatePathEncoding->handle(Object(Illuminate\\Http\\Request), Object(Closure))
#35 D:\\praktikum_laravel\\laravelPraktikum\\vendor\\laravel\\framework\\src\\Illuminate\\Pipeline\\Pipeline.php(126): Illuminate\\Pipeline\\Pipeline->{closure:{closure:Illuminate\\Pipeline\\Pipeline::carry():183}:184}(Object(Illuminate\\Http\\Request))
#36 D:\\praktikum_laravel\\laravelPraktikum\\vendor\\laravel\\framework\\src\\Illuminate\\Foundation\\Http\\Kernel.php(175): Illuminate\\Pipeline\\Pipeline->then(Object(Closure))
#37 D:\\praktikum_laravel\\laravelPraktikum\\vendor\\laravel\\framework\\src\\Illuminate\\Foundation\\Http\\Kernel.php(144): Illuminate\\Foundation\\Http\\Kernel->sendRequestThroughRouter(Object(Illuminate\\Http\\Request))
#38 D:\\praktikum_laravel\\laravelPraktikum\\vendor\\laravel\\framework\\src\\Illuminate\\Foundation\\Application.php(1219): Illuminate\\Foundation\\Http\\Kernel->handle(Object(Illuminate\\Http\\Request))
#39 D:\\praktikum_laravel\\laravelPraktikum\\public\\index.php(20): Illuminate\\Foundation\\Application->handleRequest(Object(Illuminate\\Http\\Request))
#40 D:\\praktikum_laravel\\laravelPraktikum\\vendor\\laravel\\framework\\src\\Illuminate\\Foundation\\resources\\server.php(23): require_once('D:\\\\praktikum_la...')
#41 {main}
"} 
[2025-05-26 05:40:42] local.ERROR: include(D:\praktikum_laravel\laravelPraktikum\vendor\composer/../../app/Http/Controllers/Controller.php): Failed to open stream: No such file or directory {"exception":"[object] (ErrorException(code: 0): include(D:\\praktikum_laravel\\laravelPraktikum\\vendor\\composer/../../app/Http/Controllers/Controller.php): Failed to open stream: No such file or directory at D:\\praktikum_laravel\\laravelPraktikum\\vendor\\composer\\ClassLoader.php:576)
[stacktrace]
#0 D:\\praktikum_laravel\\laravelPraktikum\\vendor\\laravel\\framework\\src\\Illuminate\\Foundation\\Bootstrap\\HandleExceptions.php(256): Illuminate\\Foundation\\Bootstrap\\HandleExceptions->handleError(2, 'include(D:\\\\prak...', 'D:\\\\praktikum_la...', 576)
#1 D:\\praktikum_laravel\\laravelPraktikum\\vendor\\composer\\ClassLoader.php(576): Illuminate\\Foundation\\Bootstrap\\HandleExceptions->{closure:Illuminate\\Foundation\\Bootstrap\\HandleExceptions::forwardsTo():255}(2, 'include(D:\\\\prak...', 'D:\\\\praktikum_la...', 576)
#2 D:\\praktikum_laravel\\laravelPraktikum\\vendor\\composer\\ClassLoader.php(576): include('D:\\\\praktikum_la...')
#3 D:\\praktikum_laravel\\laravelPraktikum\\vendor\\composer\\ClassLoader.php(427): Composer\\Autoload\\ClassLoader::{closure:Composer\\Autoload\\ClassLoader::initializeIncludeClosure():575}('D:\\\\praktikum_la...')
#4 D:\\praktikum_laravel\\laravelPraktikum\\app\\Http\\Controllers\\contohcontroler.php(7): Composer\\Autoload\\ClassLoader->loadClass('App\\\\Http\\\\Contro...')
#5 D:\\praktikum_laravel\\laravelPraktikum\\vendor\\composer\\ClassLoader.php(576): include('D:\\\\praktikum_la...')
#6 D:\\praktikum_laravel\\laravelPraktikum\\vendor\\composer\\ClassLoader.php(427): Composer\\Autoload\\ClassLoader::{closure:Composer\\Autoload\\ClassLoader::initializeIncludeClosure():575}('D:\\\\praktikum_la...')
#7 [internal function]: Composer\\Autoload\\ClassLoader->loadClass('App\\\\Http\\\\Contro...')
#8 D:\\praktikum_laravel\\laravelPraktikum\\vendor\\laravel\\framework\\src\\Illuminate\\Routing\\Route.php(1119): is_a('App\\\\Http\\\\Contro...', 'Illuminate\\\\Rout...', true)
#9 D:\\praktikum_laravel\\laravelPraktikum\\vendor\\laravel\\framework\\src\\Illuminate\\Routing\\Route.php(1056): Illuminate\\Routing\\Route->controllerMiddleware()
#10 D:\\praktikum_laravel\\laravelPraktikum\\vendor\\laravel\\framework\\src\\Illuminate\\Routing\\Router.php(820): Illuminate\\Routing\\Route->gatherMiddleware()
#11 D:\\praktikum_laravel\\laravelPraktikum\\vendor\\laravel\\framework\\src\\Illuminate\\Routing\\Router.php(802): Illuminate\\Routing\\Router->gatherRouteMiddleware(Object(Illuminate\\Routing\\Route))
#12 D:\\praktikum_laravel\\laravelPraktikum\\vendor\\laravel\\framework\\src\\Illuminate\\Routing\\Router.php(786): Illuminate\\Routing\\Router->runRouteWithinStack(Object(Illuminate\\Routing\\Route), Object(Illuminate\\Http\\Request))
#13 D:\\praktikum_laravel\\laravelPraktikum\\vendor\\laravel\\framework\\src\\Illuminate\\Routing\\Router.php(750): Illuminate\\Routing\\Router->runRoute(Object(Illuminate\\Http\\Request), Object(Illuminate\\Routing\\Route))
#14 D:\\praktikum_laravel\\laravelPraktikum\\vendor\\laravel\\framework\\src\\Illuminate\\Routing\\Router.php(739): Illuminate\\Routing\\Router->dispatchToRoute(Object(Illuminate\\Http\\Request))
#15 D:\\praktikum_laravel\\laravelPraktikum\\vendor\\laravel\\framework\\src\\Illuminate\\Foundation\\Http\\Kernel.php(200): Illuminate\\Routing\\Router->dispatch(Object(Illuminate\\Http\\Request))
#16 D:\\praktikum_laravel\\laravelPraktikum\\vendor\\laravel\\framework\\src\\Illuminate\\Pipeline\\Pipeline.php(169): Illuminate\\Foundation\\Http\\Kernel->{closure:Illuminate\\Foundation\\Http\\Kernel::dispatchToRouter():197}(Object(Illuminate\\Http\\Request))
#17 D:\\praktikum_laravel\\laravelPraktikum\\vendor\\laravel\\framework\\src\\Illuminate\\Foundation\\Http\\Middleware\\TransformsRequest.php(21): Illuminate\\Pipeline\\Pipeline->{closure:Illuminate\\Pipeline\\Pipeline::prepareDestination():167}(Object(Illuminate\\Http\\Request))
#18 D:\\praktikum_laravel\\laravelPraktikum\\vendor\\laravel\\framework\\src\\Illuminate\\Foundation\\Http\\Middleware\\ConvertEmptyStringsToNull.php(31): Illuminate\\Foundation\\Http\\Middleware\\TransformsRequest->handle(Object(Illuminate\\Http\\Request), Object(Closure))
#19 D:\\praktikum_laravel\\laravelPraktikum\\vendor\\laravel\\framework\\src\\Illuminate\\Pipeline\\Pipeline.php(208): Illuminate\\Foundation\\Http\\Middleware\\ConvertEmptyStringsToNull->handle(Object(Illuminate\\Http\\Request), Object(Closure))
#20 D:\\praktikum_laravel\\laravelPraktikum\\vendor\\laravel\\framework\\src\\Illuminate\\Foundation\\Http\\Middleware\\TransformsRequest.php(21): Illuminate\\Pipeline\\Pipeline->{closure:{closure:Illuminate\\Pipeline\\Pipeline::carry():183}:184}(Object(Illuminate\\Http\\Request))
#21 D:\\praktikum_laravel\\laravelPraktikum\\vendor\\laravel\\framework\\src\\Illuminate\\Foundation\\Http\\Middleware\\TrimStrings.php(51): Illuminate\\Foundation\\Http\\Middleware\\TransformsRequest->handle(Object(Illuminate\\Http\\Request), Object(Closure))
#22 D:\\praktikum_laravel\\laravelPraktikum\\vendor\\laravel\\framework\\src\\Illuminate\\Pipeline\\Pipeline.php(208): Illuminate\\Foundation\\Http\\Middleware\\TrimStrings->handle(Object(Illuminate\\Http\\Request), Object(Closure))
#23 D:\\praktikum_laravel\\laravelPraktikum\\vendor\\laravel\\framework\\src\\Illuminate\\Http\\Middleware\\ValidatePostSize.php(27): Illuminate\\Pipeline\\Pipeline->{closure:{closure:Illuminate\\Pipeline\\Pipeline::carry():183}:184}(Object(Illuminate\\Http\\Request))
#24 D:\\praktikum_laravel\\laravelPraktikum\\vendor\\laravel\\framework\\src\\Illuminate\\Pipeline\\Pipeline.php(208): Illuminate\\Http\\Middleware\\ValidatePostSize->handle(Object(Illuminate\\Http\\Request), Object(Closure))
#25 D:\\praktikum_laravel\\laravelPraktikum\\vendor\\laravel\\framework\\src\\Illuminate\\Foundation\\Http\\Middleware\\PreventRequestsDuringMaintenance.php(109): Illuminate\\Pipeline\\Pipeline->{closure:{closure:Illuminate\\Pipeline\\Pipeline::carry():183}:184}(Object(Illuminate\\Http\\Request))
#26 D:\\praktikum_laravel\\laravelPraktikum\\vendor\\laravel\\framework\\src\\Illuminate\\Pipeline\\Pipeline.php(208): Illuminate\\Foundation\\Http\\Middleware\\PreventRequestsDuringMaintenance->handle(Object(Illuminate\\Http\\Request), Object(Closure))
#27 D:\\praktikum_laravel\\laravelPraktikum\\vendor\\laravel\\framework\\src\\Illuminate\\Http\\Middleware\\HandleCors.php(48): Illuminate\\Pipeline\\Pipeline->{closure:{closure:Illuminate\\Pipeline\\Pipeline::carry():183}:184}(Object(Illuminate\\Http\\Request))
#28 D:\\praktikum_laravel\\laravelPraktikum\\vendor\\laravel\\framework\\src\\Illuminate\\Pipeline\\Pipeline.php(208): Illuminate\\Http\\Middleware\\HandleCors->handle(Object(Illuminate\\Http\\Request), Object(Closure))
#29 D:\\praktikum_laravel\\laravelPraktikum\\vendor\\laravel\\framework\\src\\Illuminate\\Http\\Middleware\\TrustProxies.php(58): Illuminate\\Pipeline\\Pipeline->{closure:{closure:Illuminate\\Pipeline\\Pipeline::carry():183}:184}(Object(Illuminate\\Http\\Request))
#30 D:\\praktikum_laravel\\laravelPraktikum\\vendor\\laravel\\framework\\src\\Illuminate\\Pipeline\\Pipeline.php(208): Illuminate\\Http\\Middleware\\TrustProxies->handle(Object(Illuminate\\Http\\Request), Object(Closure))
#31 D:\\praktikum_laravel\\laravelPraktikum\\vendor\\laravel\\framework\\src\\Illuminate\\Foundation\\Http\\Middleware\\InvokeDeferredCallbacks.php(22): Illuminate\\Pipeline\\Pipeline->{closure:{closure:Illuminate\\Pipeline\\Pipeline::carry():183}:184}(Object(Illuminate\\Http\\Request))
#32 D:\\praktikum_laravel\\laravelPraktikum\\vendor\\laravel\\framework\\src\\Illuminate\\Pipeline\\Pipeline.php(208): Illuminate\\Foundation\\Http\\Middleware\\InvokeDeferredCallbacks->handle(Object(Illuminate\\Http\\Request), Object(Closure))
#33 D:\\praktikum_laravel\\laravelPraktikum\\vendor\\laravel\\framework\\src\\Illuminate\\Http\\Middleware\\ValidatePathEncoding.php(26): Illuminate\\Pipeline\\Pipeline->{closure:{closure:Illuminate\\Pipeline\\Pipeline::carry():183}:184}(Object(Illuminate\\Http\\Request))
#34 D:\\praktikum_laravel\\laravelPraktikum\\vendor\\laravel\\framework\\src\\Illuminate\\Pipeline\\Pipeline.php(208): Illuminate\\Http\\Middleware\\ValidatePathEncoding->handle(Object(Illuminate\\Http\\Request), Object(Closure))
#35 D:\\praktikum_laravel\\laravelPraktikum\\vendor\\laravel\\framework\\src\\Illuminate\\Pipeline\\Pipeline.php(126): Illuminate\\Pipeline\\Pipeline->{closure:{closure:Illuminate\\Pipeline\\Pipeline::carry():183}:184}(Object(Illuminate\\Http\\Request))
#36 D:\\praktikum_laravel\\laravelPraktikum\\vendor\\laravel\\framework\\src\\Illuminate\\Foundation\\Http\\Kernel.php(175): Illuminate\\Pipeline\\Pipeline->then(Object(Closure))
#37 D:\\praktikum_laravel\\laravelPraktikum\\vendor\\laravel\\framework\\src\\Illuminate\\Foundation\\Http\\Kernel.php(144): Illuminate\\Foundation\\Http\\Kernel->sendRequestThroughRouter(Object(Illuminate\\Http\\Request))
#38 D:\\praktikum_laravel\\laravelPraktikum\\vendor\\laravel\\framework\\src\\Illuminate\\Foundation\\Application.php(1219): Illuminate\\Foundation\\Http\\Kernel->handle(Object(Illuminate\\Http\\Request))
#39 D:\\praktikum_laravel\\laravelPraktikum\\public\\index.php(20): Illuminate\\Foundation\\Application->handleRequest(Object(Illuminate\\Http\\Request))
#40 D:\\praktikum_laravel\\laravelPraktikum\\vendor\\laravel\\framework\\src\\Illuminate\\Foundation\\resources\\server.php(23): require_once('D:\\\\praktikum_la...')
#41 {main}
"} 
